collection,name,sensing_start_utc,publication_utc,content_bytes,platform,tile_id,cloud_cover,relative_orbit,orbit_direction,product_type
sentinel2_l2a,S2B_MSIL2A_20260628T045659_N0512_R119_T45RUM_20260628T084920.SAFE,2026-06-28T04:56:59.024000Z,2026-06-28T09:35:57.767248Z,822063423,B,45RUM,86.779892,119,,S2MSI2A
sentinel1_grd,S1D_IW_GRDH_1SDV_20260629T122138_20260629T122203_003451_006174_F84B.SAFE,2026-06-29T12:21:38.502145Z,2026-06-29T15:17:49.388306Z,1734826016,D,,,85,ASCENDING,IW_GRDH_1S
sentinel2_l2a,S2C_MSIL2A_20260630T044701_N0512_R076_T45RUM_20260630T093015.SAFE,2026-06-30T04:47:01.025000Z,2026-06-30T10:20:03.774631Z,391156694,C,45RUM,92.198044,76,,S2MSI2A
sentinel1_grd,S1D_IW_GRDH_1SDV_20260702T001034_20260702T001059_003487_0062AB_5083.SAFE,2026-07-02T00:10:34.479633Z,2026-07-02T04:05:16.764853Z,1718390620,D,,,121,DESCENDING,IW_GRDH_1S
sentinel2_l2a,S2A_MSIL2A_20260702T045241_N0512_R076_T45RUM_20260702T095512.SAFE,2026-07-02T04:52:41.024000Z,2026-07-02T10:57:32.238197Z,692012634,A,45RUM,55.91132,76,,S2MSI2A
sentinel2_l2a,S2C_MSIL2A_20260703T045701_N0512_R119_T45RUM_20260703T095511.SAFE,2026-07-03T04:57:01.025000Z,2026-07-03T11:00:42.514357Z,1114808917,C,45RUM,44.403166,119,,S2MSI2A
sentinel2_l2a,S2B_MSIL2A_20260705T044659_N0512_R076_T45RUM_20260705T083506.SAFE,2026-07-05T04:46:59.024000Z,2026-07-05T09:17:03.678677Z,633768128,B,45RUM,64.30285,76,,S2MSI2A
sentinel1_grd,S1D_IW_GRDH_1SDV_20260707T001841_20260707T001906_003560_006530_3F50.SAFE,2026-07-07T00:18:41.961719Z,2026-07-07T04:03:01.600415Z,1718716425,D,,,19,DESCENDING,IW_GRDH_1S
sentinel2_l2a,S2B_MSIL2A_20260708T045659_N0512_R119_T45RUM_20260708T084403.SAFE,2026-07-08T04:56:59.024000Z,2026-07-08T09:27:45.716758Z,901011404,B,45RUM,89.433187,119,,S2MSI2A
sentinel2_l2a,S2C_MSIL2A_20260710T044701_N0512_R076_T45RUM_20260710T095809.SAFE,2026-07-10T04:47:01.025000Z,2026-07-10T11:00:14.373894Z,592407999,C,45RUM,74.48352,76,,S2MSI2A
sentinel1_grd,S1D_IW_GRDH_1SDV_20260711T122139_20260711T122204_003626_00675A_805D.SAFE,2026-07-11T12:21:39.156915Z,2026-07-11T15:12:06.438568Z,1734852254,D,,,85,ASCENDING,IW_GRDH_1S
sentinel2_l2a,S2C_MSIL2A_20260713T045701_N0512_R119_T45RUM_20260713T095014.SAFE,2026-07-13T04:57:01.024000Z,2026-07-13T10:46:54.082389Z,713959523,C,45RUM,95.204401,119,,S2MSI2A
sentinel1_grd,S1D_IW_GRDH_1SDV_20260714T001035_20260714T001100_003662_00689F_377F.SAFE,2026-07-14T00:10:35.266153Z,2026-07-14T03:51:40.822527Z,1718366444,D,,,121,DESCENDING,IW_GRDH_1S
sentinel2_l2a,S2B_MSIL2A_20260715T044659_N0512_R076_T45RUM_20260715T083355.SAFE,2026-07-15T04:46:59.024000Z,2026-07-15T09:15:35.493490Z,565760575,B,45RUM,78.187168,76,,S2MSI2A
sentinel2_l2a,S2A_MSIL2A_20260715T050241_N0512_R119_T45RUM_20260715T100502.SAFE,2026-07-15T05:02:41.024000Z,2026-07-15T11:07:26.456956Z,892963740,A,45RUM,82.464522,119,,S2MSI2A
sentinel2_l2a,S2B_MSIL2A_20260718T045659_N0512_R119_T45RUM_20260718T085032.SAFE,2026-07-18T04:56:59.024000Z,2026-07-18T09:33:48.184876Z,765682821,B,45RUM,93.861485,119,,S2MSI2A
sentinel1_grd,S1D_IW_GRDH_1SDV_20260719T001842_20260719T001907_003735_006B26_3BF9.SAFE,2026-07-19T00:18:42.901015Z,2026-07-19T04:03:36.175876Z,1718785681,D,,,19,DESCENDING,IW_GRDH_1S
sentinel2_l2a,S2C_MSIL2A_20260720T044701_N0512_R076_T45RUM_20260720T095911.SAFE,2026-07-20T04:47:01.025000Z,2026-07-20T11:13:27.191308Z,596028322,C,45RUM,76.903105,76,,S2MSI2A
sentinel2_l2a,S2A_MSIL2A_20260722T045241_N0512_R076_T45RUM_20260722T095321.SAFE,2026-07-22T04:52:41.024000Z,2026-07-22T10:56:09.269473Z,618418092,A,45RUM,67.730594,76,,S2MSI2A
sentinel2_l2a,S2C_MSIL2A_20260723T045701_N0512_R119_T45RUM_20260723T095515.SAFE,2026-07-23T04:57:01.024000Z,2026-07-23T10:57:04.264386Z,982725834,C,45RUM,72.013122,119,,S2MSI2A
sentinel1_grd,S1D_IW_GRDH_1SDV_20260723T122140_20260723T122205_003801_006D5D_CDAA.SAFE,2026-07-23T12:21:40.113411Z,2026-07-23T15:15:00.951605Z,1732899291,D,,,85,ASCENDING,IW_GRDH_1S
sentinel2_l2a,S2B_MSIL2A_20260725T044659_N0512_R076_T45RUM_20260725T083358.SAFE,2026-07-25T04:46:59.024000Z,2026-07-25T09:14:39.338177Z,544743566,B,45RUM,85.772127,76,,S2MSI2A
sentinel1_grd,S1D_IW_GRDH_1SDV_20260726T001036_20260726T001101_003837_006EA0_D50F.SAFE,2026-07-26T00:10:36.110571Z,2026-07-26T02:28:49.710216Z,1718434416,D,,,121,DESCENDING,IW_GRDH_1S
sentinel2_l2a,S2B_MSIL2A_20260728T045659_N0512_R119_T45RUM_20260728T104345.SAFE,2026-07-28T04:56:59.024000Z,2026-07-28T11:33:18.207903Z,928052988,B,45RUM,74.358648,119,,S2MSI2A
sentinel2_l2a,S2C_MSIL2A_20260730T044701_N0512_R076_T45RUM_20260730T094910.SAFE,2026-07-30T04:47:01.025000Z,2026-07-30T10:58:30.336597Z,455142956,C,45RUM,99.891651,76,,S2MSI2A
sentinel1_grd,S1D_IW_GRDH_1SDV_20260731T001843_20260731T001908_003910_007127_A008.SAFE,2026-07-31T00:18:43.440067Z,2026-07-31T04:09:19.451216Z,1718852035,D,,,19,DESCENDING,IW_GRDH_1S
sentinel2_l2a,S2C_MSIL2A_20260802T045701_N0512_R119_T45RUM_20260802T095114.SAFE,2026-08-02T04:57:01.025000Z,2026-08-02T10:51:55.847634Z,732855890,C,45RUM,99.55588,119,,S2MSI2A
sentinel2_l2a,S2B_MSIL2A_20260804T044659_N0512_R076_T45RUM_20260804T083355.SAFE,2026-08-04T04:46:59.024000Z,2026-08-04T09:12:47.531069Z,579572995,B,45RUM,80.390173,76,,S2MSI2A
sentinel2_l2a,S2A_MSIL2A_20260804T050241_N0512_R119_T45RUM_20260804T114612.SAFE,2026-08-04T05:02:41.024000Z,2026-08-04T12:47:52.273901Z,901998262,A,45RUM,83.47609,119,,S2MSI2A
sentinel1_grd,S1D_IW_GRDH_1SDV_20260804T122140_20260804T122205_003976_00737A_6F58.SAFE,2026-08-04T12:21:40.493161Z,2026-08-04T15:12:05.904170Z,1732968049,D,,,85,ASCENDING,IW_GRDH_1S
sentinel1_grd,S1D_IW_GRDH_1SDV_20260807T001036_20260807T001101_004012_0074B7_3F2D.SAFE,2026-08-07T00:10:36.458291Z,2026-08-07T02:19:32.499005Z,1718459803,D,,,121,DESCENDING,IW_GRDH_1S
sentinel2_l2a,S2B_MSIL2A_20260807T045659_N0512_R119_T45RUM_20260807T084539.SAFE,2026-08-07T04:56:59.024000Z,2026-08-07T09:32:58.927761Z,1029620877,B,45RUM,63.177466,119,,S2MSI2A
sentinel2_l2a,S2C_MSIL2A_20260809T044701_N0512_R076_T45RUM_20260809T095114.SAFE,2026-08-09T04:47:01.025000Z,2026-08-09T10:58:04.374273Z,610451280,C,45RUM,79.045314,76,,S2MSI2A
sentinel2_l2a,S2A_MSIL2A_20260811T045241_N0512_R076_T45RUM_20260811T100012.SAFE,2026-08-11T04:52:41.024000Z,2026-08-11T11:11:56.660431Z,655922968,A,45RUM,61.064899,76,,S2MSI2A
sentinel1_grd,S1D_IW_GRDH_1SDV_20260812T001844_20260812T001909_004085_007738_F2A0.SAFE,2026-08-12T00:18:44.017122Z,2026-08-12T04:12:19.787465Z,1718809363,D,,,19,DESCENDING,IW_GRDH_1S
sentinel2_l2a,S2C_MSIL2A_20260812T045701_N0512_R119_T45RUM_20260812T100317.SAFE,2026-08-12T04:57:01.025000Z,2026-08-12T11:08:22.630923Z,1142906699,C,45RUM,18.746611,119,,S2MSI2A
sentinel2_l2a,S2B_MSIL2A_20260814T044659_N0512_R076_T45RUM_20260814T083006.SAFE,2026-08-14T04:46:59.024000Z,2026-08-14T09:03:49.319731Z,362940521,B,45RUM,62.630904,76,,S2MSI2A
sentinel1_grd,S1D_IW_GRDH_1SDV_20260816T122141_20260816T122206_004151_007980_C3AB.SAFE,2026-08-16T12:21:41.058298Z,2026-08-16T15:05:57.322005Z,1732874277,D,,,85,ASCENDING,IW_GRDH_1S
sentinel2_l2a,S2B_MSIL2A_20260817T045659_N0512_R119_T45RUM_20260817T084758.SAFE,2026-08-17T04:56:59.024000Z,2026-08-17T09:32:01.662380Z,788136598,B,45RUM,97.080457,119,,S2MSI2A
sentinel1_grd,S1D_IW_GRDH_1SDV_20260819T001036_20260819T001101_004187_007ABD_DC16.SAFE,2026-08-19T00:10:36.889384Z,2026-08-19T02:22:06.569177Z,1718369620,D,,,121,DESCENDING,IW_GRDH_1S
sentinel2_l2a,S2C_MSIL2A_20260819T044701_N0512_R076_T45RUM_20260819T095714.SAFE,2026-08-19T04:47:01.025000Z,2026-08-19T11:03:57.663712Z,579693509,C,45RUM,84.667307,76,,S2MSI2A
sentinel2_l2a,S2C_MSIL2A_20260822T045651_N0512_R119_T45RUM_20260822T095910.SAFE,2026-08-22T04:56:51.024000Z,2026-08-22T11:03:47.505607Z,919670139,C,45RUM,78.243607,119,,S2MSI2A
sentinel1_grd,S1D_IW_GRDH_1SDV_20260824T001844_20260824T001909_004260_007D5D_EDEC.SAFE,2026-08-24T00:18:44.555468Z,2026-08-24T04:13:41.798355Z,1718849429,D,,,19,DESCENDING,IW_GRDH_1S
sentinel2_l2a,S2B_MSIL2A_20260824T044659_N0512_R076_T45RUM_20260824T083447.SAFE,2026-08-24T04:46:59.024000Z,2026-08-24T09:16:19.883357Z,705362589,B,45RUM,38.568816,76,,S2MSI2A
sentinel2_l2a,S2A_MSIL2A_20260824T050231_N0512_R119_T45RUM_20260824T115710.SAFE,2026-08-24T05:02:31.024000Z,2026-08-24T13:03:17.165977Z,1069015437,A,45RUM,50.966662,119,,S2MSI2A
