oreum_id,official_record_no,name,city,address,altitude_m,area_m2,shape,attachment_status,location_status,location_grade,lat,lon,permit_context_count,farmmap_state_grade,farmmap_class,farmmap_pnu,model_status,model_screen_class,rgb_review_label,rgb_persistent_change,official_causal_grade,selective_decision
JJ-OREUM-001,1,가마오름,제주시,제주특별자치도 제주시 한경면 청수리 1202,140.5,154486.0,말굽형(북동향),corroborated,resolved_offline_osm_peak,C,33.3055566,126.2469945,1,U,,,screen_complete_existing_v6,low_or_unstable,pending,pending,U,abstain
JJ-OREUM-002,2,가메오름,제주시,제주특별자치도 제주시 애월읍 봉성리 산124,372.2,28371.0,복합형,corroborated,unresolved,U,,,0,U,,,pending_v7_multi_window_gate,,pending,pending,U,abstain
JJ-OREUM-003,3,가메옥,제주시,제주특별자치도 제주시 구좌읍 송당리 1712,368.0,22764.0,복합형,corroborated,unresolved,U,,,3,U,,,pending_v7_multi_window_gate,,pending,pending,U,abstain
JJ-OREUM-004,4,가메창,제주시,제주특별자치도 제주시 한경면 저지리 1496,145.8,17037.0,원형,corroborated,unresolved,U,,,2,U,,,pending_v7_multi_window_gate,,pending,pending,U,abstain
JJ-OREUM-005,5,가문이오름,서귀포시,제주특별자치도 서귀포시 표선면 가시리 산158-2,496.2,116176.0,말굽형(남서향),not_in_attachment_scope,resolved_offline_osm_peak,C,33.4016666,126.6881031,0,U,,,screen_complete_existing_v6,low_or_unstable,pending,pending,U,abstain
JJ-OREUM-006,6,가새기오름,제주시,제주특별자치도 제주시 오라삼동 2845,115.0,17198.0,원추형,conflict,unresolved,U,,,4,U,,,pending_v7_multi_window_gate,,pending,pending,U,abstain
JJ-OREUM-007,7,가세오름,서귀포시,제주특별자치도 서귀포시 표선면 토산리 산2,200.5,373099.0,말굽형(서향),not_in_attachment_scope,resolved_offline_osm_peak,C,33.3301417,126.7813194,0,U,,,screen_complete_existing_v6,low_or_unstable,pending,pending,U,abstain
JJ-OREUM-008,8,가시오름,서귀포시,제주특별자치도 서귀포시 대정읍 동일리 1209,106.5,263863.0,말굽형(남서향),not_in_attachment_scope,resolved_offline_osm_peak,C,33.2470481,126.2431521,0,U,,,screen_complete_existing_v6,low_or_unstable,pending,pending,U,abstain
JJ-OREUM-009,9,각시바위,서귀포시,제주특별자치도 서귀포시 호근동 2112,395.0,585988.0,원추형,not_in_attachment_scope,resolved_offline_osm_peak,C,33.27678,126.52611,0,U,,,screen_complete_existing_v6,high_stable,cloud_haze_shadow,no,U,abstain
JJ-OREUM-010,10,감낭오름,서귀포시,제주특별자치도 서귀포시 안덕면 동광리 산41,439.8,117413.0,말굽형(북동향),not_in_attachment_scope,resolved_offline_osm_peak,C,33.3249271,126.3501773,0,U,,,screen_complete_existing_v6,low_or_unstable,pending,pending,U,abstain
JJ-OREUM-011,11,감은이오름,제주시,제주특별자치도 제주시 구좌읍 송당리 산 297,317.2,144548.0,원형,corroborated,resolved_offline_osm_peak,C,33.423607,126.7411155,3,U,,,screen_complete_existing_v6,low_or_unstable,pending,pending,U,abstain
JJ-OREUM-012,12,갑선이오름,서귀포시,제주특별자치도 서귀포시 표선면 가시리 산 2,188.2,252799.0,말굽형(서남향),not_in_attachment_scope,resolved_offline_osm_peak,C,33.3608555,126.7816683,0,U,,,screen_complete_existing_v6,low_or_unstable,pending,pending,U,abstain
JJ-OREUM-013,13,개오름,서귀포시,제주특별자치도 서귀포시 표선면 성읍리 2974,344.7,338028.0,원추형,not_in_attachment_scope,resolved_offline_osm_peak,C,33.4226308,126.7719182,0,U,,,screen_complete_existing_v6,moderate_stable,pending,pending,U,abstain
JJ-OREUM-014,14,개오리오름,제주시,제주특별자치도 제주시 봉개동 산78-1,743.0,640913.0,복합형,corroborated,unresolved,U,,,2,U,,,pending_v7_multi_window_gate,,pending,pending,U,abstain
JJ-OREUM-015,15,갯거리오름,서귀포시,제주특별자치도 서귀포시 대포동 산1-8,708.4,64003.0,원추형,not_in_attachment_scope,unresolved,U,,,0,U,,,pending_v7_multi_window_gate,,pending,pending,U,abstain
JJ-OREUM-016,16,갯거리오름,제주시,제주특별자치도 제주시 한림읍 명월리 15,253.5,123623.0,말굽형(서향),corroborated,resolved_offline_osm_peak,C,33.3757714,126.2927168,1,U,,,screen_complete_existing_v6,low_or_unstable,pending,pending,U,abstain
JJ-OREUM-017,17,거린(족은)오름,서귀포시,제주특별자치도 서귀포시 남원읍 한남리 산2-1,493.2,315285.0,말굽형(남동향),not_in_attachment_scope,unresolved,U,,,0,U,,,pending_v7_multi_window_gate,,pending,pending,U,abstain
JJ-OREUM-018,18,거린(큰)오름,서귀포시,제주특별자치도 서귀포시 남원읍 한남리 산2-1,532.7,369143.0,말굽형(북서향),not_in_attachment_scope,unresolved,U,,,0,U,,,pending_v7_multi_window_gate,,pending,pending,U,abstain
JJ-OREUM-019,19,거린사슴,서귀포시,제주특별자치도 서귀포시 대포동 산 2-1,742.9,286247.0,말굽형(서향),not_in_attachment_scope,resolved_offline_osm_peak,C,33.3096056,126.4542361,0,U,,,screen_complete_existing_v6,high_unstable,pending,pending,U,abstain
JJ-OREUM-020,20,거린오름,서귀포시,제주특별자치도 서귀포시 안덕면 동광리 산94,298.2,247021.0,원추형,not_in_attachment_scope,resolved_offline_osm_peak,C,33.3031239,126.3319606,0,U,,,screen_complete_existing_v6,high_unstable,pending,pending,U,abstain
JJ-OREUM-021,21,거문오름,제주시,제주특별자치도 제주시 조천읍 선흘리 산102-1,456.6,809860.0,복합형,corroborated,resolved_offline_osm_peak,C,33.4547869,126.7182215,4,U,,,screen_complete_existing_v6,low_or_unstable,pending,pending,U,abstain
JJ-OREUM-022,22,거미오름,제주시,제주특별자치도 제주시 구좌읍 종달리 산70,340.0,466283.0,복합형,corroborated,resolved_offline_osm_peak,C,33.4488981,126.8035498,2,U,,,screen_complete_existing_v6,low_or_unstable,pending,pending,U,abstain
JJ-OREUM-023,23,거슨세미,제주시,제주특별자치도 제주시 구좌읍 송당리 산145,380.0,661438.0,말굽형(서향),corroborated,unresolved,U,,,3,U,,,pending_v7_multi_window_gate,,pending,pending,U,abstain
JJ-OREUM-024,24,거친오름,제주시,제주특별자치도 제주시 구좌읍 송당리 산84-2,354.6,197468.0,복합형,corroborated,resolved_offline_osm_peak,C,33.4596557,126.7405561,3,U,,,screen_complete_existing_v6,low_or_unstable,pending,pending,U,abstain
JJ-OREUM-025,25,거친오름,제주시,제주특별자치도 제주시 봉개동 산66,618.5,493952.0,말굽형(북향),corroborated,resolved_offline_osm_peak,C,33.4447383,126.6201097,2,U,,,screen_complete_existing_v6,low_or_unstable,pending,pending,U,abstain
JJ-OREUM-026,26,걸리오름,서귀포시,제주특별자치도 서귀포시 성산읍 신풍리 1575,123.8,11449.0,원추형,not_in_attachment_scope,resolved_offline_osm_peak,C,33.3764452,126.8154541,0,U,,,screen_complete_existing_v6,low_or_unstable,pending,pending,U,abstain
JJ-OREUM-027,27,걸서악(동걸세),서귀포시,제주특별자치도 서귀포시 남원읍 하례리 산124,158.0,58199.0,원추형,not_in_attachment_scope,resolved_offline_osm_peak,C,33.2823139,126.6197944,0,C,과수,5013025328201270001,screen_complete_existing_v6,low_or_unstable,pending,pending,U,abstain
JJ-OREUM-028,28,걸서악(서걸세),서귀포시,제주특별자치도 서귀포시 남원읍 하례리 산138,150.0,69970.0,원추형,not_in_attachment_scope,unresolved,U,,,0,U,,,pending_v7_multi_window_gate,,pending,pending,U,abstain
JJ-OREUM-029,29,걸시오름,제주시,제주특별자치도 제주시 연동 산150,732.4,277449.0,말굽형(북향),corroborated,unresolved,U,,,0,U,,,pending_v7_multi_window_gate,,pending,pending,U,abstain
JJ-OREUM-030,30,검은덕이,제주시,제주특별자치도 제주시 애월읍 소길리 산118,401.5,57156.0,원추형,corroborated,unresolved,U,,,2,U,,,pending_v7_multi_window_gate,,pending,pending,U,abstain
JJ-OREUM-031,31,검은들먹오름,제주시,제주특별자치도 제주시 애월읍 봉성리 산1,712.4,120797.0,말굽형(북향),conflict,resolved_offline_osm_peak,C,33.3625652,126.4063162,0,U,,,screen_complete_existing_v6,high_unstable,pending,pending,U,abstain
JJ-OREUM-032,32,검은오름,제주시,제주특별자치도 제주시 연동 산110,438.8,702094.0,말굽형(북향),corroborated,resolved_offline_osm_peak,C,33.4427975,126.4977501,0,U,,,screen_complete_existing_v6,high_unstable,pending,pending,U,abstain
JJ-OREUM-033,33,고근산,서귀포시,제주특별자치도 서귀포시 서호동 1286-1,396.2,1204428.0,원형,not_in_attachment_scope,resolved_offline_osm_peak,C,33.2668804,126.5137393,0,U,,,screen_complete_existing_v6,high_unstable,pending,pending,U,abstain
JJ-OREUM-034,34,고내봉,제주시,제주특별자치도 제주시 애월읍 고내리 산3-1,175.3,739484.0,복합형,corroborated,resolved_offline_osm_peak,C,33.4593322,126.3414694,0,U,,,screen_complete_existing_v6,low_or_unstable,pending,pending,U,abstain
JJ-OREUM-035,35,고냉이슬,제주시,제주특별자치도 제주시 봉개동 165,304.5,1136315.0,원형,corroborated,unresolved,U,,,2,U,,,pending_v7_multi_window_gate,,pending,pending,U,abstain
JJ-OREUM-036,36,고이악,서귀포시,제주특별자치도 서귀포시 남원읍 한남리 산16,302.0,90743.0,말굽형(북서향),not_in_attachment_scope,resolved_offline_osm_peak,C,33.3190332,126.6605969,0,U,,,screen_complete_existing_v6,low_or_unstable,cloud_haze_shadow,no,U,abstain
JJ-OREUM-037,37,골머리,제주시,제주특별자치도 제주시 노형동 산20,848.4,54036.0,원추형,corroborated,ambiguous,U,,,11,U,,,pending_v7_multi_window_gate,,pending,pending,U,abstain
JJ-OREUM-038,38,골체오름,제주시,제주특별자치도 제주시 조천읍 선흘리 1912,395.3,25726.0,말굽형(남서향),corroborated,unresolved,U,,,4,U,,,pending_v7_multi_window_gate,,pending,pending,U,abstain
JJ-OREUM-039,39,과오름,제주시,제주특별자치도 제주시 애월읍 곽지리 산4,155.0,267254.0,말굽형(북서향),corroborated,resolved_offline_osm_peak,C,33.446247,126.3231774,2,U,,,screen_complete_existing_v6,low_or_unstable,pending,pending,U,abstain
JJ-OREUM-040,40,광이오름,제주시,제주특별자치도 제주시 연동 산62,266.8,236701.0,말굽형(남동향),corroborated,resolved_offline_osm_peak,C,33.4680422,126.4954659,0,U,,,screen_complete_existing_v6,low_or_unstable,pending,pending,U,abstain
JJ-OREUM-041,41,괭이모루,제주시,제주특별자치도 제주시 구좌읍 송당리 산198,253.2,89301.0,말굽형(동북향),corroborated,resolved_offline_osm_peak,C,33.4618609,126.780749,3,U,,,screen_complete_existing_v6,low_or_unstable,pending,pending,U,abstain
JJ-OREUM-042,42,괴수치,서귀포시,제주특별자치도 서귀포시 안덕면 광평리 산79,558.7,99640.0,원형,not_in_attachment_scope,unresolved,U,,,0,U,,,pending_v7_multi_window_gate,,pending,pending,U,abstain
JJ-OREUM-043,43,괴오름,제주시,제주특별자치도 제주시 애월읍 봉성리 산41,653.3,379587.0,말굽형(북향),corroborated,resolved_offline_osm_peak,C,33.3585579,126.3794774,0,U,,,screen_complete_existing_v6,low_or_unstable,pending,pending,U,abstain
JJ-OREUM-044,44,구그네오름,제주시,제주특별자치도 제주시 조천읍 와흘리 957,237.4,38935.0,원추형,corroborated,unresolved,U,,,0,U,,,pending_v7_multi_window_gate,,pending,pending,U,abstain
JJ-OREUM-045,45,구두리오름,서귀포시,제주특별자치도 서귀포시 표선면 가시리 산158-2,517.0,451437.0,말굽형(동향),not_in_attachment_scope,resolved_offline_osm_peak,C,33.4099502,126.6878956,0,U,,,screen_complete_existing_v6,low_or_unstable,pending,pending,U,abstain
JJ-OREUM-046,46,구산봉,서귀포시,제주특별자치도 서귀포시 하원동 1180-2,174.2,186940.0,말굽형(동남향),not_in_attachment_scope,unresolved,U,,,0,U,,,pending_v7_multi_window_gate,,pending,pending,U,abstain
JJ-OREUM-047,47,군산,서귀포시,제주특별자치도 서귀포시 안덕면 창천리 564,334.5,2836857.0,원추형(라바돔),not_in_attachment_scope,resolved_offline_osm_peak,C,33.253086,126.3702135,0,U,,,screen_complete_existing_v6,low_or_unstable,pending,pending,U,abstain
JJ-OREUM-048,48,굽은오름,제주시,제주특별자치도 제주시 한경면 조수리 3855,96.0,296443.0,복합형,conflict,resolved_offline_osm_peak,C,33.2991306,126.212275,5,U,,,screen_complete_existing_v6,low_or_unstable,pending,pending,U,abstain
JJ-OREUM-049,49,궁대악,서귀포시,제주특별자치도 서귀포시 성산읍 수산리 4711,238.8,209701.0,복합형,not_in_attachment_scope,resolved_offline_osm_peak,C,33.4355941,126.8231061,3,U,,,screen_complete_existing_v6,low_or_unstable,pending,pending,U,abstain
JJ-OREUM-050,50,궁산,서귀포시,제주특별자치도 서귀포시 강정동 3712,187.0,73912.0,말굽형(북향),not_in_attachment_scope,resolved_offline_osm_peak,C,33.2638635,126.4806147,0,C,비경지,5013011600137470000,screen_complete_existing_v6,low_or_unstable,pending,pending,U,abstain
JJ-OREUM-051,51,권제오름,제주시,제주특별자치도 제주시 아라일동 350,297.7,43039.0,원추형,corroborated,ambiguous,U,,,1,U,,,pending_v7_multi_window_gate,,pending,pending,U,abstain
JJ-OREUM-052,52,궤펜이,제주시,제주특별자치도 제주시 조천읍 교래리 산137-1,792.1,529149.0,원형,corroborated,resolved_offline_osm_peak,C,33.3941071,126.6338977,6,U,,,screen_complete_existing_v6,low_or_unstable,pending,pending,U,abstain
JJ-OREUM-053,53,궷물오름,제주시,제주특별자치도 제주시 애월읍 유수암리 산136-6,597.2,138366.0,말굽형(북동향),conflict,resolved_offline_osm_peak,C,33.396976,126.405954,6,U,,,screen_complete_existing_v6,low_or_unstable,pending,pending,U,abstain
JJ-OREUM-054,54,극락오름,제주시,제주특별자치도 제주시 애월읍 고성리 산3,313.5,131583.0,말굽형(북서향),corroborated,ambiguous,U,,,0,U,,,pending_v7_multi_window_gate,,pending,pending,U,abstain
JJ-OREUM-055,55,금산,서귀포시,제주특별자치도 서귀포시 안덕면 사계리 3152-2,63.5,67769.0,원추형,not_in_attachment_scope,resolved_offline_osm_peak,C,33.2351332,126.2853977,0,U,,,screen_complete_existing_v6,low_or_unstable,pending,pending,U,abstain
JJ-OREUM-056,56,금오름,제주시,제주특별자치도 제주시 한림읍 금악리 산1-1,427.5,613966.0,원형(화구호),corroborated,resolved_offline_osm_peak,C,33.3546336,126.3058247,13,U,,,screen_complete_existing_v6,low_or_unstable,pending,pending,U,abstain
JJ-OREUM-057,57,까그래기,제주시,제주특별자치도 제주시 조천읍 교래리 128,429.0,132944.0,원형,corroborated,unresolved,U,,,6,U,,,pending_v7_multi_window_gate,,pending,pending,U,abstain
JJ-OREUM-058,58,꾀꼬리오름,제주시,제주특별자치도 제주시 조천읍 대흘리 산33,428.3,110674.0,말굽형(북서향),corroborated,unresolved,U,,,1,U,,,pending_v7_multi_window_gate,,pending,pending,U,abstain
JJ-OREUM-059,59,나시리오름,서귀포시,제주특별자치도 서귀포시 성산읍 난산리 2683,164.0,51624.0,말굽형(북향),not_in_attachment_scope,resolved_offline_osm_peak,C,33.4145833,126.833968,0,U,,,screen_complete_existing_v6,low_or_unstable,pending,pending,U,abstain
JJ-OREUM-060,60,남산봉,서귀포시,제주특별자치도 서귀포시 성산읍 신풍리 1657-1,178.8,185332.0,원형,not_in_attachment_scope,resolved_offline_osm_peak,C,33.3833961,126.8124489,0,U,,,screen_complete_existing_v6,low_or_unstable,pending,pending,U,abstain
JJ-OREUM-061,61,남송이오름,서귀포시,제주특별자치도 서귀포시 안덕면 서광리 산33,339.0,366531.0,복합형,not_in_attachment_scope,resolved_offline_osm_peak,C,33.3121964,126.3065836,0,U,,,screen_complete_existing_v6,moderate_stable,pending,pending,U,abstain
JJ-OREUM-062,62,남짓은오름,제주시,제주특별자치도 제주시 연동 산25,296.7,637805.0,말굽형(북서향),corroborated,unresolved,U,,,0,U,,,pending_v7_multi_window_gate,,pending,pending,U,abstain
JJ-OREUM-063,63,낭끼오름,서귀포시,제주특별자치도 서귀포시 성산읍 수산리 3954,185.1,82601.0,원형,not_in_attachment_scope,unresolved,U,,,3,U,,,pending_v7_multi_window_gate,,pending,pending,U,abstain
JJ-OREUM-064,64,넉시악,서귀포시,제주특별자치도 서귀포시 남원읍 의귀리 531-1,146.2,128854.0,말굽형(서북향),not_in_attachment_scope,unresolved,U,,,0,U,,,pending_v7_multi_window_gate,,pending,pending,U,abstain
JJ-OREUM-065,65,넙거리,서귀포시,제주특별자치도 서귀포시 남원읍 한남리 산2-1,436.6,269857.0,원형,not_in_attachment_scope,resolved_offline_osm_peak,C,33.3357241,126.6536338,0,U,,,screen_complete_existing_v6,low_or_unstable,pending,pending,U,abstain
JJ-OREUM-066,66,넙거리,제주시,제주특별자치도 제주시 조천읍 교래리 산137-1,810.0,488263.0,말굽형(서향),corroborated,unresolved,U,,,6,U,,,pending_v7_multi_window_gate,,pending,pending,U,abstain
JJ-OREUM-067,67,넙게오름,서귀포시,제주특별자치도 서귀포시 안덕면 서광리 943,246.5,260296.0,말굽형(서북향),not_in_attachment_scope,unresolved,U,,,0,U,,,pending_v7_multi_window_gate,,pending,pending,U,abstain
JJ-OREUM-068,68,노꼬메족은오름,제주시,제주특별자치도 제주시 애월읍 유수암리 산138,774.4,601440.0,말굽형(북서향),corroborated,unresolved,U,,,6,U,,,pending_v7_multi_window_gate,,pending,pending,U,abstain
JJ-OREUM-069,69,노꼬메큰오름,제주시,제주특별자치도 제주시 애월읍 유수암리 산138,833.8,923692.0,말굽형(북서향),corroborated,unresolved,U,,,6,U,,,pending_v7_multi_window_gate,,pending,pending,U,abstain
JJ-OREUM-070,70,노로오름,제주시,제주특별자치도 제주시 애월읍 유수암리 산139,1070.0,475274.0,복합형,corroborated,resolved_offline_osm_peak,C,33.3662545,126.4393034,6,U,,,screen_complete_existing_v6,low_or_unstable,pending,pending,U,abstain
JJ-OREUM-071,71,노리손이,제주시,제주특별자치도 제주시 연동 산137,616.2,222294.0,말굽형(북향),corroborated,unresolved,U,,,0,U,,,pending_v7_multi_window_gate,,pending,pending,U,abstain
JJ-OREUM-072,72,녹남봉,서귀포시,제주특별자치도 서귀포시 대정읍 신도리 1304-1,100.4,124498.0,원형,not_in_attachment_scope,resolved_offline_osm_peak,C,33.2793603,126.1958761,0,U,,,screen_complete_existing_v6,low_or_unstable,pending,pending,U,abstain
JJ-OREUM-073,73,녹하지악,서귀포시,제주특별자치도 서귀포시 중문동 산5,620.5,340236.0,원추형,not_in_attachment_scope,resolved_offline_osm_peak,C,33.3046417,126.4308806,0,U,,,screen_complete_existing_v6,high_stable,cloud_haze_shadow,no,U,abstain
JJ-OREUM-074,74,논고악,서귀포시,제주특별자치도 서귀포시 남원읍 신례리 산2-1,843.0,567616.0,원형,not_in_attachment_scope,resolved_offline_osm_peak,C,33.3596491,126.6104757,0,U,,,screen_complete_existing_v6,low_or_unstable,pending,pending,U,abstain
JJ-OREUM-075,75,논오름,서귀포시,제주특별자치도 서귀포시 안덕면 화순리 12-1,186.0,92566.0,말굽형(북동향),not_in_attachment_scope,resolved_offline_osm_peak,C,33.27132,126.3376107,0,U,,,screen_complete_existing_v6,low_or_unstable,pending,pending,U,abstain
JJ-OREUM-076,76,논오름,제주시,제주특별자치도 제주시 삼양일동 558-1,52.5,16244.0,원추형,corroborated,unresolved,U,,,1,U,,,pending_v7_multi_window_gate,,pending,pending,U,abstain
JJ-OREUM-077,77,높은오름,제주시,제주특별자치도 제주시 구좌읍 송당리 산213-1,405.3,951657.0,원형,corroborated,resolved_offline_osm_peak,C,33.4564687,126.7930234,3,U,,,screen_complete_existing_v6,low_or_unstable,pending,pending,U,abstain
JJ-OREUM-078,78,누운오름,제주시,제주특별자치도 제주시 애월읍 광령리 산183-6,1711.2,144548.0,원추형,conflict,unresolved,U,,,7,U,,,pending_v7_multi_window_gate,,pending,pending,U,abstain
JJ-OREUM-079,79,누운오름,제주시,제주특별자치도 제주시 한림읍 금악리 산10-5,407.0,420021.0,복합형,corroborated,resolved_offline_osm_peak,C,33.3623643,126.3312331,13,U,,,screen_complete_existing_v6,low_or_unstable,pending,pending,U,abstain
JJ-OREUM-080,80,눈오름,제주시,제주특별자치도 제주시 애월읍 봉성리 2952-2,131.1,51576.0,말굽형(북향),corroborated,ambiguous,U,,,0,U,,,pending_v7_multi_window_gate,,pending,pending,U,abstain
JJ-OREUM-081,81,눈오름,제주시,제주특별자치도 제주시 애월읍 장전리 1756,127.5,20780.0,말굽형(동향),corroborated,resolved_offline_osm_peak,C,33.43965,126.3702778,1,U,,,screen_complete_existing_v6,high_unstable,pending,pending,U,abstain
JJ-OREUM-082,82,눈오름,제주시,제주특별자치도 제주시 해안동 166-5,203.5,105922.0,말굽형(북서향),corroborated,resolved_offline_osm_peak,C,33.4594672,126.4747987,8,U,,,screen_complete_existing_v6,high_unstable,pending,pending,U,abstain
JJ-OREUM-083,83,느지리오름,제주시,제주특별자치도 제주시 한림읍 상명리 산5,225.0,332844.0,복합형,corroborated,resolved_offline_osm_peak,C,33.3665967,126.2615851,2,U,,,screen_complete_existing_v6,low_or_unstable,pending,pending,U,abstain
JJ-OREUM-084,84,늡서리,제주시,제주특별자치도 제주시 조천읍 교래리 산119,488.9,115505.0,말굽형(북동향),corroborated,unresolved,U,,,6,U,,,pending_v7_multi_window_gate,,pending,pending,U,abstain
JJ-OREUM-085,85,능화오름,제주시,제주특별자치도 제주시 오라동 산107,975.5,194370.0,말굽형(북향),corroborated,resolved_offline_osm_peak,C,33.4002094,126.5341306,0,U,,,screen_complete_existing_v6,high_unstable,pending,pending,U,abstain
JJ-OREUM-086,86,다랑쉬,제주시,제주특별자치도 제주시 구좌읍 세화리 산6,382.4,800463.0,원형,corroborated,resolved_offline_osm_peak,C,33.4777119,126.8215284,2,U,,,screen_complete_existing_v6,low_or_unstable,pending,pending,U,abstain
JJ-OREUM-087,87,다래오름,서귀포시,제주특별자치도 서귀포시 중문동 산1-1,983.8,128686.0,말굽형(서향),not_in_attachment_scope,unresolved,U,,,0,U,,,pending_v7_multi_window_gate,,pending,pending,U,abstain
JJ-OREUM-088,88,다래오름,제주시,제주특별자치도 제주시 애월읍 어음리 산25,696.5,231752.0,말굽형(북동향),corroborated,unresolved,U,,,1,U,,,pending_v7_multi_window_gate,,pending,pending,U,abstain
JJ-OREUM-089,89,다래오름동북쪽2,제주시,제주특별자치도 제주시 애월읍 봉성리 산1,725.9,97951.0,말굽형(동향),conflict,unresolved,U,,,0,U,,,pending_v7_multi_window_gate,,pending,pending,U,abstain
JJ-OREUM-090,90,단산,서귀포시,제주특별자치도 서귀포시 안덕면 사계리 3124-1,158.0,339982.0,원추형,not_in_attachment_scope,resolved_offline_osm_peak,C,33.2428728,126.2883304,0,U,,,screen_complete_existing_v6,low_or_unstable,pending,pending,U,abstain
JJ-OREUM-091,91,달산봉,서귀포시,제주특별자치도 서귀포시 표선면 하천리 1043-1,136.5,152322.0,말굽형(동향),not_in_attachment_scope,ambiguous,U,,,0,U,,,pending_v7_multi_window_gate,,pending,pending,U,abstain
JJ-OREUM-092,92,당산봉,제주시,제주특별자치도 제주시 한경면 용수리 4705,148.0,534135.0,복합형,corroborated,resolved_offline_osm_peak,C,33.307918,126.1726059,0,U,,,screen_complete_existing_v6,low_or_unstable,pending,pending,U,abstain
JJ-OREUM-093,93,당산봉 알봉,제주시,제주특별자치도 제주시 한경면 용수리 2705,83.0,184267.0,원추형,corroborated,resolved_offline_osm_peak,C,33.3117136,126.1701472,0,U,,,screen_complete_existing_v6,low_or_unstable,pending,pending,U,abstain
JJ-OREUM-094,94,당오름,서귀포시,제주특별자치도 서귀포시 안덕면 동광리 산68-1,473.0,415293.0,원형,not_in_attachment_scope,resolved_offline_osm_peak,C,33.3340724,126.3357562,0,U,,,screen_complete_existing_v6,low_or_unstable,pending,pending,U,abstain
JJ-OREUM-095,95,당오름,제주시,제주특별자치도 제주시 구좌읍 송당리 산199-1,274.1,141135.0,말굽형(북서향),corroborated,resolved_offline_osm_peak,C,33.4666281,126.7786076,3,U,,,screen_complete_existing_v6,low_or_unstable,pending,pending,U,abstain
JJ-OREUM-096,96,당오름,제주시,제주특별자치도 제주시 조천읍 와산리 산7-1,306.4,138170.0,말굽형(남향),corroborated,resolved_offline_osm_peak,C,33.4785734,126.6876166,1,U,,,screen_complete_existing_v6,low_or_unstable,pending,pending,U,abstain
JJ-OREUM-097,97,대록산,서귀포시,제주특별자치도 서귀포시 표선면 가시리 산68,474.5,522097.0,원형,not_in_attachment_scope,resolved_offline_osm_peak,C,33.3995242,126.7291545,0,U,,,screen_complete_existing_v6,low_or_unstable,pending,pending,U,abstain
JJ-OREUM-098,98,대물동산,제주시,제주특별자치도 제주시 구좌읍 송당리 1919,232.8,31003.0,말굽형(북향),corroborated,unresolved,U,,,3,U,,,pending_v7_multi_window_gate,,pending,pending,U,abstain
JJ-OREUM-099,99,대병악,서귀포시,제주특별자치도 서귀포시 안덕면 상창리 산2-1,491.9,301657.0,말굽형(북향),not_in_attachment_scope,resolved_offline_osm_peak,C,33.3062741,126.3682261,0,U,,,screen_complete_existing_v6,high_unstable,pending,pending,U,abstain
JJ-OREUM-100,100,대수산봉,서귀포시,제주특별자치도 서귀포시 성산읍 고성리 2039-1,137.3,260522.0,원형,not_in_attachment_scope,resolved_offline_osm_peak,C,33.4400169,126.9012957,0,U,,,screen_complete_existing_v6,low_or_unstable,pending,pending,U,abstain
JJ-OREUM-101,101,대왕산,서귀포시,제주특별자치도 서귀포시 성산읍 수산리 1431,157.6,258195.0,말굽형(북서향),not_in_attachment_scope,resolved_offline_osm_peak,C,33.4564559,126.8726727,3,U,,,screen_complete_existing_v6,low_or_unstable,pending,pending,U,abstain
JJ-OREUM-102,102,대천이오름,제주시,제주특별자치도 제주시 조천읍 선흘리 산154,447.0,135971.0,말굽형(북동향),corroborated,resolved_offline_osm_peak,C,33.4513674,126.6850443,4,U,,,screen_complete_existing_v6,low_or_unstable,pending,pending,U,abstain
JJ-OREUM-103,103,더데오름,서귀포시,제주특별자치도 서귀포시 상예동 4489-1,228.4,43434.0,원추형,not_in_attachment_scope,unresolved,U,,,0,U,,,pending_v7_multi_window_gate,,pending,pending,U,abstain
JJ-OREUM-104,104,도너리오름,서귀포시,제주특별자치도 서귀포시 안덕면 동광리 산90,439.6,306369.0,복합형,not_in_attachment_scope,resolved_offline_osm_peak,C,33.326222,126.3212291,0,U,,,screen_complete_existing_v6,low_or_unstable,pending,pending,U,abstain
JJ-OREUM-105,105,도두봉,제주시,제주특별자치도 제주시 도두동 산1,65.3,80253.0,원추형,corroborated,resolved_offline_osm_peak,C,33.5080318,126.4683629,0,U,,,screen_complete_existing_v6,low_or_unstable,pending,pending,U,abstain
JJ-OREUM-106,106,도청오름,서귀포시,제주특별자치도 서귀포시 표선면 표선리 2450,100.5,152322.0,말굽형(남동향),not_in_attachment_scope,resolved_offline_osm_peak,C,33.3150392,126.815162,0,U,,,screen_complete_existing_v6,high_unstable,pending,pending,U,abstain
JJ-OREUM-107,107,독자봉,서귀포시,제주특별자치도 서귀포시 성산읍 신산리 1785,159.3,201388.0,말굽형(남동향),not_in_attachment_scope,resolved_offline_osm_peak,C,33.3880033,126.8535524,0,U,,,screen_complete_existing_v6,high_stable,cloud_haze_shadow,no,U,abstain
JJ-OREUM-108,108,돈두미오름,서귀포시,제주특별자치도 서귀포시 대정읍 영락리 1450,41.9,116242.0,원추형,not_in_attachment_scope,resolved_offline_osm_peak,C,33.249893,126.2102703,0,U,,,screen_complete_existing_v6,low_or_unstable,pending,pending,U,abstain
JJ-OREUM-109,109,돌미,서귀포시,제주특별자치도 서귀포시 성산읍 수산리 4535,186.4,33377.0,원추형,not_in_attachment_scope,unresolved,U,,,3,U,,,pending_v7_multi_window_gate,,pending,pending,U,abstain
JJ-OREUM-110,110,돌오름,서귀포시,제주특별자치도 서귀포시 안덕면 상천리 산1,865.8,406036.0,원형,not_in_attachment_scope,resolved_offline_osm_peak,C,33.337155,126.4297583,0,U,,,screen_complete_existing_v6,low_or_unstable,pending,pending,U,abstain
JJ-OREUM-111,111,돌오름,제주시,제주특별자치도 제주시 월평동 산6,1278.5,41620.0,원추형,corroborated,ambiguous,U,,,0,U,,,pending_v7_multi_window_gate,,pending,pending,U,abstain
JJ-OREUM-112,112,돔박이,서귀포시,제주특별자치도 서귀포시 안덕면 광평리 산89,521.4,68146.0,말굽형(북동향),not_in_attachment_scope,resolved_offline_osm_peak,C,33.3399161,126.3634711,0,U,,,screen_complete_existing_v6,low_or_unstable,pending,pending,U,abstain
JJ-OREUM-113,113,돔배오름,제주시,제주특별자치도 제주시 조천읍 교래리 산62,466.0,117259.0,원형,corroborated,resolved_offline_osm_peak,C,33.4293036,126.668503,6,U,,,screen_complete_existing_v6,low_or_unstable,pending,pending,U,abstain
JJ-OREUM-114,114,동수악,서귀포시,제주특별자치도 서귀포시 남원읍 한남리 산2-1,700.0,256640.0,원형(화구호),not_in_attachment_scope,resolved_offline_osm_peak,C,33.3612074,126.6276055,0,U,,,screen_complete_existing_v6,high_unstable,pending,pending,U,abstain
JJ-OREUM-115,115,동알오름,서귀포시,제주특별자치도 서귀포시 대정읍 상모리 153,45.0,82517.0,말굽형(북동향),not_in_attachment_scope,resolved_offline_osm_peak,C,33.2074283,126.2881294,0,U,,,screen_complete_existing_v6,low_or_unstable,pending,pending,U,abstain
JJ-OREUM-116,116,돝오름,제주시,제주특별자치도 제주시 구좌읍 송당리 산3,284.2,430425.0,원형,corroborated,unresolved,U,,,3,U,,,pending_v7_multi_window_gate,,pending,pending,U,abstain
JJ-OREUM-117,117,두산봉,서귀포시,제주특별자치도 서귀포시 성산읍 시흥리 2665,126.5,924938.0,복합형,not_in_attachment_scope,ambiguous,U,,,0,U,,,pending_v7_multi_window_gate,,pending,pending,U,abstain
JJ-OREUM-118,118,둔지봉,제주시,제주특별자치도 제주시 구좌읍 한동리 산40,282.2,360185.0,말굽형(남향),corroborated,resolved_offline_osm_peak,C,33.5027463,126.795398,6,U,,,screen_complete_existing_v6,low_or_unstable,pending,pending,U,abstain
JJ-OREUM-119,119,뒤굽은이,제주시,제주특별자치도 제주시 구좌읍 송당리 산 39-1,251.6,74274.0,말굽형(북향),corroborated,resolved_offline_osm_peak,C,33.4776833,126.7666957,3,U,,,screen_complete_existing_v6,low_or_unstable,pending,pending,U,abstain
JJ-OREUM-120,120,들레오름,제주시,제주특별자치도 제주시 월평동 665-2,347.9,92971.0,말굽형(남서향),corroborated,ambiguous,U,,,0,U,,,pending_v7_multi_window_gate,,pending,pending,U,abstain
JJ-OREUM-121,121,들리오름,제주시,제주특별자치도 제주시 오등동 158,542.4,47825.0,말굽형(북향),corroborated,unresolved,U,,,4,U,,,pending_v7_multi_window_gate,,pending,pending,U,abstain
JJ-OREUM-122,122,따라비,서귀포시,제주특별자치도 서귀포시 표선면 가시리 산62,342.0,448111.0,복합형,not_in_attachment_scope,resolved_offline_osm_peak,C,33.38819,126.7524586,0,U,,,screen_complete_existing_v6,low_or_unstable,pending,pending,U,abstain
JJ-OREUM-123,123,마보기,서귀포시,제주특별자치도 서귀포시 안덕면 상천리 산83,559.7,57554.0,원추형,not_in_attachment_scope,resolved_offline_osm_peak,C,33.3203806,126.3929972,0,U,,,screen_complete_existing_v6,high_unstable,pending,pending,U,abstain
JJ-OREUM-124,124,마오름,제주시,제주특별자치도 제주시 한경면 저지리 산55-2,122.0,38946.0,말굽형(남향),corroborated,resolved_offline_osm_peak,C,33.3380556,126.2436556,2,U,,,screen_complete_existing_v6,low_or_unstable,pending,pending,U,abstain
JJ-OREUM-125,125,마은이,서귀포시,제주특별자치도 서귀포시 남원읍 수망리 산203,552.0,115182.0,말굽형(북향),not_in_attachment_scope,resolved_offline_osm_peak,C,33.3796639,126.6586028,0,U,,,screen_complete_existing_v6,low_or_unstable,pending,pending,U,abstain
JJ-OREUM-126,126,마은이옆,서귀포시,제주특별자치도 서귀포시 표선면 가시리 산158,548.5,119062.0,말굽형(북동향),not_in_attachment_scope,resolved_offline_osm_peak,C,33.391909,126.6663492,0,U,,,screen_complete_existing_v6,low_or_unstable,pending,pending,U,abstain
JJ-OREUM-127,127,마중오름,제주시,제주특별자치도 제주시 한경면 저지리 2143-18,168.6,120340.0,복합형,corroborated,resolved_offline_osm_peak,C,33.3346528,126.2706083,2,U,,,screen_complete_existing_v6,low_or_unstable,pending,pending,U,abstain
JJ-OREUM-128,128,만세동산,제주시,제주특별자치도 제주시 애월읍 광령리 산183-6,1606.2,239605.0,원추형,conflict,resolved_offline_osm_peak,C,33.368193,126.5060188,7,U,,,screen_complete_existing_v6,low_or_unstable,pending,pending,U,abstain
JJ-OREUM-129,129,말젯오름,제주시,제주특별자치도 제주시 애월읍 곽지리 1085,102.5,0.0,원추형,conflict,resolved_offline_osm_peak,C,33.44996,126.31548,2,U,,,screen_complete_existing_v6,low_or_unstable,pending,pending,U,abstain
JJ-OREUM-130,130,말찻,제주시,제주특별자치도 제주시 조천읍 교래리 산137-1,653.3,403935.0,말굽형(동향),corroborated,resolved_offline_osm_peak,C,33.4005161,126.6542524,6,U,,,screen_complete_existing_v6,low_or_unstable,pending,pending,U,abstain
JJ-OREUM-131,131,망동산,제주시,제주특별자치도 제주시 우도면 연평리 산19-1,87.5,47292.0,원추형,corroborated,resolved_offline_osm_peak,C,33.4979955,126.9623445,2,U,,,screen_complete_existing_v6,low_or_unstable,pending,pending,U,abstain
JJ-OREUM-132,132,망밭,서귀포시,제주특별자치도 서귀포시 서호동 73,52.6,61966.0,원추형,not_in_attachment_scope,resolved_offline_osm_peak,C,33.2419944,126.5241889,0,U,,,screen_complete_existing_v6,low_or_unstable,pending,pending,U,abstain
JJ-OREUM-133,133,매오름,서귀포시,제주특별자치도 서귀포시 표선면 표선리 2458-1,136.7,353972.0,말굽형(북서향),not_in_attachment_scope,resolved_offline_osm_peak,C,33.3172633,126.8135198,0,U,,,screen_complete_existing_v6,high_unstable,pending,pending,U,abstain
JJ-OREUM-134,134,머체오름,서귀포시,제주특별자치도 서귀포시 남원읍 한남리 산2-1,425.8,125020.0,원추형,not_in_attachment_scope,resolved_offline_osm_peak,C,33.3405187,126.6596897,0,U,,,screen_complete_existing_v6,low_or_unstable,pending,pending,U,abstain
JJ-OREUM-135,135,명월오름,제주시,제주특별자치도 제주시 한림읍 명월리 1105,148.5,60359.0,말굽형(남향),corroborated,resolved_offline_osm_peak,C,33.3826441,126.2786855,1,U,,,screen_complete_existing_v6,moderate_stable,pending,pending,U,abstain
JJ-OREUM-136,136,모구리알오름,서귀포시,제주특별자치도 서귀포시 성산읍 난산리 2960-1,202.6,19641.0,말굽형(남향),not_in_attachment_scope,unresolved,U,,,0,U,,,pending_v7_multi_window_gate,,pending,pending,U,abstain
JJ-OREUM-137,137,모구리오름,서귀포시,제주특별자치도 서귀포시 성산읍 난산리 2960-1,232.0,202089.0,말굽형(남동향),not_in_attachment_scope,resolved_offline_osm_peak,C,33.4090302,126.8286577,0,U,,,screen_complete_existing_v6,low_or_unstable,pending,pending,U,abstain
JJ-OREUM-138,138,모라이악,서귀포시,제주특별자치도 서귀포시 색달동 산16-1,510.7,206773.0,원형,not_in_attachment_scope,unresolved,U,,,0,U,,,pending_v7_multi_window_gate,,pending,pending,U,abstain
JJ-OREUM-139,139,모슬봉,서귀포시,제주특별자치도 서귀포시 대정읍 상모리 3540-2,180.5,453030.0,원추형,not_in_attachment_scope,resolved_offline_osm_peak,C,33.2386514,126.2581704,0,U,,,screen_complete_existing_v6,low_or_unstable,pending,pending,U,abstain
JJ-OREUM-140,140,모지오름,서귀포시,제주특별자치도 서귀포시 표선면 성읍리 산22,305.8,535643.0,말굽형(북동향),not_in_attachment_scope,resolved_offline_osm_peak,C,33.3940848,126.7683177,0,U,,,screen_complete_existing_v6,low_or_unstable,pending,pending,U,abstain
JJ-OREUM-141,141,묘산봉,제주시,제주특별자치도 제주시 구좌읍 김녕리 2723,116.3,157609.0,말굽형(남향),conflict,unresolved,U,,,1,U,,,pending_v7_multi_window_gate,,pending,pending,U,abstain
JJ-OREUM-142,142,무악,서귀포시,제주특별자치도 서귀포시 안덕면 동광리 산12,496.1,314656.0,말굽형(남향),not_in_attachment_scope,unresolved,U,,,0,U,,,pending_v7_multi_window_gate,,pending,pending,U,abstain
JJ-OREUM-143,143,문도지오름,제주시,제주특별자치도 제주시 한림읍 금악리 3444,260.3,106436.0,말굽형(동향),corroborated,resolved_offline_osm_peak,C,33.3263266,126.2945751,13,U,,,screen_complete_existing_v6,high_unstable,pending,pending,U,abstain
JJ-OREUM-144,144,문석이오름,제주시,제주특별자치도 제주시 구좌읍 송당리 산234,291.8,228379.0,복합형,corroborated,resolved_offline_osm_peak,C,33.447329,126.7960867,3,U,,,screen_complete_existing_v6,low_or_unstable,pending,pending,U,abstain
JJ-OREUM-145,145,물메,제주시,제주특별자치도 제주시 애월읍 수산리 산1-1,121.5,1932024.0,원추형(분화구흔적),corroborated,unresolved,U,,,3,U,,,pending_v7_multi_window_gate,,pending,pending,U,abstain
JJ-OREUM-146,146,물영아리,서귀포시,제주특별자치도 서귀포시 남원읍 수망리 산189,508.0,717013.0,원형(화구호),not_in_attachment_scope,resolved_offline_osm_peak,C,33.3684065,126.6920759,0,U,,,screen_complete_existing_v6,high_unstable,pending,pending,U,abstain
JJ-OREUM-147,147,물오름,서귀포시,제주특별자치도 서귀포시 남원읍 한남리 산2-4,838.6,346856.0,말굽형(남동향),not_in_attachment_scope,resolved_offline_osm_peak,C,33.3840986,126.6236078,0,U,,,screen_complete_existing_v6,low_or_unstable,pending,pending,U,abstain
JJ-OREUM-148,148,물장오리,제주시,제주특별자치도 제주시 봉개동 산78-2,937.2,628987.0,원형(화구호),corroborated,resolved_offline_osm_peak,C,33.4062618,126.6067852,2,U,,,screen_complete_existing_v6,low_or_unstable,pending,pending,U,abstain
JJ-OREUM-149,149,물찻,제주시,제주특별자치도 제주시 조천읍 교래리 산137-1,717.2,744401.0,복합형(화구호),corroborated,resolved_offline_osm_peak,C,33.3948485,126.6528629,6,U,,,screen_complete_existing_v6,low_or_unstable,pending,pending,U,abstain
JJ-OREUM-150,150,미악산,서귀포시,제주특별자치도 서귀포시 동홍동 산7,567.5,424611.0,말굽형(남향),not_in_attachment_scope,unresolved,U,,,0,U,,,pending_v7_multi_window_gate,,pending,pending,U,abstain
JJ-OREUM-151,151,민대가리동산,제주시,제주특별자치도 제주시 애월읍 광령리 산183-6,1600.5,184192.0,원추형,conflict,unresolved,U,,,7,U,,,pending_v7_multi_window_gate,,pending,pending,U,abstain
JJ-OREUM-152,152,민머루오름,서귀포시,제주특별자치도 서귀포시 중문동 산1-3,882.7,387181.0,원추형,not_in_attachment_scope,unresolved,U,,,0,U,,,pending_v7_multi_window_gate,,pending,pending,U,abstain
JJ-OREUM-153,153,민오름,서귀포시,제주특별자치도 서귀포시 남원읍 수망리 158,446.8,371170.0,말굽형(동향),not_in_attachment_scope,resolved_offline_osm_peak,C,33.3503259,126.676908,0,U,,,screen_complete_existing_v6,high_unstable,pending,pending,U,abstain
JJ-OREUM-154,154,민오름,제주시,제주특별자치도 제주시 구좌읍 송당리 산156,362.0,412245.0,말굽형(북동향),corroborated,resolved_offline_osm_peak,C,33.4364824,126.7628649,3,U,,,screen_complete_existing_v6,low_or_unstable,pending,pending,U,abstain
JJ-OREUM-155,155,민오름,제주시,제주특별자치도 제주시 오라이동 산28,251.7,474001.0,말굽형(북동향),corroborated,resolved_offline_osm_peak,C,33.4755707,126.5071055,4,U,,,screen_complete_existing_v6,low_or_unstable,pending,pending,U,abstain
JJ-OREUM-156,156,민오름,제주시,제주특별자치도 제주시 조천읍 선흘리 산141,518.3,400724.0,복합형,corroborated,resolved_offline_osm_peak,C,33.4483636,126.6949508,4,U,,,screen_complete_existing_v6,low_or_unstable,pending,pending,U,abstain
JJ-OREUM-157,157,민오름(무녜오름),제주시,제주특별자치도 제주시 봉개동 산64,651.0,518910.0,복합형,corroborated,resolved_offline_osm_peak,C,33.4372427,126.637081,2,U,,,screen_complete_existing_v6,low_or_unstable,pending,pending,U,abstain
JJ-OREUM-158,158,바농오름,제주시,제주특별자치도 제주시 조천읍 교래리 산108,552.1,473953.0,복합형,corroborated,resolved_offline_osm_peak,C,33.4537782,126.6538014,6,U,,,screen_complete_existing_v6,high_unstable,pending,pending,U,abstain
JJ-OREUM-159,159,큰바리메,제주시,제주특별자치도 제주시 애월읍 어음리 산21,763.4,1288365.0,원형,corroborated,resolved_offline_osm_peak,C,33.3771547,126.3880413,1,U,,,screen_complete_existing_v6,high_unstable,pending,pending,U,abstain
JJ-OREUM-160,160,밝은오름,서귀포시,제주특별자치도 서귀포시 안덕면 동광리 1138,290.0,54945.0,말굽형(북향),not_in_attachment_scope,resolved_offline_osm_peak,C,33.301269,126.3414922,0,U,,,screen_complete_existing_v6,low_or_unstable,pending,pending,U,abstain
JJ-OREUM-161,161,밝은오름,제주시,제주특별자치도 제주시 한림읍 금악리 18-1,379.9,15698.0,말굽형(북향),corroborated,resolved_offline_osm_peak,C,33.3609334,126.2660907,13,U,,,screen_complete_existing_v6,low_or_unstable,pending,pending,U,abstain
JJ-OREUM-162,162,밝은오름,제주시,제주특별자치도 제주시 한림읍 상명리 1696,182.5,78972.0,말굽형(북향),corroborated,resolved_offline_osm_peak,C,33.35103,126.33592,2,U,,,screen_complete_existing_v6,low_or_unstable,pending,pending,U,abstain
JJ-OREUM-163,163,밝은오름,제주시,제주특별자치도 제주시 해안동 355-21,337.0,33180.0,말굽형(남향),corroborated,resolved_offline_osm_peak,C,33.4401456,126.4647421,8,U,,,screen_complete_existing_v6,low_or_unstable,pending,pending,U,abstain
JJ-OREUM-164,164,밧돌오름,제주시,제주특별자치도 제주시 구좌읍 송당리 산66-1,352.8,372226.0,말굽형(북동향),corroborated,resolved_offline_osm_peak,C,33.4607383,126.7603808,3,U,,,screen_complete_existing_v6,low_or_unstable,pending,pending,U,abstain
JJ-OREUM-165,165,밧세미,제주시,제주특별자치도 제주시 봉개동 산3,391.7,114322.0,말굽형(북동향),corroborated,resolved_offline_osm_peak,C,33.4652656,126.603104,2,U,,,screen_complete_existing_v6,low_or_unstable,pending,pending,U,abstain
JJ-OREUM-166,166,방애오름,서귀포시,제주특별자치도 서귀포시 동홍동 산1,1699.3,395807.0,원추형,not_in_attachment_scope,ambiguous,U,,,0,U,,,pending_v7_multi_window_gate,,pending,pending,U,abstain
JJ-OREUM-167,167,방애오름,제주시,제주특별자치도 제주시 조천읍 교래리 산45,453.4,475019.0,원형,corroborated,resolved_offline_osm_peak,C,33.4439289,126.6845334,6,U,,,screen_complete_existing_v6,low_or_unstable,pending,pending,U,abstain
JJ-OREUM-168,168,방일봉,제주시,제주특별자치도 제주시 노형동 2093-1,120.0,22101.0,원추형,corroborated,unresolved,U,,,11,U,,,pending_v7_multi_window_gate,,pending,pending,U,abstain
JJ-OREUM-169,169,방주오름,제주시,제주특별자치도 제주시 한림읍 명월리 679,163.3,9975.0,원추형,corroborated,resolved_offline_osm_peak,C,33.37917,126.28296,1,C,밭,5011025027105230000,screen_complete_existing_v6,low_or_unstable,pending,pending,U,abstain
JJ-OREUM-170,170,백약이오름,서귀포시,제주특별자치도 서귀포시 표선면 성읍리 산1,356.9,581463.0,원형,not_in_attachment_scope,resolved_offline_osm_peak,C,33.4381917,126.7890417,0,U,,,screen_complete_existing_v6,high_unstable,pending,pending,U,abstain
JJ-OREUM-171,171,번널오름,서귀포시,제주특별자치도 서귀포시 표선면 가시리 산10,272.3,129713.0,원추형(침식),not_in_attachment_scope,resolved_offline_osm_peak,C,33.3742704,126.7458968,0,U,,,screen_complete_existing_v6,low_or_unstable,pending,pending,U,abstain
JJ-OREUM-172,172,법정악,서귀포시,제주특별자치도 서귀포시 하원동 산1-1,760.1,97901.0,원추형,not_in_attachment_scope,unresolved,U,,,0,U,,,pending_v7_multi_window_gate,,pending,pending,U,abstain
JJ-OREUM-173,173,베두리오름,제주시,제주특별자치도 제주시 연동 270-5,85.0,21438.0,말굽형(남향),conflict,unresolved,U,,,0,U,,,pending_v7_multi_window_gate,,pending,pending,U,abstain
JJ-OREUM-174,174,베릿네오름,서귀포시,제주특별자치도 서귀포시 중문동 2284,101.2,159357.0,말굽형(북향),not_in_attachment_scope,unresolved,U,,,0,U,,,pending_v7_multi_window_gate,,pending,pending,U,abstain
JJ-OREUM-175,175,별도봉,제주시,제주특별자치도 제주시 화북일동 4472,136.0,242535.0,원추형,corroborated,resolved_offline_osm_peak,C,33.5194463,126.5531095,1,U,,,screen_complete_existing_v6,low_or_unstable,pending,pending,U,abstain
JJ-OREUM-176,176,병곳오름,서귀포시,제주특별자치도 서귀포시 표선면 가시리 산8,288.1,482903.0,말굽형(북동향),not_in_attachment_scope,resolved_offline_osm_peak,C,33.3669885,126.748405,0,U,,,screen_complete_existing_v6,low_or_unstable,pending,pending,U,abstain
JJ-OREUM-177,177,보롬이,서귀포시,제주특별자치도 서귀포시 대정읍 무릉1리 3526-1,49.0,15717.0,원추형,not_in_attachment_scope,unresolved,U,,,0,U,,,pending_v7_multi_window_gate,,pending,pending,U,abstain
JJ-OREUM-178,178,보롬이,서귀포시,제주특별자치도 서귀포시 서홍동 1212,85.4,109615.0,원추형,not_in_attachment_scope,unresolved,U,,,1,U,,,pending_v7_multi_window_gate,,pending,pending,U,abstain
JJ-OREUM-179,179,보리악,서귀포시,제주특별자치도 서귀포시 남원읍 신례리 산2-1,739.6,442410.0,원추형,not_in_attachment_scope,resolved_offline_osm_peak,C,33.3470213,126.6011185,0,U,,,screen_complete_existing_v6,low_or_unstable,pending,pending,U,abstain
JJ-OREUM-180,180,본지오름,서귀포시,제주특별자치도 서귀포시 성산읍 삼달리 2104-1,151.9,120987.0,말굽형(남향),not_in_attachment_scope,resolved_offline_osm_peak,C,33.3871362,126.8222833,1,U,,,screen_complete_existing_v6,low_or_unstable,pending,pending,U,abstain
JJ-OREUM-181,181,볼레오름,서귀포시,제주특별자치도 서귀포시 하원동 산1-1,1374.2,453146.0,말굽형(북서향),not_in_attachment_scope,resolved_offline_osm_peak,C,33.3531,126.4849936,0,U,,,screen_complete_existing_v6,low_or_unstable,pending,pending,U,abstain
JJ-OREUM-182,182,봉아오름,제주시,제주특별자치도 제주시 봉개동 1811-1,165.5,57506.0,말굽형(남서향),corroborated,unresolved,U,,,2,U,,,pending_v7_multi_window_gate,,pending,pending,U,abstain
JJ-OREUM-183,183,부대악,제주시,제주특별자치도 제주시 조천읍 선흘리 산103-1,468.8,455827.0,말굽형(동북향),corroborated,resolved_offline_osm_peak,C,33.4462188,126.7089481,4,U,,,screen_complete_existing_v6,low_or_unstable,pending,pending,U,abstain
JJ-OREUM-184,184,부소악,제주시,제주특별자치도 제주시 조천읍 교래리 산2,469.2,423459.0,말굽형(서남향),corroborated,resolved_offline_osm_peak,C,33.4422465,126.7177052,6,U,,,screen_complete_existing_v6,low_or_unstable,pending,pending,U,abstain
JJ-OREUM-185,185,북돌아진오름,제주시,제주특별자치도 제주시 애월읍 봉성리 산41,643.0,338981.0,말굽형(북서향),corroborated,unresolved,U,,,0,U,,,pending_v7_multi_window_gate,,pending,pending,U,abstain
JJ-OREUM-186,186,북망산,서귀포시,제주특별자치도 서귀포시 표선면 토산리 산11,141.9,83414.0,원추형,not_in_attachment_scope,unresolved,U,,,0,U,,,pending_v7_multi_window_gate,,pending,pending,U,abstain
JJ-OREUM-187,187,북오름,서귀포시,제주특별자치도 서귀포시 안덕면 동광리 산93,314.3,121783.0,말굽형(남향),not_in_attachment_scope,resolved_offline_osm_peak,C,33.3061584,126.3320053,0,U,,,screen_complete_existing_v6,high_unstable,pending,pending,U,abstain
JJ-OREUM-188,188,북오름,제주시,제주특별자치도 제주시 구좌읍 덕천리 산69,304.6,168850.0,말굽형(북향),corroborated,resolved_offline_osm_peak,C,33.4873003,126.7401913,1,U,,,screen_complete_existing_v6,low_or_unstable,pending,pending,U,abstain
JJ-OREUM-189,189,불칸디오름,제주시,제주특별자치도 제주시 봉개동 산78-2,996.3,204167.0,말굽형(서남형),corroborated,resolved_offline_osm_peak,C,33.3971004,126.5926087,2,U,,,screen_complete_existing_v6,low_or_unstable,pending,pending,U,abstain
JJ-OREUM-190,190,붉은오름,서귀포시,제주특별자치도 서귀포시 성산읍 고성리 62-4,33.0,5343.0,원추형,not_in_attachment_scope,resolved_offline_osm_peak,C,33.4274333,126.9336389,0,U,,,screen_complete_existing_v6,low_or_unstable,pending,pending,U,abstain
JJ-OREUM-191,191,붉은오름,서귀포시,제주특별자치도 서귀포시 표선면 가시리 산158,569.0,585044.0,원형,not_in_attachment_scope,resolved_offline_osm_peak,C,33.399732,126.6798823,0,U,,,screen_complete_existing_v6,low_or_unstable,pending,pending,U,abstain
JJ-OREUM-192,192,붉은오름,제주시,제주특별자치도 제주시 애월읍 광령리 산183-2,1061.0,411978.0,말굽형(북서향),corroborated,ambiguous,U,,,7,U,,,pending_v7_multi_window_gate,,pending,pending,U,abstain
JJ-OREUM-193,193,비양봉,제주시,제주특별자치도 제주시 한림읍 협재리 산100-1,114.1,260428.0,복합형,corroborated,resolved_offline_osm_peak,C,33.4095141,126.2268725,0,U,,,screen_complete_existing_v6,low_or_unstable,pending,pending,U,abstain
JJ-OREUM-194,194,비치미,제주시,제주특별자치도 제주시 구좌읍 송당리 산255-1,344.1,388793.0,말굽형(북동향),corroborated,resolved_offline_osm_peak,C,33.4273995,126.763106,3,U,,,screen_complete_existing_v6,low_or_unstable,pending,pending,U,abstain
JJ-OREUM-195,195,빈네오름,제주시,제주특별자치도 제주시 애월읍 봉성리 52-16,658.6,359116.0,말굽형(남서향),not_in_attachment_scope,resolved_offline_osm_peak,C,33.3491728,126.3940018,0,U,,,screen_complete_existing_v6,low_or_unstable,pending,pending,U,abstain
JJ-OREUM-196,196,사라봉,제주시,제주특별자치도 제주시 건입동 387-1,148.2,233471.0,말굽형(북서향),corroborated,resolved_offline_osm_peak,C,33.5181076,126.5448002,3,U,,,screen_complete_existing_v6,low_or_unstable,pending,pending,U,abstain
JJ-OREUM-197,197,사라오름,서귀포시,제주특별자치도 서귀포시 남원읍 신례리 산2-1,1324.7,440686.0,원형,not_in_attachment_scope,resolved_offline_osm_peak,C,33.3719042,126.5709766,0,U,,,screen_complete_existing_v6,low_or_unstable,pending,pending,U,abstain
JJ-OREUM-198,198,사려니,서귀포시,제주특별자치도 서귀포시 남원읍 한남리 산2-1,523.0,260107.0,말굽형(북동),not_in_attachment_scope,resolved_offline_osm_peak,C,33.3403985,126.646022,0,U,,,screen_complete_existing_v6,low_or_unstable,pending,pending,U,abstain
JJ-OREUM-199,199,사려니 남서쪽,서귀포시,제주특별자치도 서귀포시 남원읍 한남리 산2-1,473.0,77637.0,원추형,not_in_attachment_scope,resolved_offline_osm_peak,C,33.3406167,126.6394806,0,U,,,screen_complete_existing_v6,low_or_unstable,pending,pending,U,abstain
JJ-OREUM-200,200,사제비동산,제주시,제주특별자치도 제주시 애월읍 광령리 산183-6,1423.8,95420.0,말굽형(서향),conflict,resolved_offline_osm_peak,C,33.3748778,126.497364,7,U,,,screen_complete_existing_v6,low_or_unstable,pending,pending,U,abstain
JJ-OREUM-201,201,산굼부리,제주시,제주특별자치도 제주시 조천읍 교래리 산38,437.4,574697.0,원형,corroborated,unresolved,U,,,6,U,,,pending_v7_multi_window_gate,,pending,pending,U,abstain
JJ-OREUM-202,202,산방산,서귀포시,제주특별자치도 서귀포시 안덕면 사계리 산16,395.2,988332.0,원추형(종모양),not_in_attachment_scope,ambiguous,U,,,0,U,,,pending_v7_multi_window_gate,,pending,pending,U,abstain
JJ-OREUM-203,203,산세미오름,제주시,제주특별자치도 제주시 애월읍 고성리 산127,651.6,382100.0,말굽형(북향),corroborated,resolved_offline_osm_peak,C,33.4087035,126.4341119,0,U,,,screen_complete_existing_v6,low_or_unstable,pending,pending,U,abstain
JJ-OREUM-204,204,살핀오름,제주시,제주특별자치도 제주시 애월읍 광령리 산183-2,1076.3,112029.0,원추형,corroborated,resolved_offline_osm_peak,C,33.3678839,126.462167,7,U,,,screen_complete_existing_v6,low_or_unstable,pending,pending,U,abstain
JJ-OREUM-205,205,삼각봉,제주시,제주특별자치도 제주시 오라동 산107,1695.5,237586.0,원추형,corroborated,resolved_offline_osm_peak,C,33.3731517,126.5265715,0,U,,,screen_complete_existing_v6,low_or_unstable,pending,pending,U,abstain
JJ-OREUM-206,206,삼매봉,서귀포시,제주특별자치도 서귀포시 서홍동 809-1,153.6,334070.0,복합형,not_in_attachment_scope,resolved_offline_osm_peak,C,33.2439188,126.5462519,1,U,,,screen_complete_existing_v6,low_or_unstable,pending,pending,U,abstain
JJ-OREUM-207,207,삼형제(샛오름)남쪽Ⅰ,서귀포시,제주특별자치도 서귀포시 색달동 산1-3,1014.0,72363.0,원추형,not_in_attachment_scope,unresolved,U,,,0,U,,,pending_v7_multi_window_gate,,pending,pending,U,abstain
JJ-OREUM-208,208,삼형제(샛오름)남쪽Ⅱ,서귀포시,제주특별자치도 서귀포시 색달동 산1-3,1025.6,87416.0,원추형,not_in_attachment_scope,unresolved,U,,,0,U,,,pending_v7_multi_window_gate,,pending,pending,U,abstain
JJ-OREUM-209,209,삼형제말젯오름,제주시,제주특별자치도 제주시 애월읍 봉성리 산1,1075.0,340627.0,말굽형(북서향),corroborated,unresolved,U,,,0,U,,,pending_v7_multi_window_gate,,pending,pending,U,abstain
JJ-OREUM-210,210,삼형제샛오름,제주시,제주특별자치도 제주시 애월읍 광령리 산183-2,1112.8,412642.0,말굽형(북서향),corroborated,unresolved,U,,,7,U,,,pending_v7_multi_window_gate,,pending,pending,U,abstain
JJ-OREUM-211,211,삼형제큰오름,제주시,제주특별자치도 제주시 애월읍 광령리 산183-2,1142.5,367384.0,말굽형(북서향),corroborated,resolved_offline_osm_peak,C,33.3576601,126.4601412,7,U,,,screen_complete_existing_v6,low_or_unstable,pending,pending,U,abstain
JJ-OREUM-212,212,상여오름,제주시,제주특별자치도 제주시 연동 산72,245.0,162799.0,원추형,corroborated,resolved_offline_osm_peak,C,33.4657083,126.491702,0,U,,,screen_complete_existing_v6,low_or_unstable,pending,pending,U,abstain
JJ-OREUM-213,213,새끼오름,서귀포시,제주특별자치도 서귀포시 표선면 성읍리 3196-1,301.2,114795.0,말굽형(서향),not_in_attachment_scope,resolved_offline_osm_peak,C,33.3965817,126.750927,0,U,,,screen_complete_existing_v6,low_or_unstable,pending,pending,U,abstain
JJ-OREUM-214,214,새별오름,제주시,제주특별자치도 제주시 애월읍 봉성리 산59-8,519.3,522216.0,복합형,corroborated,resolved_offline_osm_peak,C,33.3662548,126.3576883,0,U,,,screen_complete_existing_v6,low_or_unstable,pending,pending,U,abstain
JJ-OREUM-215,215,새신오름,제주시,제주특별자치도 제주시 한경면 청수리 3369,141.2,214735.0,원형,corroborated,resolved_offline_osm_peak,C,33.2977804,126.2376627,1,U,,,screen_complete_existing_v6,low_or_unstable,pending,pending,U,abstain
JJ-OREUM-216,216,샛개오리,제주시,제주특별자치도 제주시 봉개동 산78-1,658.3,73832.0,원추형,corroborated,unresolved,U,,,2,U,,,pending_v7_multi_window_gate,,pending,pending,U,abstain
JJ-OREUM-217,217,샛궤펜이,제주시,제주특별자치도 제주시 조천읍 교래리 산137-1,757.0,48413.0,원형,corroborated,unresolved,U,,,6,U,,,pending_v7_multi_window_gate,,pending,pending,U,abstain
JJ-OREUM-218,218,샛오름,제주시,제주특별자치도 제주시 애월읍 곽지리 산15,100.0,155467.0,말굽형(남서향),conflict,resolved_offline_osm_peak,C,33.4476476,126.3173459,2,U,,,screen_complete_existing_v6,low_or_unstable,pending,pending,U,abstain
JJ-OREUM-219,219,생기악,서귀포시,제주특별자치도 서귀포시 남원읍 신례리 산33-1,260.0,167924.0,말굽형(북서향),not_in_attachment_scope,unresolved,U,,,0,U,,,pending_v7_multi_window_gate,,pending,pending,U,abstain
JJ-OREUM-220,220,서삼봉,제주시,제주특별자치도 제주시 오등동 산 50,448.4,21355.0,말굽형(서남향),corroborated,resolved_offline_osm_peak,C,33.4406233,126.5531402,4,U,,,screen_complete_existing_v6,low_or_unstable,pending,pending,U,abstain
JJ-OREUM-221,221,서수모루,제주시,제주특별자치도 제주시 구좌읍 송당리 산67-2,253.7,39359.0,말굽형(동남향),corroborated,unresolved,U,,,3,U,,,pending_v7_multi_window_gate,,pending,pending,U,abstain
JJ-OREUM-222,222,서우봉,제주시,제주특별자치도 제주시 조천읍 함덕리 169-1,111.3,835758.0,원추형,corroborated,resolved_offline_osm_peak,C,33.5458447,126.6775825,4,U,,,screen_complete_existing_v6,low_or_unstable,pending,pending,U,abstain
JJ-OREUM-223,223,선소오름,제주시,제주특별자치도 제주시 한림읍 금악리 2785-1,226.0,240943.0,말굽형(동향),corroborated,resolved_offline_osm_peak,C,33.3730449,126.2887115,13,U,,,screen_complete_existing_v6,low_or_unstable,pending,pending,U,abstain
JJ-OREUM-224,224,설오름,서귀포시,제주특별자치도 서귀포시 신효동 1028,50.1,27896.0,원추형,not_in_attachment_scope,unresolved,U,,,0,U,,,pending_v7_multi_window_gate,,pending,pending,U,abstain
JJ-OREUM-225,225,설오름,서귀포시,제주특별자치도 서귀포시 표선면 가시리 산1,238.0,273810.0,말굽형(서향),not_in_attachment_scope,resolved_offline_osm_peak,C,33.3710636,126.7695394,0,U,,,screen_complete_existing_v6,low_or_unstable,pending,pending,U,abstain
JJ-OREUM-226,226,섯궤펜이,제주시,제주특별자치도 제주시 조천읍 교래리 산137-1,774.0,72363.0,원형,corroborated,unresolved,U,,,6,U,,,pending_v7_multi_window_gate,,pending,pending,U,abstain
JJ-OREUM-227,227,섯알오름,서귀포시,제주특별자치도 서귀포시 대정읍 상모리 1618,40.7,29094.0,말굽형(서향),not_in_attachment_scope,resolved_offline_osm_peak,C,33.2064905,126.2812203,0,U,,,screen_complete_existing_v6,low_or_unstable,pending,pending,U,abstain
JJ-OREUM-228,228,성널오름,서귀포시,제주특별자치도 서귀포시 남원읍 신례리 산2-1,1215.2,645717.0,원추형,not_in_attachment_scope,resolved_offline_osm_peak,C,33.3740983,126.5918597,0,U,,,screen_complete_existing_v6,high_unstable,pending,pending,U,abstain
JJ-OREUM-229,229,성불오름,제주시,제주특별자치도 제주시 구좌읍 송당리 산266,361.7,380707.0,말굽형(동향),corroborated,resolved_offline_osm_peak,C,33.4224437,126.7491286,3,U,,,screen_complete_existing_v6,low_or_unstable,pending,pending,U,abstain
JJ-OREUM-230,230,성산일출봉,서귀포시,제주특별자치도 서귀포시 성산읍 성산리 1,179.0,453030.0,원형,not_in_attachment_scope,resolved_offline_osm_peak,C,33.4588891,126.9408178,0,U,,,screen_complete_existing_v6,high_stable,stable_or_unclear,uncertain,U,investigate
JJ-OREUM-231,231,성진이오름,제주시,제주특별자치도 제주시 봉개동 산78-2,700.5,128381.0,원형,corroborated,resolved_offline_osm_peak,C,33.4198196,126.6108506,2,U,,,screen_complete_existing_v6,high_unstable,pending,pending,U,abstain
JJ-OREUM-232,232,세미소,제주시,제주특별자치도 제주시 한림읍 금악리 363,374.8,160098.0,원형(화구호),corroborated,resolved_offline_osm_peak,C,33.3499528,126.3233222,13,U,,,screen_complete_existing_v6,low_or_unstable,pending,pending,U,abstain
JJ-OREUM-233,233,세미오름,제주시,제주특별자치도 제주시 아라동 산24-2,574.3,412000.0,원형,corroborated,unresolved,U,,,0,U,,,pending_v7_multi_window_gate,,pending,pending,U,abstain
JJ-OREUM-234,234,세미오름,제주시,제주특별자치도 제주시 조천읍 대흘리 산27-1,421.0,261938.0,말굽형(남서형),corroborated,resolved_offline_osm_peak,C,33.4740199,126.6694243,1,U,,,screen_complete_existing_v6,low_or_unstable,pending,pending,U,abstain
JJ-OREUM-235,235,소록산,서귀포시,제주특별자치도 서귀포시 표선면 가시리 산 87-24,441.9,386069.0,말굽형(북동향),not_in_attachment_scope,resolved_offline_osm_peak,C,33.4004686,126.7228427,0,U,,,screen_complete_existing_v6,high_unstable,pending,pending,U,abstain
JJ-OREUM-236,236,소병악,서귀포시,제주특별자치도 서귀포시 안덕면 상창리 산2-1,473.0,178836.0,말굽형(서향),not_in_attachment_scope,resolved_offline_osm_peak,C,33.3083508,126.3743066,0,U,,,screen_complete_existing_v6,high_stable,cloud_haze_shadow,no,U,abstain
JJ-OREUM-237,237,소산오름,제주시,제주특별자치도 제주시 아라일동 산31,412.8,30782.0,원추형,corroborated,resolved_offline_osm_peak,C,33.4460664,126.5536297,1,U,,,screen_complete_existing_v6,low_or_unstable,pending,pending,U,abstain
JJ-OREUM-238,238,소소름,서귀포시,제주특별자치도 서귀포시 표선면 토산리 220,162.4,91501.0,말굽형(서향),not_in_attachment_scope,resolved_offline_osm_peak,C,33.3441784,126.7553653,0,U,,,screen_complete_existing_v6,low_or_unstable,pending,pending,U,abstain
JJ-OREUM-239,239,소수산봉,서귀포시,제주특별자치도 서귀포시 성산읍 고성리 887,53.0,34119.0,원추형,not_in_attachment_scope,resolved_offline_osm_peak,C,33.4367639,126.9122167,0,U,,,screen_complete_existing_v6,low_or_unstable,pending,pending,U,abstain
JJ-OREUM-240,240,소왕산,서귀포시,제주특별자치도 서귀포시 성산읍 수산리 2160,103.0,35071.0,말굽형(서향),not_in_attachment_scope,resolved_offline_osm_peak,C,33.4643179,126.876818,3,U,,,screen_complete_existing_v6,low_or_unstable,pending,pending,U,abstain
JJ-OREUM-241,241,손자봉,제주시,제주특별자치도 제주시 구좌읍 종달리 산52,255.8,279921.0,복합형,corroborated,resolved_offline_osm_peak,C,33.4552435,126.8194138,2,U,,,screen_complete_existing_v6,low_or_unstable,pending,pending,U,abstain
JJ-OREUM-242,242,송아오름,제주시,제주특별자치도 제주시 한경면 조수리 134,104.0,30701.0,말굽형(남향),corroborated,resolved_offline_osm_peak,C,33.3276528,126.2360167,5,U,,,screen_complete_existing_v6,low_or_unstable,pending,pending,U,abstain
JJ-OREUM-243,243,송악산,서귀포시,제주특별자치도 서귀포시 대정읍 상모리 산2,104.0,585982.0,복합형,not_in_attachment_scope,resolved_offline_osm_peak,C,33.1990813,126.2897901,0,U,,,screen_complete_existing_v6,low_or_unstable,pending,pending,U,abstain
JJ-OREUM-244,244,쇠머리오름,제주시,제주특별자치도 제주시 우도면 연평리 산19-1,132.5,457393.0,복합형,corroborated,unresolved,U,,,2,U,,,pending_v7_multi_window_gate,,pending,pending,U,abstain
JJ-OREUM-245,245,수악,서귀포시,제주특별자치도 서귀포시 남원읍 하례리 산10,474.3,273067.0,원추형,not_in_attachment_scope,resolved_offline_osm_peak,C,33.3246214,126.6094508,0,U,,,screen_complete_existing_v6,high_unstable,pending,pending,U,abstain
JJ-OREUM-246,246,수월봉,제주시,제주특별자치도 제주시 한경면 고산리 3763,78.0,249820.0,원추형,corroborated,resolved_offline_osm_peak,C,33.2945665,126.1632411,9,U,,,screen_complete_existing_v6,low_or_unstable,pending,pending,U,abstain
JJ-OREUM-247,247,쉼터동산,제주시,제주특별자치도 제주시 애월읍 광령리 산183-1,1102.8,69083.0,원추형,corroborated,unresolved,U,,,7,U,,,pending_v7_multi_window_gate,,pending,pending,U,abstain
JJ-OREUM-248,248,시오름,서귀포시,제주특별자치도 서귀포시 서홍동 산1,757.8,276280.0,원추형,not_in_attachment_scope,resolved_offline_osm_peak,C,33.3062205,126.5168893,1,U,,,screen_complete_existing_v6,high_unstable,pending,pending,U,abstain
JJ-OREUM-249,249,식산봉,서귀포시,제주특별자치도 서귀포시 성산읍 오조리 313,60.2,53199.0,원추형,not_in_attachment_scope,resolved_offline_osm_peak,C,33.4656984,126.9198882,0,U,,,screen_complete_existing_v6,low_or_unstable,pending,pending,U,abstain
JJ-OREUM-250,250,식은이오름,제주시,제주특별자치도 제주시 구좌읍 덕천리 1450,286.0,139259.0,말굽형(남서향),corroborated,unresolved,U,,,1,U,,,pending_v7_multi_window_gate,,pending,pending,U,abstain
JJ-OREUM-251,251,신산오름,서귀포시,제주특별자치도 서귀포시 안덕면 창천리 334,175.0,66974.0,말굽형(북향),not_in_attachment_scope,resolved_offline_osm_peak,C,33.2632933,126.3624158,0,C,과수,5013031022103280000,screen_complete_existing_v6,low_or_unstable,pending,pending,U,abstain
JJ-OREUM-252,252,쌀손장오리,제주시,제주특별자치도 제주시 봉개동 산78-2,912.5,298849.0,복합형,corroborated,unresolved,U,,,2,U,,,pending_v7_multi_window_gate,,pending,pending,U,abstain
JJ-OREUM-253,253,썩은다리,서귀포시,제주특별자치도 서귀포시 안덕면 화순리 1913,42.0,18910.0,원추형,not_in_attachment_scope,unresolved,U,,,0,U,,,pending_v7_multi_window_gate,,pending,pending,U,abstain
JJ-OREUM-254,254,아끈다랑쉬,제주시,제주특별자치도 제주시 구좌읍 세화리 2593-1,198.0,164072.0,원형,corroborated,resolved_offline_osm_peak,C,33.4746453,126.8314944,2,U,,,screen_complete_existing_v6,low_or_unstable,pending,pending,U,abstain
JJ-OREUM-255,255,아부오름,제주시,제주특별자치도 제주시 구좌읍 송당리 산164-1,301.4,314926.0,원형,corroborated,resolved_offline_osm_peak,C,33.4475648,126.7796798,3,U,,,screen_complete_existing_v6,low_or_unstable,pending,pending,U,abstain
JJ-OREUM-256,256,아슴선이,서귀포시,제주특별자치도 서귀포시 표선면 하천리 2405,148.8,192921.0,원추형,not_in_attachment_scope,unresolved,U,,,0,U,,,pending_v7_multi_window_gate,,pending,pending,U,abstain
JJ-OREUM-257,257,안돌오름,제주시,제주특별자치도 제주시 구좌읍 송당리 산 66-2,368.1,298148.0,말굽형(동향),corroborated,resolved_offline_osm_peak,C,33.4576592,126.7558318,3,U,,,screen_complete_existing_v6,low_or_unstable,pending,pending,U,abstain
JJ-OREUM-258,258,안세미,제주시,제주특별자치도 제주시 봉개동 산2,396.4,174311.0,말굽형(북동향),corroborated,resolved_offline_osm_peak,C,33.4674039,126.6072646,2,U,,,screen_complete_existing_v6,low_or_unstable,pending,pending,U,abstain
JJ-OREUM-259,259,안오름,제주시,제주특별자치도 제주시 애월읍 고성리 1146,186.0,114268.0,원형,corroborated,unresolved,U,,,0,U,,,pending_v7_multi_window_gate,,pending,pending,U,abstain
JJ-OREUM-260,260,안천이오름,제주시,제주특별자치도 제주시 애월읍 어음리 산124,742.0,156344.0,말굽형(북서향),corroborated,resolved_offline_osm_peak,C,33.3721529,126.4103723,1,U,,,screen_complete_existing_v6,low_or_unstable,pending,pending,U,abstain
JJ-OREUM-261,261,안친오름,제주시,제주특별자치도 제주시 구좌읍 송당리 808,192.0,46443.0,말굽형(북향),corroborated,resolved_offline_osm_peak,C,33.4784779,126.7859492,3,C,밭,5011025625108120000,screen_complete_existing_v6,low_or_unstable,pending,pending,U,abstain
JJ-OREUM-262,262,알밤,제주시,제주특별자치도 제주시 조천읍 선흘리 산 59-1,393.6,505969.0,말굽형(북서향),corroborated,resolved_offline_osm_peak,C,33.4911306,126.7126378,4,U,,,screen_complete_existing_v6,low_or_unstable,pending,pending,U,abstain
JJ-OREUM-263,263,알방애오름,서귀포시,제주특별자치도 서귀포시 동홍동 산1,1584.8,214973.0,원추형,not_in_attachment_scope,resolved_offline_osm_peak,C,33.347343,126.5299312,0,U,,,screen_complete_existing_v6,high_unstable,pending,pending,U,abstain
JJ-OREUM-264,264,알선족이오름,제주시,제주특별자치도 제주시 구좌읍 송당리 산14,291.2,45512.0,말굽형(동향),corroborated,unresolved,U,,,3,U,,,pending_v7_multi_window_gate,,pending,pending,U,abstain
JJ-OREUM-265,265,알오름,서귀포시,제주특별자치도 서귀포시 성산읍 시흥리 2665,145.9,142515.0,원추형,not_in_attachment_scope,ambiguous,U,,,0,U,,,pending_v7_multi_window_gate,,pending,pending,U,abstain
JJ-OREUM-266,266,알오름,제주시,제주특별자치도 제주시 건입동 387-1,96.2,35659.0,원추형,corroborated,resolved_offline_osm_peak,C,33.5191278,126.5495056,3,U,,,screen_complete_existing_v6,low_or_unstable,pending,pending,U,abstain
JJ-OREUM-267,267,알오름,제주시,제주특별자치도 제주시 애월읍 유수암리 산114,446.2,87253.0,원추형,corroborated,ambiguous,U,,,6,U,,,pending_v7_multi_window_gate,,pending,pending,U,abstain
JJ-OREUM-268,268,어대오름,제주시,제주특별자치도 제주시 구좌읍 덕천리 509-1,210.5,117905.0,말굽형(북서향),corroborated,resolved_offline_osm_peak,C,33.49566,126.7608326,1,U,,,screen_complete_existing_v6,low_or_unstable,pending,pending,U,abstain
JJ-OREUM-269,269,어도오름,제주시,제주특별자치도 제주시 애월읍 봉성리 3920-24,143.2,376225.0,말굽형(북향),corroborated,resolved_offline_osm_peak,C,33.4217561,126.3073451,0,C,과수,5011025338111490024,screen_complete_existing_v6,high_unstable,pending,pending,U,abstain
JJ-OREUM-270,270,어스렁오름,제주시,제주특별자치도 제주시 애월읍 광령리 산183-1,1332.4,82247.0,원추형,corroborated,resolved_offline_osm_peak,C,33.3590468,126.4868191,7,U,,,screen_complete_existing_v6,low_or_unstable,pending,pending,U,abstain
JJ-OREUM-271,271,어승생,제주시,제주특별자치도 제주시 해안동 220-1,1169.0,2543257.0,원형(화구호),corroborated,resolved_offline_osm_peak,C,33.396556,126.4892586,8,U,,,screen_complete_existing_v6,low_or_unstable,pending,pending,U,abstain
JJ-OREUM-272,272,어오름,서귀포시,제주특별자치도 서귀포시 안덕면 상천리 산24,638.0,81238.0,원추형,not_in_attachment_scope,resolved_offline_osm_peak,C,33.3242139,126.4054472,0,U,,,screen_complete_existing_v6,low_or_unstable,pending,pending,U,abstain
JJ-OREUM-273,273,어점이악,서귀포시,제주특별자치도 서귀포시 도순동 산1,820.1,41425.0,원추형,not_in_attachment_scope,resolved_offline_osm_peak,C,33.3108083,126.4990389,0,U,,,screen_complete_existing_v6,high_stable,cloud_haze_shadow,no,U,abstain
JJ-OREUM-274,274,어후오름,제주시,제주특별자치도 제주시 조천읍 교래리 산137-2,1016.9,229772.0,말굽형(북동향),corroborated,resolved_offline_osm_peak,C,33.3910529,126.5936973,6,U,,,screen_complete_existing_v6,low_or_unstable,pending,pending,U,abstain
JJ-OREUM-275,275,여문영아리,서귀포시,제주특별자치도 서귀포시 표선면 가시리 산145,514.0,600325.0,말굽형(북향),not_in_attachment_scope,resolved_offline_osm_peak,C,33.3826903,126.6940924,0,U,,,screen_complete_existing_v6,high_stable,cloud_haze_shadow,no,U,abstain
JJ-OREUM-276,276,여절악,서귀포시,제주특별자치도 서귀포시 남원읍 신흥리 산18,209.8,110552.0,말굽형(남향),not_in_attachment_scope,resolved_offline_osm_peak,C,33.348929,126.7364776,0,U,,,screen_complete_existing_v6,low_or_unstable,pending,pending,U,abstain
JJ-OREUM-277,277,열안지,제주시,제주특별자치도 제주시 오라이동 산97,583.2,368262.0,말굽형(남동향),corroborated,resolved_offline_osm_peak,C,33.425875,126.5212028,4,U,,,screen_complete_existing_v6,high_unstable,pending,pending,U,abstain
JJ-OREUM-278,278,열안지오름,제주시,제주특별자치도 제주시 봉개동 산78-1,328.7,55701.0,말굽형(북향),corroborated,resolved_offline_osm_peak,C,33.4730719,126.6053687,2,U,,,screen_complete_existing_v6,low_or_unstable,pending,pending,U,abstain
JJ-OREUM-279,279,영아리,서귀포시,제주특별자치도 서귀포시 안덕면 상천리 산24,693.0,477656.0,말굽형(서향),not_in_attachment_scope,unresolved,U,,,0,U,,,pending_v7_multi_window_gate,,pending,pending,U,abstain
JJ-OREUM-280,280,영주산,서귀포시,제주특별자치도 서귀포시 표선면 성읍리 산18-1,326.4,1338920.0,말굽형(동남향),not_in_attachment_scope,resolved_offline_osm_peak,C,33.4046235,126.7962598,0,U,,,screen_complete_existing_v6,low_or_unstable,pending,pending,U,abstain
JJ-OREUM-281,281,영천악,서귀포시,제주특별자치도 서귀포시 상효동 2364,277.0,256127.0,원형,not_in_attachment_scope,resolved_offline_osm_peak,C,33.2952411,126.6008433,0,U,,,screen_complete_existing_v6,low_or_unstable,pending,pending,U,abstain
JJ-OREUM-282,282,예촌망,서귀포시,제주특별자치도 서귀포시 남원읍 하례리 95-11,67.5,312719.0,원추형,not_in_attachment_scope,resolved_offline_osm_peak,C,33.2569375,126.6304282,0,C,과수,5013025328100950002,screen_complete_existing_v6,low_or_unstable,pending,pending,U,abstain
JJ-OREUM-283,283,오구시오름,제주시,제주특별자치도 제주시 오등동 570-1,188.6,27729.0,말굽형(동향),corroborated,resolved_offline_osm_peak,C,33.4699864,126.5350734,4,U,,,screen_complete_existing_v6,low_or_unstable,pending,pending,U,abstain
JJ-OREUM-284,284,오드싱오름,제주시,제주특별자치도 제주시 오등동 1554,206.2,169387.0,말굽형(북향),corroborated,unresolved,U,,,4,U,,,pending_v7_multi_window_gate,,pending,pending,U,abstain
JJ-OREUM-285,285,오백나한,서귀포시,제주특별자치도 서귀포시 하원동 산1-1,1639.3,599856.0,복합형,not_in_attachment_scope,unresolved,U,,,0,U,,,pending_v7_multi_window_gate,,pending,pending,U,abstain
JJ-OREUM-286,286,왕관릉,제주시,제주특별자치도 제주시 오등동 산182,1666.3,43678.0,원추형,corroborated,resolved_offline_osm_peak,C,33.3711975,126.5330453,4,U,,,screen_complete_existing_v6,low_or_unstable,pending,pending,U,abstain
JJ-OREUM-287,287,왕오름,서귀포시,제주특별자치도 서귀포시 중문동 산1-1,1223.0,92387.0,원추형,not_in_attachment_scope,unresolved,U,,,0,U,,,pending_v7_multi_window_gate,,pending,pending,U,abstain
JJ-OREUM-288,288,왕이메,서귀포시,제주특별자치도 서귀포시 안덕면 광평리 산79,612.4,709179.0,복합형,not_in_attachment_scope,resolved_offline_osm_peak,C,33.3435327,126.3765879,0,U,,,screen_complete_existing_v6,high_unstable,pending,pending,U,abstain
JJ-OREUM-289,289,용눈이오름,제주시,제주특별자치도 제주시 구좌읍 종달리 산28,247.8,404264.0,복합형,corroborated,resolved_offline_osm_peak,C,33.4599065,126.8325016,2,U,,,screen_complete_existing_v6,low_or_unstable,pending,pending,U,abstain
JJ-OREUM-290,290,용머리,서귀포시,제주특별자치도 서귀포시 안덕면 사계리 112-1,48.5,59515.0,원추형,not_in_attachment_scope,unresolved,U,,,0,U,,,pending_v7_multi_window_gate,,pending,pending,U,abstain
JJ-OREUM-291,291,우보악,서귀포시,제주특별자치도 서귀포시 색달동 912-1,301.4,399924.0,말굽형(동향),not_in_attachment_scope,unresolved,U,,,0,U,,,pending_v7_multi_window_gate,,pending,pending,U,abstain
JJ-OREUM-292,292,우진제비,제주시,제주특별자치도 제주시 조천읍 선흘리 산111,410.6,406250.0,말굽형(북동향),corroborated,resolved_offline_osm_peak,C,33.4677794,126.6994832,4,U,,,screen_complete_existing_v6,low_or_unstable,pending,pending,U,abstain
JJ-OREUM-293,293,운지악,서귀포시,제주특별자치도 서귀포시 남원읍 남원리 760-2,113.5,37596.0,말굽형,not_in_attachment_scope,resolved_offline_osm_peak,C,33.2994833,126.7046944,0,U,,,screen_complete_existing_v6,low_or_unstable,pending,pending,U,abstain
JJ-OREUM-294,294,웃밤,제주시,제주특별자치도 제주시 조천읍 선흘리 산 84,416.8,376587.0,말굽형(북향),corroborated,resolved_offline_osm_peak,C,33.4773347,126.7154228,4,U,,,screen_complete_existing_v6,low_or_unstable,pending,pending,U,abstain
JJ-OREUM-295,295,웃방애오름,서귀포시,제주특별자치도 서귀포시 동홍동 산1,1747.9,89796.0,원추형,not_in_attachment_scope,resolved_offline_osm_peak,C,33.35696,126.529934,0,U,,,screen_complete_existing_v6,low_or_unstable,pending,pending,U,abstain
JJ-OREUM-296,296,웃선족이오름,제주시,제주특별자치도 제주시 구좌읍 송당리 산140-2,307.3,64789.0,말굽형(남향),corroborated,unresolved,U,,,3,U,,,pending_v7_multi_window_gate,,pending,pending,U,abstain
JJ-OREUM-297,297,웃세오름,제주시,제주특별자치도 제주시 애월읍 광령리 산183-6,1740.0,273416.0,원추형,conflict,unresolved,U,,,7,U,,,pending_v7_multi_window_gate,,pending,pending,U,abstain
JJ-OREUM-298,298,원당봉,제주시,제주특별자치도 제주시 삼양일동 산1-1,170.7,663286.0,말굽형(북향),corroborated,resolved_offline_osm_peak,C,33.5251329,126.5993679,1,U,,,screen_complete_existing_v6,low_or_unstable,pending,pending,U,abstain
JJ-OREUM-299,299,원수악,서귀포시,제주특별자치도 서귀포시 안덕면 동광리 산41,458.5,584056.0,말굽형(서향),not_in_attachment_scope,unresolved,U,,,0,U,,,pending_v7_multi_window_gate,,pending,pending,U,abstain
JJ-OREUM-300,300,월라봉,서귀포시,제주특별자치도 서귀포시 안덕면 감산리 1148,200.7,818809.0,복합형,not_in_attachment_scope,resolved_offline_osm_peak,C,33.2439019,126.3495017,0,U,,,screen_complete_existing_v6,high_unstable,pending,pending,U,abstain
JJ-OREUM-301,301,월라산,서귀포시,제주특별자치도 서귀포시 신효동 산1,117.8,498972.0,복합형,not_in_attachment_scope,unresolved,U,,,0,U,,,pending_v7_multi_window_gate,,pending,pending,U,abstain
JJ-OREUM-302,302,월랑지,서귀포시,제주특별자치도 서귀포시 표선면 성읍리 산5,260.2,83957.0,말굽형(북향),not_in_attachment_scope,resolved_offline_osm_peak,C,33.4391758,126.8096533,0,U,,,screen_complete_existing_v6,low_or_unstable,pending,pending,U,abstain
JJ-OREUM-303,303,월산봉,서귀포시,제주특별자치도 서귀포시 강정동 1461,212.2,0.0,원추형,not_in_attachment_scope,resolved_offline_osm_peak,C,33.25988,126.50025,0,U,,,screen_complete_existing_v6,low_or_unstable,pending,pending,U,abstain
JJ-OREUM-304,304,유건에오름,서귀포시,제주특별자치도 서귀포시 성산읍 난산리 2302,190.2,204487.0,원형,not_in_attachment_scope,unresolved,U,,,0,U,,,pending_v7_multi_window_gate,,pending,pending,U,abstain
JJ-OREUM-305,305,은월봉,제주시,제주특별자치도 제주시 구좌읍 종달리 산21,179.6,209307.0,말굽형(북동향),corroborated,resolved_offline_osm_peak,C,33.4691152,126.8555975,2,U,,,screen_complete_existing_v6,low_or_unstable,pending,pending,U,abstain
JJ-OREUM-306,306,응악,서귀포시,제주특별자치도 서귀포시 남원읍 수망리 127,178.0,23052.0,원추형,not_in_attachment_scope,unresolved,U,,,0,U,,,pending_v7_multi_window_gate,,pending,pending,U,abstain
JJ-OREUM-307,307,이계오름,제주시,제주특별자치도 제주시 한경면 청수리 1854,167.7,48811.0,말굽형(동향),corroborated,unresolved,U,,,1,U,,,pending_v7_multi_window_gate,,pending,pending,U,abstain
JJ-OREUM-308,308,이달봉,제주시,제주특별자치도 제주시 애월읍 봉성리 산71-1,488.7,250204.0,원추형,corroborated,resolved_offline_osm_peak,C,33.364167,126.3485106,0,U,,,screen_complete_existing_v6,low_or_unstable,pending,pending,U,abstain
JJ-OREUM-309,309,이달이촛대봉,제주시,제주특별자치도 제주시 애월읍 봉성리 산71-1,456.0,104258.0,원추형,corroborated,resolved_offline_osm_peak,C,33.3662917,126.347002,0,U,,,screen_complete_existing_v6,low_or_unstable,pending,pending,U,abstain
JJ-OREUM-310,310,이돈이오름,서귀포시,제주특별자치도 서귀포시 안덕면 광평리 산3,663.2,287784.0,말굽형(서향),not_in_attachment_scope,unresolved,U,,,0,U,,,pending_v7_multi_window_gate,,pending,pending,U,abstain
JJ-OREUM-311,311,이스렁오름,제주시,제주특별자치도 제주시 애월읍 광령리 산183-6,1352.6,155494.0,원추형,conflict,resolved_offline_osm_peak,C,33.3622551,126.4841947,7,U,,,screen_complete_existing_v6,low_or_unstable,pending,pending,U,abstain
JJ-OREUM-312,312,이승악,서귀포시,제주특별자치도 서귀포시 남원읍 신례리 산2-1,539.0,332070.0,말굽형(동향),not_in_attachment_scope,resolved_offline_osm_peak,C,33.3401686,126.6222535,0,U,,,screen_complete_existing_v6,low_or_unstable,pending,pending,U,abstain
JJ-OREUM-313,313,인정오름,서귀포시,제주특별자치도 서귀포시 토평동 1952,232.5,212119.0,원형,not_in_attachment_scope,resolved_offline_osm_peak,C,33.2843073,126.5849297,0,U,,,screen_complete_existing_v6,low_or_unstable,pending,pending,U,abstain
JJ-OREUM-314,314,입산봉,제주시,제주특별자치도 제주시 구좌읍 김녕리 1037-2,84.5,229521.0,원형,conflict,resolved_offline_osm_peak,C,33.5475847,126.7582359,1,U,,,screen_complete_existing_v6,low_or_unstable,pending,pending,U,abstain
JJ-OREUM-315,315,입석오름,서귀포시,제주특별자치도 서귀포시 남원읍 하례리 산1-7,1189.0,102586.0,원추형,not_in_attachment_scope,resolved_offline_osm_peak,C,33.3566955,126.5696461,0,U,,,screen_complete_existing_v6,high_unstable,pending,pending,U,abstain
JJ-OREUM-316,316,자배봉,서귀포시,제주특별자치도 서귀포시 남원읍 위미리 산143,211.3,440293.0,원형,not_in_attachment_scope,resolved_offline_osm_peak,C,33.301008,126.6769333,0,U,,,screen_complete_existing_v6,moderate_stable,pending,pending,U,abstain
JJ-OREUM-317,317,장구목,제주시,제주특별자치도 제주시 오라이동 산107,1813.0,227978.0,원추형,corroborated,ambiguous,U,,,4,U,,,pending_v7_multi_window_gate,,pending,pending,U,abstain
JJ-OREUM-318,318,장오름,서귀포시,제주특별자치도 서귀포시 중문동 산1-1,1132.1,55507.0,원추형,not_in_attachment_scope,unresolved,U,,,0,U,,,pending_v7_multi_window_gate,,pending,pending,U,abstain
JJ-OREUM-319,319,장자오름,서귀포시,제주특별자치도 서귀포시 표선면 성읍리 2768,215.9,71285.0,원추형,not_in_attachment_scope,ambiguous,U,,,0,U,,,pending_v7_multi_window_gate,,pending,pending,U,abstain
JJ-OREUM-320,320,저지오름,제주시,제주특별자치도 제주시 한경면 저지리 산51,239.3,379316.0,원형,corroborated,resolved_offline_osm_peak,C,33.3329288,126.2509465,2,U,,,screen_complete_existing_v6,low_or_unstable,pending,pending,U,abstain
JJ-OREUM-321,321,절물오름(족은대나),제주시,제주특별자치도 제주시 봉개동 산78-1,656.7,305719.0,말굽형(북동향),corroborated,ambiguous,U,,,2,U,,,pending_v7_multi_window_gate,,pending,pending,U,abstain
JJ-OREUM-322,322,절물오름(큰대나),제주시,제주특별자치도 제주시 봉개동 산78-1,696.9,397123.0,원형,corroborated,ambiguous,U,,,2,U,,,pending_v7_multi_window_gate,,pending,pending,U,abstain
JJ-OREUM-323,323,정물알오름,제주시,제주특별자치도 제주시 한림읍 금악리 105-1,355.5,52854.0,원추형,corroborated,unresolved,U,,,13,U,,,pending_v7_multi_window_gate,,pending,pending,U,abstain
JJ-OREUM-324,324,정물오름,제주시,제주특별자치도 제주시 한림읍 금악리 산52-1,466.1,494293.0,말굽형(북서향),corroborated,resolved_offline_osm_peak,C,33.3384742,126.3295604,13,U,,,screen_complete_existing_v6,low_or_unstable,pending,pending,U,abstain
JJ-OREUM-325,325,정월오름,제주시,제주특별자치도 제주시 한림읍 금능리 565-61,106.2,192446.0,말굽형(북서향),corroborated,resolved_offline_osm_peak,C,33.3636835,126.241509,5,U,,,screen_complete_existing_v6,low_or_unstable,pending,pending,U,abstain
JJ-OREUM-326,326,제석오름,서귀포시,제주특별자치도 서귀포시 표선면 하천리 429-1,87.5,58164.0,원추형,not_in_attachment_scope,resolved_offline_osm_peak,C,33.3475462,126.8358901,0,U,,,screen_complete_existing_v6,low_or_unstable,pending,pending,U,abstain
JJ-OREUM-327,327,제지기오름,서귀포시,제주특별자치도 서귀포시 보목동 산1,94.8,77023.0,원추형,not_in_attachment_scope,resolved_offline_osm_peak,C,33.2418268,126.6093014,0,U,,,screen_complete_existing_v6,low_or_unstable,pending,pending,U,abstain
JJ-OREUM-328,328,족은개오리,제주시,제주특별자치도 제주시 봉개동 산78-1,664.0,175778.0,말굽형(서향),corroborated,unresolved,U,,,2,U,,,pending_v7_multi_window_gate,,pending,pending,U,abstain
JJ-OREUM-329,329,족은노로오름,제주시,제주특별자치도 제주시 애월읍 고성리 산145,1019.2,95867.0,복합형,corroborated,unresolved,U,,,0,U,,,pending_v7_multi_window_gate,,pending,pending,U,abstain
JJ-OREUM-330,330,족은노리손이,제주시,제주특별자치도 제주시 봉개동 234-231,413.8,14756.0,원추형,conflict,unresolved,U,,,2,U,,,pending_v7_multi_window_gate,,pending,pending,U,abstain
JJ-OREUM-331,331,족은대비악,서귀포시,제주특별자치도 서귀포시 안덕면 광평리 산59,541.2,188947.0,복합형,not_in_attachment_scope,resolved_offline_osm_peak,C,33.3304678,126.3690562,0,U,,,screen_complete_existing_v6,low_or_unstable,pending,pending,U,abstain
JJ-OREUM-332,332,족은돌이미,제주시,제주특별자치도 제주시 구좌읍 송당리 2451,274.0,66814.0,말굽형(동남향),corroborated,resolved_offline_osm_peak,C,33.4400907,126.7731454,3,U,,,screen_complete_existing_v6,low_or_unstable,pending,pending,U,abstain
JJ-OREUM-333,333,족은드레,제주시,제주특별자치도 제주시 해안동 산220-1,1339.2,685355.0,원추형,corroborated,unresolved,U,,,8,U,,,pending_v7_multi_window_gate,,pending,pending,U,abstain
JJ-OREUM-334,334,족은바리메,제주시,제주특별자치도 제주시 애월읍 상가리 산124,725.8,688020.0,말굽형(북서향),corroborated,resolved_offline_osm_peak,C,33.3757183,126.4002568,2,U,,,screen_complete_existing_v6,low_or_unstable,pending,pending,U,abstain
JJ-OREUM-335,335,족은방애오름,제주시,제주특별자치도 제주시 조천읍 교래리 산 44,437.5,61947.0,말굽형(북동향),corroborated,resolved_offline_osm_peak,C,33.43915,126.6840583,6,U,,,screen_complete_existing_v6,low_or_unstable,pending,pending,U,abstain
JJ-OREUM-336,336,족은오름,제주시,제주특별자치도 제주시 애월읍 광령리 산183-6,1698.9,116502.0,원추형,conflict,unresolved,U,,,7,U,,,pending_v7_multi_window_gate,,pending,pending,U,abstain
JJ-OREUM-337,337,족은지그리,제주시,제주특별자치도 제주시 조천읍 교래리 산119,504.0,120674.0,말굽형(남동향),corroborated,resolved_offline_osm_peak,C,33.4501101,126.6457443,6,U,,,screen_complete_existing_v6,low_or_unstable,pending,pending,U,abstain
JJ-OREUM-338,338,종재기악,제주시,제주특별자치도 제주시 구좌읍 덕천리 1307,254.9,22813.0,원추형,corroborated,unresolved,U,,,1,U,,,pending_v7_multi_window_gate,,pending,pending,U,abstain
JJ-OREUM-339,339,좌보미,서귀포시,제주특별자치도 서귀포시 표선면 성읍리 산6,342.0,631356.0,말굽형(남향),not_in_attachment_scope,resolved_offline_osm_peak,C,33.4360887,126.8067722,0,U,,,screen_complete_existing_v6,low_or_unstable,pending,pending,U,abstain
JJ-OREUM-340,340,좌보미알오름,서귀포시,제주특별자치도 서귀포시 표선면 성읍리 93,227.5,18946.0,원형,not_in_attachment_scope,resolved_offline_osm_peak,C,33.43281,126.81495,0,U,,,screen_complete_existing_v6,low_or_unstable,pending,pending,U,abstain
JJ-OREUM-341,341,주체오름,제주시,제주특별자치도 제주시 구좌읍 덕천리 864,220.6,61751.0,말굽형(남서향),corroborated,resolved_offline_osm_peak,C,33.4922209,126.748118,1,U,,,screen_complete_existing_v6,low_or_unstable,pending,pending,U,abstain
JJ-OREUM-342,342,지미봉,제주시,제주특별자치도 제주시 구좌읍 종달리 산3-1,165.8,423814.0,말굽형(북향),corroborated,resolved_offline_osm_peak,C,33.4992653,126.9023646,2,U,,,screen_complete_existing_v6,low_or_unstable,pending,pending,U,abstain
JJ-OREUM-343,343,진물굼부리,제주시,제주특별자치도 제주시 봉개동 산78-1,573.0,50595.0,말굽형(남서향),corroborated,unresolved,U,,,2,U,,,pending_v7_multi_window_gate,,pending,pending,U,abstain
JJ-OREUM-344,344,천아오름,제주시,제주특별자치도 제주시 애월읍 광령리 산182-1,797.0,157348.0,말굽형(북서향),conflict,resolved_offline_osm_peak,C,33.3962689,126.4499413,7,U,,,screen_complete_existing_v6,low_or_unstable,pending,pending,U,abstain
JJ-OREUM-345,345,천아오름,제주시,제주특별자치도 제주시 한림읍 상대리 1689,133.6,127387.0,말굽형(서남향),corroborated,resolved_offline_osm_peak,C,33.4045777,126.2988927,2,U,,,screen_complete_existing_v6,low_or_unstable,pending,pending,U,abstain
JJ-OREUM-346,346,체오름,제주시,제주특별자치도 제주시 구좌읍 덕천리 산 2,382.2,553701.0,말굽형(북동향),corroborated,resolved_offline_osm_peak,C,33.4658896,126.7492543,1,U,,,screen_complete_existing_v6,low_or_unstable,pending,pending,U,abstain
JJ-OREUM-347,347,쳇망오름,서귀포시,제주특별자치도 서귀포시 표선면 가시리 산158-2,444.6,140916.0,원형,not_in_attachment_scope,resolved_offline_osm_peak,C,33.394679,126.690582,0,U,,,screen_complete_existing_v6,low_or_unstable,pending,pending,U,abstain
JJ-OREUM-348,348,쳇망오름,제주시,제주특별자치도 제주시 애월읍 광령리 산183-6,1354.9,238510.0,말굽형(북서향),conflict,unresolved,U,,,7,U,,,pending_v7_multi_window_gate,,pending,pending,U,abstain
JJ-OREUM-349,349,칡(족은)오름,제주시,제주특별자치도 제주시 봉개동 466-2,326.5,51407.0,원추형,corroborated,resolved_offline_osm_peak,C,33.4753831,126.6126869,2,U,,,screen_complete_existing_v6,high_unstable,pending,pending,U,abstain
JJ-OREUM-350,350,칡(큰)오름,제주시,제주특별자치도 제주시 봉개동 466-2,336.6,50953.0,원추형,corroborated,ambiguous,U,,,2,U,,,pending_v7_multi_window_gate,,pending,pending,U,abstain
JJ-OREUM-351,351,칡오름,서귀포시,제주특별자치도 서귀포시 상효동 2308-1,271.0,337365.0,원형,not_in_attachment_scope,resolved_offline_osm_peak,C,33.2840136,126.6028985,0,U,,,screen_complete_existing_v6,high_stable,cloud_haze_shadow,no,U,abstain
JJ-OREUM-352,352,칡오름,제주시,제주특별자치도 제주시 구좌읍 송당리 산155,303.9,126006.0,말굽형(남서향),corroborated,resolved_offline_osm_peak,C,33.4442936,126.7620643,3,U,,,screen_complete_existing_v6,low_or_unstable,pending,pending,U,abstain
JJ-OREUM-353,353,큰노리손이,제주시,제주특별자치도 제주시 봉개동 234-231,426.6,69773.0,원추형,conflict,unresolved,U,,,2,U,,,pending_v7_multi_window_gate,,pending,pending,U,abstain
JJ-OREUM-354,354,큰돌이미,제주시,제주특별자치도 제주시 구좌읍 송당리 산255-1,311.9,273308.0,말굽형(동북향),corroborated,unresolved,U,,,3,U,,,pending_v7_multi_window_gate,,pending,pending,U,abstain
JJ-OREUM-355,355,큰드레,제주시,제주특별자치도 제주시 오라동 산107,1628.4,490592.0,원추형,corroborated,unresolved,U,,,0,U,,,pending_v7_multi_window_gate,,pending,pending,U,abstain
JJ-OREUM-356,356,큰지그리,제주시,제주특별자치도 제주시 조천읍 교래리 산119,598.0,344976.0,말굽형(남서향),corroborated,resolved_offline_osm_peak,C,33.4437827,126.6452612,6,U,,,screen_complete_existing_v6,low_or_unstable,pending,pending,U,abstain
JJ-OREUM-357,357,테역장오리,제주시,제주특별자치도 제주시 봉개동 산78-2,846.3,104519.0,말굽형(북향),corroborated,resolved_offline_osm_peak,C,33.4108769,126.6032562,2,U,,,screen_complete_existing_v6,high_unstable,pending,pending,U,abstain
JJ-OREUM-358,358,토산봉,서귀포시,제주특별자치도 서귀포시 표선면 토산리 산13,175.4,398823.0,복합형,not_in_attachment_scope,unresolved,U,,,0,U,,,pending_v7_multi_window_gate,,pending,pending,U,abstain
JJ-OREUM-359,359,통오름,서귀포시,제주특별자치도 서귀포시 성산읍 난산리 1976-1,143.1,258114.0,말굽형(서향),not_in_attachment_scope,resolved_offline_osm_peak,C,33.3921885,126.8531147,0,U,,,screen_complete_existing_v6,high_unstable,pending,pending,U,abstain
JJ-OREUM-360,360,파군봉,제주시,제주특별자치도 제주시 애월읍 하귀1리 688-1,84.5,59269.0,원추형,corroborated,unresolved,U,,,1,U,,,pending_v7_multi_window_gate,,pending,pending,U,abstain
JJ-OREUM-361,361,판포오름,제주시,제주특별자치도 제주시 한경면 판포리 935-1,93.2,192446.0,말굽형(동향),corroborated,unresolved,U,,,4,U,,,pending_v7_multi_window_gate,,pending,pending,U,abstain
JJ-OREUM-362,362,폭낭오름,제주시,제주특별자치도 제주시 애월읍 봉성리 산43,645.5,583171.0,복합형,corroborated,resolved_offline_osm_peak,C,33.3521427,126.3819717,0,U,,,screen_complete_existing_v6,low_or_unstable,pending,pending,U,abstain
JJ-OREUM-363,363,하논,서귀포시,제주특별자치도 서귀포시 호근동 149,143.4,1266825.0,원형,not_in_attachment_scope,unresolved,U,,,0,U,,,pending_v7_multi_window_gate,,pending,pending,U,abstain
JJ-OREUM-364,364,하늬보기,서귀포시,제주특별자치도 서귀포시 안덕면 상천리 산89-1,592.3,17795.0,원추형,not_in_attachment_scope,resolved_offline_osm_peak,C,33.3269278,126.3915389,0,U,,,screen_complete_existing_v6,low_or_unstable,pending,pending,U,abstain
JJ-OREUM-365,365,한대오름,제주시,제주특별자치도 제주시 애월읍 봉성리 산1,921.4,132263.0,원추형,corroborated,resolved_offline_osm_peak,C,33.3563423,126.4244898,0,U,,,screen_complete_existing_v6,low_or_unstable,pending,pending,U,abstain
JJ-OREUM-366,366,후곡악,서귀포시,제주특별자치도 서귀포시 성산읍 수산리 4504,206.2,54168.0,말굽형(서남향),not_in_attachment_scope,unresolved,U,,,3,U,,,pending_v7_multi_window_gate,,pending,pending,U,abstain
JJ-OREUM-367,367,흑악,서귀포시,제주특별자치도 서귀포시 남원읍 신례리 산2-1,590.1,32197.0,원추형,not_in_attachment_scope,resolved_offline_osm_peak,C,33.3489222,126.619025,0,U,,,screen_complete_existing_v6,low_or_unstable,pending,pending,U,abstain
JJ-OREUM-368,368,흙붉은오름,제주시,제주특별자치도 제주시 아라일동 산67,1380.7,721090.0,말굽형(동향),corroborated,resolved_offline_osm_peak,C,33.37969,126.5601442,1,U,,,screen_complete_existing_v6,low_or_unstable,pending,pending,U,abstain
