bad_proxy_mean,embedding_bands,gallery_lattice_tokens,height,query_lattice_linear_cka,query_lattice_paired_cosine_mean,query_lattice_row_normalized_linear_cka,query_lattice_tokens,sample_id,spatial_cluster_id,spatial_key,split,valid_grid_tokens,width,window,year
0.0007808208465576172,768,256,256,0.4951193856280127,-0.010820776377174591,0.5638575653222552,64,legacy_mosaic_12_period__2023__22528_-367616,jeju-window-22528_-367616,22528_-367616,calibration,65536,256,jeju23_22528_-367616,2023
0.00014925003051757812,768,256,256,0.4292001688321485,-0.00653376071867434,0.5197748078610804,64,legacy_mosaic_12_period__2023__22528_-368640,jeju-window-22528_-368640,22528_-368640,calibration,65536,256,jeju23_22528_-368640,2023
0.00464177131652832,768,256,256,0.6385637162528482,-0.008003293238759965,0.7324948792668787,64,legacy_mosaic_12_period__2023__22528_-369664,jeju-window-22528_-369664,22528_-369664,calibration,65536,256,jeju23_22528_-369664,2023
0.015028238296508789,768,256,256,0.32359449892763953,-0.010558428095813423,0.40217056018697495,64,legacy_mosaic_12_period__2023__22528_-370688,jeju-window-22528_-370688,22528_-370688,calibration,65536,256,jeju23_22528_-370688,2023
0.09824109077453613,768,256,256,0.397888048315606,-0.006012679973281727,0.4800615448229477,64,legacy_mosaic_12_period__2023__22528_-371712,jeju-window-22528_-371712,22528_-371712,calibration,65536,256,jeju23_22528_-371712,2023
0.060425758361816406,768,256,256,0.34573968795116283,-0.008694492709028116,0.42318396331209435,64,legacy_mosaic_12_period__2023__22528_-372736,jeju-window-22528_-372736,22528_-372736,calibration,65536,256,jeju23_22528_-372736,2023
0.003942728042602539,768,256,256,0.9027062778098056,-0.011367097784019228,0.9635685855168608,64,legacy_mosaic_12_period__2023__23552_-367616,jeju-window-23552_-367616,23552_-367616,calibration,65536,256,jeju23_23552_-367616,2023
0.00906682014465332,768,256,256,0.9695332425671553,-0.0064486427084318645,0.9370586831130873,64,legacy_mosaic_12_period__2023__23552_-368640,jeju-window-23552_-368640,23552_-368640,calibration,65536,256,jeju23_23552_-368640,2023
0.029619932174682617,768,256,256,0.9255766509455312,-0.011163644444661343,0.9192735732264133,64,legacy_mosaic_12_period__2023__23552_-369664,jeju-window-23552_-369664,23552_-369664,calibration,65536,256,jeju23_23552_-369664,2023
0.10733842849731445,768,256,256,0.9669712967796588,-0.004581961545375852,0.9521090820290139,64,legacy_mosaic_12_period__2023__23552_-370688,jeju-window-23552_-370688,23552_-370688,calibration,65536,256,jeju23_23552_-370688,2023
0.23761987686157227,768,256,256,0.3873223648584915,-0.00357750326848434,0.45946550087746857,64,legacy_mosaic_12_period__2023__23552_-371712,jeju-window-23552_-371712,23552_-371712,calibration,65536,256,jeju23_23552_-371712,2023
0.15522003173828125,768,256,256,0.4577192279186718,-0.005894603624161167,0.5493999391509925,64,legacy_mosaic_12_period__2023__23552_-372736,jeju-window-23552_-372736,23552_-372736,calibration,65536,256,jeju23_23552_-372736,2023
0.030283212661743164,768,256,256,0.6452479144802065,-0.008792609355512935,0.7715719010583046,64,legacy_mosaic_12_period__2023__24576_-367616,jeju-window-24576_-367616,24576_-367616,calibration,65536,256,jeju23_24576_-367616,2023
0.0695044994354248,768,256,256,0.9657795289482752,-0.007329112463075578,0.935918786298294,64,legacy_mosaic_12_period__2023__24576_-368640,jeju-window-24576_-368640,24576_-368640,calibration,65536,256,jeju23_24576_-368640,2023
0.12708663940429688,768,256,256,0.9342850289421113,-0.00513596657228833,0.935195407231018,64,legacy_mosaic_12_period__2023__24576_-369664,jeju-window-24576_-369664,24576_-369664,calibration,65536,256,jeju23_24576_-369664,2023
0.11638998985290527,768,256,256,0.9237434771513245,-0.004056736267325122,0.9249224698348094,64,legacy_mosaic_12_period__2023__24576_-370688,jeju-window-24576_-370688,24576_-370688,calibration,65536,256,jeju23_24576_-370688,2023
0.17057180404663086,768,256,256,0.9211566508454169,-0.007291325224938713,0.9509150555311766,64,legacy_mosaic_12_period__2023__24576_-371712,jeju-window-24576_-371712,24576_-371712,calibration,65536,256,jeju23_24576_-371712,2023
0.1397254467010498,768,256,256,0.6073543092970476,-0.012073742833974308,0.7176229984669616,64,legacy_mosaic_12_period__2023__24576_-372736,jeju-window-24576_-372736,24576_-372736,calibration,65536,256,jeju23_24576_-372736,2023
0.007504463195800781,768,256,256,0.5012547075480552,-0.013539624400911207,0.6184526958550082,64,legacy_mosaic_12_period__2023__25600_-367616,jeju-window-25600_-367616,25600_-367616,calibration,65536,256,jeju23_25600_-367616,2023
0.17900371551513672,768,256,256,0.959154158457601,-0.004218367503284642,0.9332359515646277,64,legacy_mosaic_12_period__2023__25600_-368640,jeju-window-25600_-368640,25600_-368640,calibration,65536,256,jeju23_25600_-368640,2023
0.31257057189941406,768,256,256,0.9268025418935022,-0.0005994474565922088,0.9316978684536669,64,legacy_mosaic_12_period__2023__25600_-369664,jeju-window-25600_-369664,25600_-369664,calibration,65536,256,jeju23_25600_-369664,2023
0.04236125946044922,768,256,256,0.9430707197864503,0.0011624133835261338,0.9423593553658445,64,legacy_mosaic_12_period__2023__25600_-370688,jeju-window-25600_-370688,25600_-370688,calibration,65536,256,jeju23_25600_-370688,2023
0.06604123115539551,768,256,256,0.9765274825911788,-0.01071394788638105,0.9682966805428275,64,legacy_mosaic_12_period__2023__25600_-371712,jeju-window-25600_-371712,25600_-371712,calibration,65536,256,jeju23_25600_-371712,2023
0.10065627098083496,768,256,256,0.5839457875764086,-0.013891329091860465,0.6800152990839738,64,legacy_mosaic_12_period__2023__25600_-372736,jeju-window-25600_-372736,25600_-372736,calibration,65536,256,jeju23_25600_-372736,2023
0.021420717239379883,768,256,256,0.36324490032458484,-0.01468949750181307,0.4766823040443104,64,legacy_mosaic_12_period__2023__26624_-367616,jeju-window-26624_-367616,26624_-367616,calibration,65536,256,jeju23_26624_-367616,2023
0.24062180519104004,768,256,256,0.9631930216353858,-0.008477843003874691,0.9446937844412848,64,legacy_mosaic_12_period__2023__26624_-368640,jeju-window-26624_-368640,26624_-368640,calibration,65536,256,jeju23_26624_-368640,2023
0.3915746212005615,768,256,256,0.930587081389756,-0.006416195219856618,0.9361059502375353,64,legacy_mosaic_12_period__2023__26624_-369664,jeju-window-26624_-369664,26624_-369664,calibration,65536,256,jeju23_26624_-369664,2023
0.03648090362548828,768,256,256,0.947370656942636,0.0013303081293933904,0.9472635189381026,64,legacy_mosaic_12_period__2023__26624_-370688,jeju-window-26624_-370688,26624_-370688,calibration,65536,256,jeju23_26624_-370688,2023
0.012364387512207031,768,256,256,0.9660228307158344,-0.006146876193355383,0.9420468245179036,64,legacy_mosaic_12_period__2023__26624_-371712,jeju-window-26624_-371712,26624_-371712,calibration,65536,256,jeju23_26624_-371712,2023
0.032711029052734375,768,256,256,0.5653199617506847,-0.015971546373923465,0.6317071977989458,64,legacy_mosaic_12_period__2023__26624_-372736,jeju-window-26624_-372736,26624_-372736,calibration,65536,256,jeju23_26624_-372736,2023
0.08611321449279785,768,256,256,0.42498103152014416,-0.016933972609876113,0.5440788424104415,64,legacy_mosaic_12_period__2023__27648_-367616,jeju-window-27648_-367616,27648_-367616,embargo,65536,256,jeju23_27648_-367616,2023
0.13117647171020508,768,256,256,0.9767668203690634,-0.010760494962412201,0.9761936988191268,64,legacy_mosaic_12_period__2023__27648_-368640,jeju-window-27648_-368640,27648_-368640,embargo,65536,256,jeju23_27648_-368640,2023
0.2551231384277344,768,256,256,0.9349583974753735,-0.009103245855550333,0.9383394763404832,64,legacy_mosaic_12_period__2023__27648_-369664,jeju-window-27648_-369664,27648_-369664,embargo,65536,256,jeju23_27648_-369664,2023
0.05397343635559082,768,256,256,0.9406397815711426,-0.001874029207807477,0.9440170671241803,64,legacy_mosaic_12_period__2023__27648_-370688,jeju-window-27648_-370688,27648_-370688,embargo,65536,256,jeju23_27648_-370688,2023
0.010127544403076172,768,256,256,0.9425375290525958,-0.010463837515169033,0.9126508028600046,64,legacy_mosaic_12_period__2023__27648_-371712,jeju-window-27648_-371712,27648_-371712,embargo,65536,256,jeju23_27648_-371712,2023
0.0007593631744384766,768,256,256,0.46125821556578145,-0.020597744537918,0.565584715584526,64,legacy_mosaic_12_period__2023__27648_-372736,jeju-window-27648_-372736,27648_-372736,embargo,65536,256,jeju23_27648_-372736,2023
0.07872152328491211,768,256,256,0.5045352913613367,-0.011846334968724987,0.6216603448427283,64,legacy_mosaic_12_period__2023__28672_-367616,jeju-window-28672_-367616,28672_-367616,sealed_test,65536,256,jeju23_28672_-367616,2023
0.08473777770996094,768,256,256,0.9259020049918781,-0.009274786961338797,0.961241652912784,64,legacy_mosaic_12_period__2023__28672_-368640,jeju-window-28672_-368640,28672_-368640,sealed_test,65536,256,jeju23_28672_-368640,2023
0.17706823348999023,768,256,256,0.9044459227267972,-0.00813038747734434,0.9126028771765662,64,legacy_mosaic_12_period__2023__28672_-369664,jeju-window-28672_-369664,28672_-369664,sealed_test,65536,256,jeju23_28672_-369664,2023
0.13298678398132324,768,256,256,0.9338259030893461,-0.006815589451353328,0.9395131402886704,64,legacy_mosaic_12_period__2023__28672_-370688,jeju-window-28672_-370688,28672_-370688,sealed_test,65536,256,jeju23_28672_-370688,2023
0.019688844680786133,768,256,256,0.9073357358233436,-0.006601790805769645,0.9009026854049377,64,legacy_mosaic_12_period__2023__28672_-371712,jeju-window-28672_-371712,28672_-371712,sealed_test,65536,256,jeju23_28672_-371712,2023
2.0265579223632812e-05,768,256,256,0.4471839863142571,-0.018896573821310075,0.5599467875638966,64,legacy_mosaic_12_period__2023__28672_-372736,jeju-window-28672_-372736,28672_-372736,disclosed_audit,65536,256,jeju23_28672_-372736,2023
0.05231451988220215,768,256,256,0.5388794855881662,-0.011622213699061468,0.6431843837567361,64,legacy_mosaic_12_period__2023__29696_-367616,jeju-window-29696_-367616,29696_-367616,disclosed_audit,65536,256,jeju23_29696_-367616,2023
0.07449054718017578,768,256,256,0.563118819807958,-0.009095157526324314,0.6864341805669184,64,legacy_mosaic_12_period__2023__29696_-368640,jeju-window-29696_-368640,29696_-368640,sealed_test,65536,256,jeju23_29696_-368640,2023
0.10849428176879883,768,256,256,0.9627492857381797,-0.009822244557885693,0.9630054576666617,64,legacy_mosaic_12_period__2023__29696_-369664,jeju-window-29696_-369664,29696_-369664,sealed_test,65536,256,jeju23_29696_-369664,2023
0.07557129859924316,768,256,256,0.8985759042034749,-0.020552030384337207,0.9052572638369509,64,legacy_mosaic_12_period__2023__29696_-370688,jeju-window-29696_-370688,29696_-370688,sealed_test,65536,256,jeju23_29696_-370688,2023
0.024675369262695312,768,256,256,0.9602910697696956,-0.014981729511666278,0.9384966106188743,64,legacy_mosaic_12_period__2023__29696_-371712,jeju-window-29696_-371712,29696_-371712,sealed_test,65536,256,jeju23_29696_-371712,2023
0.003389120101928711,768,256,256,0.5088714513609478,-0.018912858363465332,0.5896274411377681,64,legacy_mosaic_12_period__2023__29696_-372736,jeju-window-29696_-372736,29696_-372736,sealed_test,65536,256,jeju23_29696_-372736,2023
0.04290580749511719,768,256,256,0.6320446150144516,-0.019894355403442004,0.7067093824498908,64,legacy_mosaic_12_period__2023__30720_-367616,jeju-window-30720_-367616,30720_-367616,sealed_test,65536,256,jeju23_30720_-367616,2023
0.05167436599731445,768,256,256,0.7404717719009494,-0.022177868000018804,0.7857499628858883,64,legacy_mosaic_12_period__2023__30720_-368640,jeju-window-30720_-368640,30720_-368640,sealed_test,65536,256,jeju23_30720_-368640,2023
0.08485174179077148,768,256,256,0.8886160486757754,-0.014009560229143802,0.9000169520875949,64,legacy_mosaic_12_period__2023__30720_-369664,jeju-window-30720_-369664,30720_-369664,sealed_test,65536,256,jeju23_30720_-369664,2023
0.07555699348449707,768,256,256,0.8080967359673288,-0.007431800072547602,0.8368243121347648,64,legacy_mosaic_12_period__2023__30720_-370688,jeju-window-30720_-370688,30720_-370688,sealed_test,65536,256,jeju23_30720_-370688,2023
0.003609180450439453,768,256,256,0.937085036077157,-0.006797970306832971,0.9499664964831243,64,legacy_mosaic_12_period__2023__30720_-371712,jeju-window-30720_-371712,30720_-371712,sealed_test,65536,256,jeju23_30720_-371712,2023
0.003536224365234375,768,256,256,0.585723094514986,-0.011638542213003759,0.7078066382704341,64,legacy_mosaic_12_period__2023__30720_-372736,jeju-window-30720_-372736,30720_-372736,sealed_test,65536,256,jeju23_30720_-372736,2023
0.04527616500854492,768,256,256,0.5235972382583997,-0.0095205078263161,0.5936725293677284,64,legacy_mosaic_12_period__2024__22528_-367616,jeju-window-22528_-367616,22528_-367616,calibration,65536,256,jeju_22528_-367616,2024
0.05907487869262695,768,256,256,0.37840228845645857,-0.007004501831115667,0.44222147162711123,64,legacy_mosaic_12_period__2024__22528_-368640,jeju-window-22528_-368640,22528_-368640,calibration,65536,256,jeju_22528_-368640,2024
0.034983158111572266,768,256,256,0.6343863024213316,-0.012597210346628782,0.7148879464145342,64,legacy_mosaic_12_period__2024__22528_-369664,jeju-window-22528_-369664,22528_-369664,calibration,65536,256,jeju_22528_-369664,2024
0.07484555244445801,768,256,256,0.6125431336834071,-0.0115791600257988,0.7112779106319994,64,legacy_mosaic_12_period__2024__22528_-370688,jeju-window-22528_-370688,22528_-370688,calibration,65536,256,jeju_22528_-370688,2024
0.0035839080810546875,768,256,256,0.33396105033969414,-0.005220317496170987,0.4183017696855623,64,legacy_mosaic_12_period__2024__22528_-371712,jeju-window-22528_-371712,22528_-371712,calibration,65536,256,jeju_22528_-371712,2024
0.0005211830139160156,768,256,256,0.2926910105984473,-0.013629985801751834,0.39940969726537573,64,legacy_mosaic_12_period__2024__22528_-372736,jeju-window-22528_-372736,22528_-372736,calibration,65536,256,jeju_22528_-372736,2024
0.021332502365112305,768,256,256,0.8274603564358792,-0.011300873319297335,0.8843804271273663,64,legacy_mosaic_12_period__2024__23552_-367616,jeju-window-23552_-367616,23552_-367616,calibration,65536,256,jeju_23552_-367616,2024
0.0740048885345459,768,256,256,0.9686125244155349,-0.0029944271644596916,0.9429964929884476,64,legacy_mosaic_12_period__2024__23552_-368640,jeju-window-23552_-368640,23552_-368640,calibration,65536,256,jeju_23552_-368640,2024
0.07980799674987793,768,256,256,0.9348238717522827,-0.008386460547510514,0.9258897133345643,64,legacy_mosaic_12_period__2024__23552_-369664,jeju-window-23552_-369664,23552_-369664,calibration,65536,256,jeju_23552_-369664,2024
0.029567480087280273,768,256,256,0.9555220454902583,-0.008986738725482668,0.9471629032349167,64,legacy_mosaic_12_period__2024__23552_-370688,jeju-window-23552_-370688,23552_-370688,calibration,65536,256,jeju_23552_-370688,2024
0.002439737319946289,768,256,256,0.39629853596333453,-0.006532117189861418,0.47962723361035836,64,legacy_mosaic_12_period__2024__23552_-371712,jeju-window-23552_-371712,23552_-371712,calibration,65536,256,jeju_23552_-371712,2024
9.298324584960938e-06,768,256,256,0.3641122923675475,-0.007600055234587149,0.43402400061305557,64,legacy_mosaic_12_period__2024__23552_-372736,jeju-window-23552_-372736,23552_-372736,calibration,65536,256,jeju_23552_-372736,2024
0.00039196014404296875,768,256,256,0.5857618518916519,-0.012993024856725377,0.6806388138751839,64,legacy_mosaic_12_period__2024__24576_-367616,jeju-window-24576_-367616,24576_-367616,calibration,65536,256,jeju_24576_-367616,2024
0.011382579803466797,768,256,256,0.9673978130683171,-0.003084102895908174,0.9392939824081286,64,legacy_mosaic_12_period__2024__24576_-368640,jeju-window-24576_-368640,24576_-368640,calibration,65536,256,jeju_24576_-368640,2024
0.10897994041442871,768,256,256,0.9370842717547049,-0.0030038783769696705,0.9445752731144285,64,legacy_mosaic_12_period__2024__24576_-369664,jeju-window-24576_-369664,24576_-369664,calibration,65536,256,jeju_24576_-369664,2024
0.12399625778198242,768,256,256,0.9090989447331788,-0.006322501085556301,0.9128490337466354,64,legacy_mosaic_12_period__2024__24576_-370688,jeju-window-24576_-370688,24576_-370688,calibration,65536,256,jeju_24576_-370688,2024
0.015044689178466797,768,256,256,0.8930169337579071,-0.005859694069125565,0.9247834684924096,64,legacy_mosaic_12_period__2024__24576_-371712,jeju-window-24576_-371712,24576_-371712,calibration,65536,256,jeju_24576_-371712,2024
0.0042879581451416016,768,256,256,0.5263225453678687,-0.006019491607269981,0.6280445930898686,64,legacy_mosaic_12_period__2024__24576_-372736,jeju-window-24576_-372736,24576_-372736,calibration,65536,256,jeju_24576_-372736,2024
2.288818359375e-05,768,256,256,0.3468687508622379,-0.014015974963338226,0.4481327316059245,64,legacy_mosaic_12_period__2024__25600_-367616,jeju-window-25600_-367616,25600_-367616,calibration,65536,256,jeju_25600_-367616,2024
0.015347003936767578,768,256,256,0.9587692991947954,-0.0009160008481755232,0.9262224020832424,64,legacy_mosaic_12_period__2024__25600_-368640,jeju-window-25600_-368640,25600_-368640,calibration,65536,256,jeju_25600_-368640,2024
0.17123079299926758,768,256,256,0.920875014048962,0.00464966260544812,0.9322296414743347,64,legacy_mosaic_12_period__2024__25600_-369664,jeju-window-25600_-369664,25600_-369664,calibration,65536,256,jeju_25600_-369664,2024
0.18479061126708984,768,256,256,0.9350114066603579,0.005706257476100507,0.936148719553275,64,legacy_mosaic_12_period__2024__25600_-370688,jeju-window-25600_-370688,25600_-370688,calibration,65536,256,jeju_25600_-370688,2024
0.06626057624816895,768,256,256,0.9770919900559906,-0.008271133937691494,0.9725892730169124,64,legacy_mosaic_12_period__2024__25600_-371712,jeju-window-25600_-371712,25600_-371712,calibration,65536,256,jeju_25600_-371712,2024
0.0033593177795410156,768,256,256,0.4593745731176659,-0.009217668210022605,0.5360249380693483,64,legacy_mosaic_12_period__2024__25600_-372736,jeju-window-25600_-372736,25600_-372736,calibration,65536,256,jeju_25600_-372736,2024
0.001066446304321289,768,256,256,0.34364023476415134,-0.012915625824232065,0.42882310131312756,64,legacy_mosaic_12_period__2024__26624_-367616,jeju-window-26624_-367616,26624_-367616,calibration,65536,256,jeju_26624_-367616,2024
0.017667770385742188,768,256,256,0.9648036016207708,-0.0046970236738349035,0.9487854895899084,64,legacy_mosaic_12_period__2024__26624_-368640,jeju-window-26624_-368640,26624_-368640,calibration,65536,256,jeju_26624_-368640,2024
0.2700369358062744,768,256,256,0.9179183240810345,0.0023951383689012596,0.929619952207993,64,legacy_mosaic_12_period__2024__26624_-369664,jeju-window-26624_-369664,26624_-369664,calibration,65536,256,jeju_26624_-369664,2024
0.26685333251953125,768,256,256,0.9431325834428773,0.007736014215018767,0.9483101935102818,64,legacy_mosaic_12_period__2024__26624_-370688,jeju-window-26624_-370688,26624_-370688,calibration,65536,256,jeju_26624_-370688,2024
0.032996177673339844,768,256,256,0.9625423059637688,-0.0028373762700604835,0.9388864446468298,64,legacy_mosaic_12_period__2024__26624_-371712,jeju-window-26624_-371712,26624_-371712,calibration,65536,256,jeju_26624_-371712,2024
0.0003447532653808594,768,256,256,0.4658732942485095,-0.014322469195302494,0.5886753678938615,64,legacy_mosaic_12_period__2024__26624_-372736,jeju-window-26624_-372736,26624_-372736,calibration,65536,256,jeju_26624_-372736,2024
0.013375282287597656,768,256,256,0.43146025894532536,-0.014538380565468557,0.5112510291947419,64,legacy_mosaic_12_period__2024__27648_-367616,jeju-window-27648_-367616,27648_-367616,embargo,65536,256,jeju_27648_-367616,2024
0.011183023452758789,768,256,256,0.9809269062118219,-0.0054155508838391615,0.9711189489319477,64,legacy_mosaic_12_period__2024__27648_-368640,jeju-window-27648_-368640,27648_-368640,embargo,65536,256,jeju_27648_-368640,2024
0.10961627960205078,768,256,256,0.9252984837813159,-0.001855676990615882,0.9271729115985192,64,legacy_mosaic_12_period__2024__27648_-369664,jeju-window-27648_-369664,27648_-369664,embargo,65536,256,jeju_27648_-369664,2024
0.21876978874206543,768,256,256,0.9219565220404331,0.0014665663660636554,0.9303480576880107,64,legacy_mosaic_12_period__2024__27648_-370688,jeju-window-27648_-370688,27648_-370688,embargo,65536,256,jeju_27648_-370688,2024
0.037885427474975586,768,256,256,0.9366500674675007,-0.01049841683300115,0.9100282042064705,64,legacy_mosaic_12_period__2024__27648_-371712,jeju-window-27648_-371712,27648_-371712,embargo,65536,256,jeju_27648_-371712,2024
5.0067901611328125e-06,768,256,256,0.387281877009453,-0.011893023315821316,0.5116151146114861,64,legacy_mosaic_12_period__2024__27648_-372736,jeju-window-27648_-372736,27648_-372736,embargo,65536,256,jeju_27648_-372736,2024
7.152557373046875e-07,768,256,256,0.40292867389492315,-0.01502434749003738,0.5009460330216593,64,legacy_mosaic_12_period__2024__28672_-367616,jeju-window-28672_-367616,28672_-367616,sealed_test,65536,256,jeju_28672_-367616,2024
0.001638174057006836,768,256,256,0.9612420479552929,-0.005277426352250275,0.9681829770472203,64,legacy_mosaic_12_period__2024__28672_-368640,jeju-window-28672_-368640,28672_-368640,sealed_test,65536,256,jeju_28672_-368640,2024
0.07034611701965332,768,256,256,0.8956374639503201,-0.008825266485322805,0.903244472537727,64,legacy_mosaic_12_period__2024__28672_-369664,jeju-window-28672_-369664,28672_-369664,sealed_test,65536,256,jeju_28672_-369664,2024
0.11676669120788574,768,256,256,0.9254540973418957,-0.004239518075918811,0.9370648580791995,64,legacy_mosaic_12_period__2024__28672_-370688,jeju-window-28672_-370688,28672_-370688,sealed_test,65536,256,jeju_28672_-370688,2024
0.01455998420715332,768,256,256,0.913910414917737,-0.0051020793023913375,0.9137837781048518,64,legacy_mosaic_12_period__2024__28672_-371712,jeju-window-28672_-371712,28672_-371712,sealed_test,65536,256,jeju_28672_-371712,2024
4.863739013671875e-05,768,256,256,0.3918302292573186,-0.00750450883810993,0.5350647673790002,64,legacy_mosaic_12_period__2024__28672_-372736,jeju-window-28672_-372736,28672_-372736,disclosed_audit,65536,256,jeju_28672_-372736,2024
4.935264587402344e-05,768,256,256,0.47096968328088684,-0.019887914565909975,0.5655225039846147,64,legacy_mosaic_12_period__2024__29696_-367616,jeju-window-29696_-367616,29696_-367616,disclosed_audit,65536,256,jeju_29696_-367616,2024
7.390975952148438e-05,768,256,256,0.4980842966632192,-0.012734774481438444,0.5726272886925902,64,legacy_mosaic_12_period__2024__29696_-368640,jeju-window-29696_-368640,29696_-368640,sealed_test,65536,256,jeju_29696_-368640,2024
0.00437164306640625,768,256,256,0.962878531307676,-0.012281422452619296,0.95762681275398,64,legacy_mosaic_12_period__2024__29696_-369664,jeju-window-29696_-369664,29696_-369664,sealed_test,65536,256,jeju_29696_-369664,2024
0.055625200271606445,768,256,256,0.9083814541674159,-0.019121065631306684,0.905210626531899,64,legacy_mosaic_12_period__2024__29696_-370688,jeju-window-29696_-370688,29696_-370688,sealed_test,65536,256,jeju_29696_-370688,2024
0.020663738250732422,768,256,256,0.959786593319861,-0.014583119857264272,0.9461207259350021,64,legacy_mosaic_12_period__2024__29696_-371712,jeju-window-29696_-371712,29696_-371712,sealed_test,65536,256,jeju_29696_-371712,2024
0.0214841365814209,768,256,256,0.6480480022846907,-0.016114523025811,0.7670577814859966,64,legacy_mosaic_12_period__2024__29696_-372736,jeju-window-29696_-372736,29696_-372736,sealed_test,65536,256,jeju_29696_-372736,2024
0.0011594295501708984,768,256,256,0.7714624791666912,-0.024742432526483886,0.8184390573098397,64,legacy_mosaic_12_period__2024__30720_-367616,jeju-window-30720_-367616,30720_-367616,sealed_test,65536,256,jeju_30720_-367616,2024
0.03155398368835449,768,256,256,0.7764984034798313,-0.022421299035744233,0.821896529281414,64,legacy_mosaic_12_period__2024__30720_-368640,jeju-window-30720_-368640,30720_-368640,sealed_test,65536,256,jeju_30720_-368640,2024
0.05782151222229004,768,256,256,0.7934559185016871,-0.02111998006675558,0.831388099031377,64,legacy_mosaic_12_period__2024__30720_-369664,jeju-window-30720_-369664,30720_-369664,sealed_test,65536,256,jeju_30720_-369664,2024
0.0009827613830566406,768,256,256,0.7756517059908641,-0.020843227085217266,0.8189391672734395,64,legacy_mosaic_12_period__2024__30720_-370688,jeju-window-30720_-370688,30720_-370688,sealed_test,65536,256,jeju_30720_-370688,2024
0.011745929718017578,768,256,256,0.949811593555442,-0.020691498346493087,0.9521456306647218,64,legacy_mosaic_12_period__2024__30720_-371712,jeju-window-30720_-371712,30720_-371712,sealed_test,65536,256,jeju_30720_-371712,2024
0.020540952682495117,768,256,256,0.4493032130275467,-0.020145332715115948,0.5325052378448706,64,legacy_mosaic_12_period__2024__30720_-372736,jeju-window-30720_-372736,30720_-372736,sealed_test,65536,256,jeju_30720_-372736,2024
0.003985881805419922,768,256,256,0.3966527983705173,1.954105000038153e-06,0.491536805329174,64,legacy_mosaic_12_period__2025__22528_-367616,jeju-window-22528_-367616,22528_-367616,calibration,65536,256,jeju25_22528_-367616,2025
0.04488682746887207,768,256,256,0.44572132185390195,0.0028895122045143403,0.534778036278665,64,legacy_mosaic_12_period__2025__22528_-368640,jeju-window-22528_-368640,22528_-368640,calibration,65536,256,jeju25_22528_-368640,2025
0.04688143730163574,768,256,256,0.5961269276448263,0.001543095516030259,0.7011060662724621,64,legacy_mosaic_12_period__2025__22528_-369664,jeju-window-22528_-369664,22528_-369664,calibration,65536,256,jeju25_22528_-369664,2025
0.005658388137817383,768,256,256,0.41187538585188704,0.0033051528531887657,0.5065788524441308,64,legacy_mosaic_12_period__2025__22528_-370688,jeju-window-22528_-370688,22528_-370688,calibration,65536,256,jeju25_22528_-370688,2025
0.0029616355895996094,768,256,256,0.3797384421093306,0.0010818024120465982,0.4265622361871123,64,legacy_mosaic_12_period__2025__22528_-371712,jeju-window-22528_-371712,22528_-371712,calibration,65536,256,jeju25_22528_-371712,2025
0.08073282241821289,768,256,256,0.36434609024733355,-0.004870897684166665,0.5091844263580678,64,legacy_mosaic_12_period__2025__22528_-372736,jeju-window-22528_-372736,22528_-372736,calibration,65536,256,jeju25_22528_-372736,2025
0.003625154495239258,768,256,256,0.8860972545828587,0.0009245435915105456,0.939817667689794,64,legacy_mosaic_12_period__2025__23552_-367616,jeju-window-23552_-367616,23552_-367616,calibration,65536,256,jeju25_23552_-367616,2025
0.04059243202209473,768,256,256,0.9700004607750344,-0.0005069077412784848,0.9388508981543544,64,legacy_mosaic_12_period__2025__23552_-368640,jeju-window-23552_-368640,23552_-368640,calibration,65536,256,jeju25_23552_-368640,2025
0.14100933074951172,768,256,256,0.9090049756059829,-0.005642975528264466,0.911777827567398,64,legacy_mosaic_12_period__2025__23552_-369664,jeju-window-23552_-369664,23552_-369664,calibration,65536,256,jeju25_23552_-369664,2025
0.026325702667236328,768,256,256,0.9579612086713226,0.0004487746964665954,0.9497729043703356,64,legacy_mosaic_12_period__2025__23552_-370688,jeju-window-23552_-370688,23552_-370688,calibration,65536,256,jeju25_23552_-370688,2025
0.07093405723571777,768,256,256,0.5172626450482648,8.06341594332208e-05,0.625555370752298,64,legacy_mosaic_12_period__2025__23552_-371712,jeju-window-23552_-371712,23552_-371712,calibration,65536,256,jeju25_23552_-371712,2025
0.048339128494262695,768,256,256,0.45847525513241366,-0.0015936279294758216,0.5708938348599151,64,legacy_mosaic_12_period__2025__23552_-372736,jeju-window-23552_-372736,23552_-372736,calibration,65536,256,jeju25_23552_-372736,2025
0.0020825862884521484,768,256,256,0.5279018577394474,0.001857872060236779,0.6194863316054601,64,legacy_mosaic_12_period__2025__24576_-367616,jeju-window-24576_-367616,24576_-367616,calibration,65536,256,jeju25_24576_-367616,2025
0.07690119743347168,768,256,256,0.9574426615957309,0.002031256878707747,0.9106144696431732,64,legacy_mosaic_12_period__2025__24576_-368640,jeju-window-24576_-368640,24576_-368640,calibration,65536,256,jeju25_24576_-368640,2025
0.19542503356933594,768,256,256,0.934253589658862,-0.002954103890495081,0.9442806668196548,64,legacy_mosaic_12_period__2025__24576_-369664,jeju-window-24576_-369664,24576_-369664,calibration,65536,256,jeju25_24576_-369664,2025
0.1631631851196289,768,256,256,0.919893728847851,-0.003564046352117342,0.9233516183076949,64,legacy_mosaic_12_period__2025__24576_-370688,jeju-window-24576_-370688,24576_-370688,calibration,65536,256,jeju25_24576_-370688,2025
0.13197565078735352,768,256,256,0.8190756389163696,-0.0051501766349157044,0.858745043601138,64,legacy_mosaic_12_period__2025__24576_-371712,jeju-window-24576_-371712,24576_-371712,calibration,65536,256,jeju25_24576_-371712,2025
0.07347393035888672,768,256,256,0.6776682083050246,-0.0055460337793033975,0.750569321447611,64,legacy_mosaic_12_period__2025__24576_-372736,jeju-window-24576_-372736,24576_-372736,calibration,65536,256,jeju25_24576_-372736,2025
0.0023844242095947266,768,256,256,0.42346296713577053,0.0012047840814042093,0.5091085482898883,64,legacy_mosaic_12_period__2025__25600_-367616,jeju-window-25600_-367616,25600_-367616,calibration,65536,256,jeju25_25600_-367616,2025
0.10302495956420898,768,256,256,0.9544612532610085,0.004067482418528843,0.9096536936735381,64,legacy_mosaic_12_period__2025__25600_-368640,jeju-window-25600_-368640,25600_-368640,calibration,65536,256,jeju25_25600_-368640,2025
0.3315544128417969,768,256,256,0.9339624165362145,0.006342877315931057,0.9351573123079442,64,legacy_mosaic_12_period__2025__25600_-369664,jeju-window-25600_-369664,25600_-369664,calibration,65536,256,jeju25_25600_-369664,2025
0.3204672336578369,768,256,256,0.9415783040187774,0.004580698133023821,0.9454401247112321,64,legacy_mosaic_12_period__2025__25600_-370688,jeju-window-25600_-370688,25600_-370688,calibration,65536,256,jeju25_25600_-370688,2025
0.11527013778686523,768,256,256,0.9762774917463639,-0.01148201370873932,0.9624359346860282,64,legacy_mosaic_12_period__2025__25600_-371712,jeju-window-25600_-371712,25600_-371712,calibration,65536,256,jeju25_25600_-371712,2025
0.08297014236450195,768,256,256,0.5432797676804689,-0.013680880770963872,0.6420553821896384,64,legacy_mosaic_12_period__2025__25600_-372736,jeju-window-25600_-372736,25600_-372736,calibration,65536,256,jeju25_25600_-372736,2025
0.0015342235565185547,768,256,256,0.3218510454930621,0.0037810075317399805,0.40870150664023513,64,legacy_mosaic_12_period__2025__26624_-367616,jeju-window-26624_-367616,26624_-367616,calibration,65536,256,jeju25_26624_-367616,2025
0.10276007652282715,768,256,256,0.965666174576746,-0.00061248039895856,0.9424332272540484,64,legacy_mosaic_12_period__2025__26624_-368640,jeju-window-26624_-368640,26624_-368640,calibration,65536,256,jeju25_26624_-368640,2025
0.3047952651977539,768,256,256,0.9313865257687282,-0.0037837989210450567,0.939063678834381,64,legacy_mosaic_12_period__2025__26624_-369664,jeju-window-26624_-369664,26624_-369664,calibration,65536,256,jeju25_26624_-369664,2025
0.45859622955322266,768,256,256,0.9371787272515492,0.008702318056859587,0.940866310686433,64,legacy_mosaic_12_period__2025__26624_-370688,jeju-window-26624_-370688,26624_-370688,calibration,65536,256,jeju25_26624_-370688,2025
0.1696016788482666,768,256,256,0.9655983031184676,0.0026397927170709492,0.9313368118657743,64,legacy_mosaic_12_period__2025__26624_-371712,jeju-window-26624_-371712,26624_-371712,calibration,65536,256,jeju25_26624_-371712,2025
0.10009288787841797,768,256,256,0.5635737800453657,-0.01569288329816996,0.6359330733288736,64,legacy_mosaic_12_period__2025__26624_-372736,jeju-window-26624_-372736,26624_-372736,calibration,65536,256,jeju25_26624_-372736,2025
0.02189922332763672,768,256,256,0.3266358748642028,0.007622968564297016,0.4134915125895782,64,legacy_mosaic_12_period__2025__27648_-367616,jeju-window-27648_-367616,27648_-367616,embargo,65536,256,jeju25_27648_-367616,2025
0.04830622673034668,768,256,256,0.977054541384214,-0.0008502151956891967,0.9652300112006981,64,legacy_mosaic_12_period__2025__27648_-368640,jeju-window-27648_-368640,27648_-368640,embargo,65536,256,jeju25_27648_-368640,2025
0.346189022064209,768,256,256,0.93052385136254,-0.0021041613161421223,0.9375741253167156,64,legacy_mosaic_12_period__2025__27648_-369664,jeju-window-27648_-369664,27648_-369664,embargo,65536,256,jeju25_27648_-369664,2025
0.29120445251464844,768,256,256,0.9311012565877642,0.001514899426896311,0.9347975111310147,64,legacy_mosaic_12_period__2025__27648_-370688,jeju-window-27648_-370688,27648_-370688,embargo,65536,256,jeju25_27648_-370688,2025
0.07070732116699219,768,256,256,0.9457897821371164,-0.007104466909702257,0.9063434576394718,64,legacy_mosaic_12_period__2025__27648_-371712,jeju-window-27648_-371712,27648_-371712,embargo,65536,256,jeju25_27648_-371712,2025
0.11174631118774414,768,256,256,0.4574339731138927,-0.017369988434019528,0.5992121676681891,64,legacy_mosaic_12_period__2025__27648_-372736,jeju-window-27648_-372736,27648_-372736,embargo,65536,256,jeju25_27648_-372736,2025
0.08689308166503906,768,256,256,0.5197163581657127,0.010821853282523657,0.5922969445976243,64,legacy_mosaic_12_period__2025__28672_-367616,jeju-window-28672_-367616,28672_-367616,sealed_test,65536,256,jeju25_28672_-367616,2025
0.024466514587402344,768,256,256,0.9383078925463886,0.004150062637194444,0.9461790618316014,64,legacy_mosaic_12_period__2025__28672_-368640,jeju-window-28672_-368640,28672_-368640,sealed_test,65536,256,jeju25_28672_-368640,2025
0.19001293182373047,768,256,256,0.885458606647502,-0.010480730352658858,0.8965083821392433,64,legacy_mosaic_12_period__2025__28672_-369664,jeju-window-28672_-369664,28672_-369664,sealed_test,65536,256,jeju25_28672_-369664,2025
0.17184042930603027,768,256,256,0.9425420811597118,-0.005132205829083647,0.9460210052718668,64,legacy_mosaic_12_period__2025__28672_-370688,jeju-window-28672_-370688,28672_-370688,sealed_test,65536,256,jeju25_28672_-370688,2025
0.06792187690734863,768,256,256,0.9159025770689918,-0.002284858148540745,0.9056237744616495,64,legacy_mosaic_12_period__2025__28672_-371712,jeju-window-28672_-371712,28672_-371712,sealed_test,65536,256,jeju25_28672_-371712,2025
0.10909080505371094,768,256,256,0.5907917965924081,-0.015475868090894912,0.7086131315282159,64,legacy_mosaic_12_period__2025__28672_-372736,jeju-window-28672_-372736,28672_-372736,disclosed_audit,65536,256,jeju25_28672_-372736,2025
0.04424548149108887,768,256,256,0.6179324368236874,0.0023589956920002666,0.706744071246759,64,legacy_mosaic_12_period__2025__29696_-367616,jeju-window-29696_-367616,29696_-367616,disclosed_audit,65536,256,jeju25_29696_-367616,2025
0.04791688919067383,768,256,256,0.646050128306353,-0.0008240810003797745,0.7046963936565425,64,legacy_mosaic_12_period__2025__29696_-368640,jeju-window-29696_-368640,29696_-368640,sealed_test,65536,256,jeju25_29696_-368640,2025
0.03980565071105957,768,256,256,0.9700921754380749,-0.008271610184434827,0.9512100962978705,64,legacy_mosaic_12_period__2025__29696_-369664,jeju-window-29696_-369664,29696_-369664,sealed_test,65536,256,jeju25_29696_-369664,2025
0.07239222526550293,768,256,256,0.9077414814179154,-0.017975351746626102,0.9007198142813189,64,legacy_mosaic_12_period__2025__29696_-370688,jeju-window-29696_-370688,29696_-370688,sealed_test,65536,256,jeju25_29696_-370688,2025
0.06170392036437988,768,256,256,0.964166298117481,-0.008370197725612687,0.9292707923929922,64,legacy_mosaic_12_period__2025__29696_-371712,jeju-window-29696_-371712,29696_-371712,sealed_test,65536,256,jeju25_29696_-371712,2025
0.06553912162780762,768,256,256,0.6294464436402005,-0.004495325843676714,0.6751561418271628,64,legacy_mosaic_12_period__2025__29696_-372736,jeju-window-29696_-372736,29696_-372736,sealed_test,65536,256,jeju25_29696_-372736,2025
0.03126955032348633,768,256,256,0.40229945131473716,-0.007975454060955635,0.4851815808063163,64,legacy_mosaic_12_period__2025__30720_-367616,jeju-window-30720_-367616,30720_-367616,sealed_test,65536,256,jeju25_30720_-367616,2025
0.02736186981201172,768,256,256,0.9107125439319104,-0.009459734301498844,0.9297164106544552,64,legacy_mosaic_12_period__2025__30720_-368640,jeju-window-30720_-368640,30720_-368640,sealed_test,65536,256,jeju25_30720_-368640,2025
0.025180816650390625,768,256,256,0.8003168143608262,-0.005722143353895431,0.8523207341880533,64,legacy_mosaic_12_period__2025__30720_-369664,jeju-window-30720_-369664,30720_-369664,sealed_test,65536,256,jeju25_30720_-369664,2025
0.006650686264038086,768,256,256,0.7729356974910364,-0.0006845848937214105,0.8014291925047149,64,legacy_mosaic_12_period__2025__30720_-370688,jeju-window-30720_-370688,30720_-370688,sealed_test,65536,256,jeju25_30720_-370688,2025
0.0162503719329834,768,256,256,0.9572104939870621,0.001802424918764138,0.9508117570504514,64,legacy_mosaic_12_period__2025__30720_-371712,jeju-window-30720_-371712,30720_-371712,sealed_test,65536,256,jeju25_30720_-371712,2025
0.09153461456298828,768,256,256,0.6185499190308247,-0.0019550958762223057,0.6912759527212887,64,legacy_mosaic_12_period__2025__30720_-372736,jeju-window-30720_-372736,30720_-372736,sealed_test,65536,256,jeju25_30720_-372736,2025
6.4373016357421875e-06,768,256,256,0.4402116018812839,0.0056096779946393244,0.521036819995718,64,legacy_mosaic_12_period__2026__22528_-367616,jeju-window-22528_-367616,22528_-367616,calibration,65536,256,jeju26r_22528_-367616,2026
2.0742416381835938e-05,768,256,256,0.34680614519087055,-0.002041666649449544,0.43031755039285996,64,legacy_mosaic_12_period__2026__22528_-368640,jeju-window-22528_-368640,22528_-368640,calibration,65536,256,jeju26r_22528_-368640,2026
0.00011086463928222656,768,256,256,0.6221005913761551,-0.006182843466603525,0.7039017952332967,64,legacy_mosaic_12_period__2026__22528_-369664,jeju-window-22528_-369664,22528_-369664,calibration,65536,256,jeju26r_22528_-369664,2026
1.430511474609375e-06,768,256,256,0.37893138347753813,0.004266653214909338,0.4463567232023373,64,legacy_mosaic_12_period__2026__22528_-370688,jeju-window-22528_-370688,22528_-370688,calibration,65536,256,jeju26r_22528_-370688,2026
0.0,768,256,256,0.3957800221072798,0.00955230805728725,0.4701981019488835,64,legacy_mosaic_12_period__2026__22528_-371712,jeju-window-22528_-371712,22528_-371712,calibration,65536,256,jeju26r_22528_-371712,2026
0.0,768,256,256,0.4125526916305296,-0.0062207931629307146,0.5020176446377628,64,legacy_mosaic_12_period__2026__22528_-372736,jeju-window-22528_-372736,22528_-372736,calibration,65536,256,jeju26r_22528_-372736,2026
0.0005335807800292969,768,256,256,0.9489488832713585,0.006212968928875993,0.97924625490523,64,legacy_mosaic_12_period__2026__23552_-367616,jeju-window-23552_-367616,23552_-367616,calibration,65536,256,jeju26r_23552_-367616,2026
0.0075681209564208984,768,256,256,0.9661227207935694,0.003855670293833561,0.9352225776923161,64,legacy_mosaic_12_period__2026__23552_-368640,jeju-window-23552_-368640,23552_-368640,calibration,65536,256,jeju26r_23552_-368640,2026
0.011982202529907227,768,256,256,0.8920588678705722,-0.008382339066045042,0.89694620643088,64,legacy_mosaic_12_period__2026__23552_-369664,jeju-window-23552_-369664,23552_-369664,calibration,65536,256,jeju26r_23552_-369664,2026
0.004167079925537109,768,256,256,0.9543642599127508,0.006890469565583838,0.9374339013300561,64,legacy_mosaic_12_period__2026__23552_-370688,jeju-window-23552_-370688,23552_-370688,calibration,65536,256,jeju26r_23552_-370688,2026
2.6226043701171875e-05,768,256,256,0.3911559017653455,0.0041977060835441705,0.4939311493249702,64,legacy_mosaic_12_period__2026__23552_-371712,jeju-window-23552_-371712,23552_-371712,calibration,65536,256,jeju26r_23552_-371712,2026
0.0,768,256,256,0.3519840342624677,-0.004023260219281668,0.43957789738894754,64,legacy_mosaic_12_period__2026__23552_-372736,jeju-window-23552_-372736,23552_-372736,calibration,65536,256,jeju26r_23552_-372736,2026
5.5789947509765625e-05,768,256,256,0.6120575432380423,0.002408824501697732,0.7175359909489816,64,legacy_mosaic_12_period__2026__24576_-367616,jeju-window-24576_-367616,24576_-367616,calibration,65536,256,jeju26r_24576_-367616,2026
0.009757280349731445,768,256,256,0.9558787084538786,-0.003092763489500526,0.9277935085550226,64,legacy_mosaic_12_period__2026__24576_-368640,jeju-window-24576_-368640,24576_-368640,calibration,65536,256,jeju26r_24576_-368640,2026
0.010443925857543945,768,256,256,0.9256375145390223,-0.011999288483305415,0.9332494185687432,64,legacy_mosaic_12_period__2026__24576_-369664,jeju-window-24576_-369664,24576_-369664,calibration,65536,256,jeju26r_24576_-369664,2026
0.011984109878540039,768,256,256,0.9134148820285409,-0.006415067653712422,0.9167398233037626,64,legacy_mosaic_12_period__2026__24576_-370688,jeju-window-24576_-370688,24576_-370688,calibration,65536,256,jeju26r_24576_-370688,2026
0.0004067420959472656,768,256,256,0.8844172144767851,-0.00508330982656789,0.9150721837078072,64,legacy_mosaic_12_period__2026__24576_-371712,jeju-window-24576_-371712,24576_-371712,calibration,65536,256,jeju26r_24576_-371712,2026
1.6450881958007812e-05,768,256,256,0.5977415618789185,-0.007686412495989076,0.7094435464641201,64,legacy_mosaic_12_period__2026__24576_-372736,jeju-window-24576_-372736,24576_-372736,calibration,65536,256,jeju26r_24576_-372736,2026
0.0042765140533447266,768,256,256,0.4968005023239739,-0.007095940138815679,0.5610256315212129,64,legacy_mosaic_12_period__2026__25600_-367616,jeju-window-25600_-367616,25600_-367616,calibration,65536,256,jeju26r_25600_-367616,2026
0.012418031692504883,768,256,256,0.9520532443465864,-0.004117061120953913,0.92102207557369,64,legacy_mosaic_12_period__2026__25600_-368640,jeju-window-25600_-368640,25600_-368640,calibration,65536,256,jeju26r_25600_-368640,2026
0.11511373519897461,768,256,256,0.9073445720762485,-0.008530271198349234,0.919676515253168,64,legacy_mosaic_12_period__2026__25600_-369664,jeju-window-25600_-369664,25600_-369664,calibration,65536,256,jeju26r_25600_-369664,2026
0.06876754760742188,768,256,256,0.9383913327584621,-0.0077709238756052575,0.9409917679990114,64,legacy_mosaic_12_period__2026__25600_-370688,jeju-window-25600_-370688,25600_-370688,calibration,65536,256,jeju26r_25600_-370688,2026
0.007033109664916992,768,256,256,0.9786748727414136,-0.011785243535182004,0.9618771073099254,64,legacy_mosaic_12_period__2026__25600_-371712,jeju-window-25600_-371712,25600_-371712,calibration,65536,256,jeju26r_25600_-371712,2026
3.337860107421875e-06,768,256,256,0.5016012881810237,-0.008245612802706768,0.595583686056264,64,legacy_mosaic_12_period__2026__25600_-372736,jeju-window-25600_-372736,25600_-372736,calibration,65536,256,jeju26r_25600_-372736,2026
1.8835067749023438e-05,768,256,256,0.46275356561305986,-0.004391971369700394,0.5514632882420846,64,legacy_mosaic_12_period__2026__26624_-367616,jeju-window-26624_-367616,26624_-367616,calibration,65536,256,jeju26r_26624_-367616,2026
0.018649816513061523,768,256,256,0.9656316494150378,-0.009746122775012163,0.9380802270705348,64,legacy_mosaic_12_period__2026__26624_-368640,jeju-window-26624_-368640,26624_-368640,calibration,65536,256,jeju26r_26624_-368640,2026
0.12858867645263672,768,256,256,0.9194710640245626,-0.012292847609129916,0.9218864089494464,64,legacy_mosaic_12_period__2026__26624_-369664,jeju-window-26624_-369664,26624_-369664,calibration,65536,256,jeju26r_26624_-369664,2026
0.12129831314086914,768,256,256,0.9318246934779082,-0.0006588443312039256,0.9357557534414629,64,legacy_mosaic_12_period__2026__26624_-370688,jeju-window-26624_-370688,26624_-370688,calibration,65536,256,jeju26r_26624_-370688,2026
0.020580053329467773,768,256,256,0.9668161246589985,0.0007974501700891809,0.9394250530217896,64,legacy_mosaic_12_period__2026__26624_-371712,jeju-window-26624_-371712,26624_-371712,calibration,65536,256,jeju26r_26624_-371712,2026
0.00122833251953125,768,256,256,0.589371313989539,-0.00832453131946755,0.6883176492685709,64,legacy_mosaic_12_period__2026__26624_-372736,jeju-window-26624_-372736,26624_-372736,calibration,65536,256,jeju26r_26624_-372736,2026
2.6702880859375e-05,768,256,256,0.47820915988786883,-0.006892054641770297,0.5443387954674228,64,legacy_mosaic_12_period__2026__27648_-367616,jeju-window-27648_-367616,27648_-367616,embargo,65536,256,jeju26r_27648_-367616,2026
0.026149988174438477,768,256,256,0.9755187742439544,-0.005163642831719962,0.9562339285182516,64,legacy_mosaic_12_period__2026__27648_-368640,jeju-window-27648_-368640,27648_-368640,embargo,65536,256,jeju26r_27648_-368640,2026
0.0842592716217041,768,256,256,0.9239277496121214,-0.01292268783752152,0.9318159285644335,64,legacy_mosaic_12_period__2026__27648_-369664,jeju-window-27648_-369664,27648_-369664,embargo,65536,256,jeju26r_27648_-369664,2026
0.031002044677734375,768,256,256,0.9300376527394775,-0.007651891714485792,0.9320452606516613,64,legacy_mosaic_12_period__2026__27648_-370688,jeju-window-27648_-370688,27648_-370688,embargo,65536,256,jeju26r_27648_-370688,2026
0.012761354446411133,768,256,256,0.9424087097396195,-0.006540270672939419,0.906095350577222,64,legacy_mosaic_12_period__2026__27648_-371712,jeju-window-27648_-371712,27648_-371712,embargo,65536,256,jeju26r_27648_-371712,2026
0.0008273124694824219,768,256,256,0.5199117588812813,-0.001417028838756441,0.6335815480667166,64,legacy_mosaic_12_period__2026__27648_-372736,jeju-window-27648_-372736,27648_-372736,embargo,65536,256,jeju26r_27648_-372736,2026
0.005336761474609375,768,256,256,0.5344728468754832,-0.00868625505003387,0.5961667126337172,64,legacy_mosaic_12_period__2026__28672_-367616,jeju-window-28672_-367616,28672_-367616,sealed_test,65536,256,jeju26r_28672_-367616,2026
0.042574167251586914,768,256,256,0.9224982136745468,0.0008893767782885421,0.9284229897411165,64,legacy_mosaic_12_period__2026__28672_-368640,jeju-window-28672_-368640,28672_-368640,sealed_test,65536,256,jeju26r_28672_-368640,2026
0.020298480987548828,768,256,256,0.9131569535647233,-0.009125480122941192,0.918009077372253,64,legacy_mosaic_12_period__2026__28672_-369664,jeju-window-28672_-369664,28672_-369664,sealed_test,65536,256,jeju26r_28672_-369664,2026
0.004233598709106445,768,256,256,0.930021139200996,-0.015137864447270203,0.9382391878715581,64,legacy_mosaic_12_period__2026__28672_-370688,jeju-window-28672_-370688,28672_-370688,sealed_test,65536,256,jeju26r_28672_-370688,2026
0.00897526741027832,768,256,256,0.9202450682162214,-0.008592286793072477,0.9027174521296795,64,legacy_mosaic_12_period__2026__28672_-371712,jeju-window-28672_-371712,28672_-371712,sealed_test,65536,256,jeju26r_28672_-371712,2026
4.935264587402344e-05,768,256,256,0.3397083112209638,-0.0039204211932723845,0.4250022131414464,64,legacy_mosaic_12_period__2026__28672_-372736,jeju-window-28672_-372736,28672_-372736,disclosed_audit,65536,256,jeju26r_28672_-372736,2026
0.21122121810913086,768,256,256,0.5198600110918965,-0.0013820789048161893,0.5958343392638206,64,legacy_mosaic_12_period__2026__29696_-367616,jeju-window-29696_-367616,29696_-367616,disclosed_audit,65536,256,jeju26r_29696_-367616,2026
0.0933692455291748,768,256,256,0.549348713381468,0.0018352030606082507,0.6450541823785702,64,legacy_mosaic_12_period__2026__29696_-368640,jeju-window-29696_-368640,29696_-368640,sealed_test,65536,256,jeju26r_29696_-368640,2026
0.00803518295288086,768,256,256,0.9573176904360617,0.0014472358893694946,0.9473826380536525,64,legacy_mosaic_12_period__2026__29696_-369664,jeju-window-29696_-369664,29696_-369664,sealed_test,65536,256,jeju26r_29696_-369664,2026
0.0078067779541015625,768,256,256,0.9059036115326172,-0.01823874900464244,0.9077919742759395,64,legacy_mosaic_12_period__2026__29696_-370688,jeju-window-29696_-370688,29696_-370688,sealed_test,65536,256,jeju26r_29696_-370688,2026
0.006557464599609375,768,256,256,0.9707687038704598,0.0012988515986022725,0.9432762462814677,64,legacy_mosaic_12_period__2026__29696_-371712,jeju-window-29696_-371712,29696_-371712,sealed_test,65536,256,jeju26r_29696_-371712,2026
5.698204040527344e-05,768,256,256,0.43459109650159355,0.005432180230080631,0.530969705131177,64,legacy_mosaic_12_period__2026__29696_-372736,jeju-window-29696_-372736,29696_-372736,sealed_test,65536,256,jeju26r_29696_-372736,2026
0.06314492225646973,768,256,256,0.5316559634818072,-0.009745112820408105,0.6048300633463771,64,legacy_mosaic_12_period__2026__30720_-367616,jeju-window-30720_-367616,30720_-367616,sealed_test,65536,256,jeju26r_30720_-367616,2026
0.012559652328491211,768,256,256,0.7622803504189759,-0.0043271107203094504,0.8066270715893048,64,legacy_mosaic_12_period__2026__30720_-368640,jeju-window-30720_-368640,30720_-368640,sealed_test,65536,256,jeju26r_30720_-368640,2026
0.008894205093383789,768,256,256,0.9079888849576117,-0.0022211834781189137,0.9244685187563172,64,legacy_mosaic_12_period__2026__30720_-369664,jeju-window-30720_-369664,30720_-369664,sealed_test,65536,256,jeju26r_30720_-369664,2026
0.0015413761138916016,768,256,256,0.9135864502451251,0.0058940492025470375,0.9286752718829798,64,legacy_mosaic_12_period__2026__30720_-370688,jeju-window-30720_-370688,30720_-370688,sealed_test,65536,256,jeju26r_30720_-370688,2026
0.01894688606262207,768,256,256,0.963529355949435,0.009985053371427677,0.951641122159874,64,legacy_mosaic_12_period__2026__30720_-371712,jeju-window-30720_-371712,30720_-371712,sealed_test,65536,256,jeju26r_30720_-371712,2026
0.04235410690307617,768,256,256,0.5714074161603745,0.007306581996092617,0.6477446608307713,64,legacy_mosaic_12_period__2026__30720_-372736,jeju-window-30720_-372736,30720_-372736,sealed_test,65536,256,jeju26r_30720_-372736,2026
