항목순서,발생일자,지번주소,피해규모,데이터기준일자
1,2006-07-11,경기도 가평군 북면 백둔리 403          ,,2026-06-01
2,2006-07-11,경기도 가평군 북면 이곡리 455-1,,2026-06-01
3,2006-07-11,경기도 가평군 조종면 현리 12-3          ,,2026-06-01
4,2006-07-14,경기도 가평군 청평면 하천리 69            ,,2026-06-01
5,2009-07-11,경기도 가평군 설악면 가일리 290-34            ,,2026-06-01
6,2009-07-11,경기도 가평군 청평면 대성리 361-61            ,,2026-06-01
7,2010-09-01,경기도 가평군 상면 행현리 22,,2026-06-01
8,2011-07-26,경기도 가평군 북면 제령리 626           ,,2026-06-01
9,2011-07-26,경기도 가평군 북면 화악리 654-1           ,,2026-06-01
10,2011-07-26,경기도 가평군 북면 화악리 1013-1           ,,2026-06-01
11,2011-07-26,경기도 가평군 북면 백둔리 191-3           ,,2026-06-01
12,2011-07-26,경기도 가평군 북면 이곡리 242           ,,2026-06-01
13,2011-07-26,경기도 가평군 북면 이곡리 67-11           ,,2026-06-01
14,2011-07-26,경기도 가평군 북면 제령리 543-1           ,,2026-06-01
15,2011-07-26,경기도 가평군 북면 화악리 277-3           ,,2026-06-01
16,2011-07-26,경기도 가평군 북면 도대리 40           ,,2026-06-01
17,2011-07-26,경기도 가평군 북면 목동리 84           ,,2026-06-01
18,2011-07-26,경기도 가평군 북면 소법리 43           ,,2026-06-01
19,2011-07-26,경기도 가평군 가평읍 두밀리 3            ,,2026-06-01
20,2011-07-26,경기도 가평군 북면 도대리 182           ,,2026-06-01
21,2011-07-26,경기도 가평군 북면 목동리 295           ,,2026-06-01
22,2011-07-26,경기도 가평군 북면 목동리 360           ,,2026-06-01
23,2011-07-26,경기도 가평군 북면 목동리 545           ,,2026-06-01
24,2011-07-26,경기도 가평군 북면 목동리 551           ,,2026-06-01
25,2011-07-26,경기도 가평군 북면 목동리 552           ,,2026-06-01
26,2011-07-26,경기도 가평군 북면 목동리 553           ,,2026-06-01
27,2011-07-26,경기도 가평군 북면 목동리 759           ,,2026-06-01
28,2011-07-26,경기도 가평군 북면 목동리 802           ,,2026-06-01
29,2011-07-26,경기도 가평군 북면 목동리 833           ,,2026-06-01
30,2011-07-26,경기도 가평군 북면 목동리 858           ,,2026-06-01
31,2011-07-26,경기도 가평군 북면 목동리 859           ,,2026-06-01
32,2011-07-26,경기도 가평군 북면 목동리 860           ,,2026-06-01
33,2011-07-26,경기도 가평군 북면 백둔리 442           ,,2026-06-01
34,2011-07-26,경기도 가평군 북면 소법리 168           ,,2026-06-01
35,2011-07-26,경기도 가평군 북면 소법리 245           ,,2026-06-01
36,2011-07-26,경기도 가평군 북면 소법리 253           ,,2026-06-01
37,2011-07-26,경기도 가평군 북면 소법리 264           ,,2026-06-01
38,2011-07-26,경기도 가평군 북면 소법리 280           ,,2026-06-01
39,2011-07-26,경기도 가평군 북면 소법리 291           ,,2026-06-01
40,2011-07-26,경기도 가평군 북면 소법리 379           ,,2026-06-01
41,2011-07-26,경기도 가평군 북면 소법리 383           ,,2026-06-01
42,2011-07-26,경기도 가평군 북면 소법리 490           ,,2026-06-01
43,2011-07-26,경기도 가평군 북면 소법리 498           ,,2026-06-01
44,2011-07-26,경기도 가평군 북면 소법리 593           ,,2026-06-01
45,2011-07-26,경기도 가평군 북면 소법리 612           ,,2026-06-01
46,2011-07-26,경기도 가평군 북면 이곡리 350           ,,2026-06-01
47,2011-07-26,경기도 가평군 북면 이곡리 353           ,,2026-06-01
48,2011-07-26,경기도 가평군 북면 이곡리 358           ,,2026-06-01
49,2011-07-26,경기도 가평군 북면 이곡리 371           ,,2026-06-01
50,2011-07-26,경기도 가평군 북면 이곡리 394           ,,2026-06-01
51,2011-07-26,경기도 가평군 북면 제령리 138           ,,2026-06-01
52,2011-07-26,경기도 가평군 북면 제령리 279           ,,2026-06-01
53,2011-07-26,경기도 가평군 북면 제령리 338           ,,2026-06-01
54,2011-07-26,경기도 가평군 북면 제령리 339           ,,2026-06-01
55,2011-07-26,경기도 가평군 북면 제령리 345           ,,2026-06-01
56,2011-07-26,경기도 가평군 북면 제령리 361           ,,2026-06-01
57,2011-07-26,경기도 가평군 북면 제령리 364           ,,2026-06-01
58,2011-07-26,경기도 가평군 북면 제령리 438           ,,2026-06-01
59,2011-07-26,경기도 가평군 북면 제령리 441           ,,2026-06-01
60,2011-07-26,경기도 가평군 북면 제령리 460           ,,2026-06-01
61,2011-07-26,경기도 가평군 북면 제령리 543           ,,2026-06-01
62,2011-07-26,경기도 가평군 북면 제령리 559           ,,2026-06-01
63,2011-07-26,경기도 가평군 북면 제령리 577           ,,2026-06-01
64,2011-07-26,경기도 가평군 북면 제령리 7-1           ,,2026-06-01
65,2011-07-26,경기도 가평군 북면 화악리 119           ,,2026-06-01
66,2011-07-26,경기도 가평군 북면 화악리 131           ,,2026-06-01
67,2011-07-26,경기도 가평군 북면 화악리 285           ,,2026-06-01
68,2011-07-26,경기도 가평군 북면 화악리 286           ,,2026-06-01
69,2011-07-26,경기도 가평군 북면 화악리 287           ,,2026-06-01
70,2011-07-26,경기도 가평군 북면 화악리 288           ,,2026-06-01
71,2011-07-26,경기도 가평군 북면 화악리 344           ,,2026-06-01
72,2011-07-26,경기도 가평군 북면 화악리 382           ,,2026-06-01
73,2011-07-26,경기도 가평군 북면 화악리 390           ,,2026-06-01
74,2011-07-26,경기도 가평군 북면 화악리 418           ,,2026-06-01
75,2011-07-26,경기도 가평군 북면 화악리 451           ,,2026-06-01
76,2011-07-26,경기도 가평군 북면 화악리 473           ,,2026-06-01
77,2011-07-26,경기도 가평군 북면 화악리 483           ,,2026-06-01
78,2011-07-26,경기도 가평군 북면 화악리 643           ,,2026-06-01
79,2011-07-26,경기도 가평군 북면 화악리 653           ,,2026-06-01
80,2011-07-26,경기도 가평군 북면 화악리 665           ,,2026-06-01
81,2011-07-26,경기도 가평군 북면 화악리 693           ,,2026-06-01
82,2011-07-26,경기도 가평군 북면 화악리 696           ,,2026-06-01
83,2011-07-26,경기도 가평군 북면 화악리 724           ,,2026-06-01
84,2011-07-26,경기도 가평군 북면 화악리 726           ,,2026-06-01
85,2011-07-26,경기도 가평군 북면 화악리 727           ,,2026-06-01
86,2011-07-26,경기도 가평군 북면 화악리 732           ,,2026-06-01
87,2011-07-26,경기도 가평군 북면 소법리 70-1           ,,2026-06-01
88,2011-07-26,경기도 가평군 북면 이곡리 34-1           ,,2026-06-01
89,2011-07-26,경기도 가평군 북면 화악리 1343           ,,2026-06-01
90,2011-07-26,경기도 가평군 가평읍 개곡리 379            ,,2026-06-01
91,2011-07-26,경기도 가평군 가평읍 개곡리 644            ,,2026-06-01
92,2011-07-26,경기도 가평군 가평읍 경반리 553            ,,2026-06-01
93,2011-07-26,경기도 가평군 가평읍 경반리 556            ,,2026-06-01
94,2011-07-26,경기도 가평군 가평읍 경반리 557            ,,2026-06-01
95,2011-07-26,경기도 가평군 가평읍 금대리 428            ,,2026-06-01
96,2011-07-26,경기도 가평군 가평읍 금대리 816            ,,2026-06-01
97,2011-07-26,경기도 가평군 가평읍 두밀리 270            ,,2026-06-01
98,2011-07-26,경기도 가평군 가평읍 마장리 9-1            ,,2026-06-01
99,2011-07-26,경기도 가평군 가평읍 승안리 253            ,,2026-06-01
100,2011-07-26,경기도 가평군 가평읍 승안리 414            ,,2026-06-01
101,2011-07-26,경기도 가평군 가평읍 읍내리 176            ,,2026-06-01
102,2011-07-26,경기도 가평군 가평읍 읍내리 649            ,,2026-06-01
103,2011-07-26,경기도 가평군 가평읍 읍내리 845            ,,2026-06-01
104,2011-07-26,경기도 가평군 가평읍 이화리 463            ,,2026-06-01
105,2011-07-26,경기도 가평군 가평읍 하색리 749            ,,2026-06-01
106,2011-07-26,경기도 가평군 북면 도대리 194-1           ,,2026-06-01
107,2011-07-26,경기도 가평군 북면 도대리 254-6           ,,2026-06-01
108,2011-07-26,경기도 가평군 북면 목동리 138-1           ,,2026-06-01
109,2011-07-26,경기도 가평군 북면 목동리 138-2           ,,2026-06-01
110,2011-07-26,경기도 가평군 북면 목동리 498-3           ,,2026-06-01
111,2011-07-26,경기도 가평군 북면 목동리 755-1           ,,2026-06-01
112,2011-07-26,경기도 가평군 북면 목동리 838-2           ,,2026-06-01
113,2011-07-26,경기도 가평군 북면 목동리 841-3           ,,2026-06-01
114,2011-07-26,경기도 가평군 북면 목동리 853-1           ,,2026-06-01
115,2011-07-26,경기도 가평군 북면 목동리 853-5           ,,2026-06-01
116,2011-07-26,경기도 가평군 북면 목동리 856-1           ,,2026-06-01
117,2011-07-26,경기도 가평군 북면 목동리 856-2           ,,2026-06-01
118,2011-07-26,경기도 가평군 북면 소법리 210-8           ,,2026-06-01
119,2011-07-26,경기도 가평군 북면 소법리 251-2           ,,2026-06-01
120,2011-07-26,경기도 가평군 북면 소법리 276-1           ,,2026-06-01
121,2011-07-26,경기도 가평군 북면 소법리 278-2           ,,2026-06-01
122,2011-07-26,경기도 가평군 북면 소법리 448-2           ,,2026-06-01
123,2011-07-26,경기도 가평군 북면 소법리 492-1           ,,2026-06-01
124,2011-07-26,경기도 가평군 북면 소법리 534-1           ,,2026-06-01
125,2011-07-26,경기도 가평군 북면 소법리 558           ,,2026-06-01
126,2011-07-26,경기도 가평군 북면 소법리 609-4           ,,2026-06-01
127,2011-07-26,경기도 가평군 북면 소법리 625-5           ,,2026-06-01
128,2011-07-26,경기도 가평군 북면 이곡리 353-2           ,,2026-06-01
129,2011-07-26,경기도 가평군 북면 이곡리 357-1           ,,2026-06-01
130,2011-07-26,경기도 가평군 북면 이곡리 357-2           ,,2026-06-01
131,2011-07-26,경기도 가평군 북면 제령리 239-1           ,,2026-06-01
132,2011-07-26,경기도 가평군 북면 제령리 295-1           ,,2026-06-01
133,2011-07-26,경기도 가평군 북면 제령리 361-1           ,,2026-06-01
134,2011-07-26,경기도 가평군 북면 제령리 364-2           ,,2026-06-01
135,2011-07-26,경기도 가평군 북면 제령리 484-2           ,,2026-06-01
136,2011-07-26,경기도 가평군 북면 제령리 515-9           ,,2026-06-01
137,2011-07-26,경기도 가평군 북면 제령리 543-3           ,,2026-06-01
138,2011-07-26,경기도 가평군 북면 제령리 560-2           ,,2026-06-01
139,2011-07-26,경기도 가평군 북면 제령리 564-6           ,,2026-06-01
140,2011-07-26,경기도 가평군 북면 제령리 570-1           ,,2026-06-01
141,2011-07-26,경기도 가평군 북면 제령리 571-1           ,,2026-06-01
142,2011-07-26,경기도 가평군 북면 화악리 161-4           ,,2026-06-01
143,2011-07-26,경기도 가평군 북면 화악리 163-4           ,,2026-06-01
144,2011-07-26,경기도 가평군 북면 화악리 276-1           ,,2026-06-01
145,2011-07-26,경기도 가평군 북면 화악리 276-3           ,,2026-06-01
146,2011-07-26,경기도 가평군 북면 화악리 284-2           ,,2026-06-01
147,2011-07-26,경기도 가평군 북면 화악리 290-2           ,,2026-06-01
148,2011-07-26,경기도 가평군 북면 화악리 336-1           ,,2026-06-01
149,2011-07-26,경기도 가평군 북면 화악리 374-1           ,,2026-06-01
150,2011-07-26,경기도 가평군 북면 화악리 462-2           ,,2026-06-01
151,2011-07-26,경기도 가평군 북면 화악리 502-6           ,,2026-06-01
152,2011-07-26,경기도 가평군 북면 화악리 584-1           ,,2026-06-01
153,2011-07-26,경기도 가평군 북면 화악리 641-5           ,,2026-06-01
154,2011-07-26,경기도 가평군 북면 화악리 658-1           ,,2026-06-01
155,2011-07-26,경기도 가평군 북면 화악리 670-4           ,,2026-06-01
156,2011-07-26,경기도 가평군 북면 화악리 690-1           ,,2026-06-01
157,2011-07-26,경기도 가평군 북면 화악리 719-1           ,,2026-06-01
158,2011-07-26,경기도 가평군 북면 화악리 723-1           ,,2026-06-01
159,2011-07-26,경기도 가평군 북면 화악리 728-1           ,,2026-06-01
160,2011-07-26,경기도 가평군 가평읍 이화리 98-3            ,,2026-06-01
161,2011-07-26,경기도 가평군 북면 목동리 1025-2           ,,2026-06-01
162,2011-07-26,경기도 가평군 북면 목동리 739-13           ,,2026-06-01
163,2011-07-26,경기도 가평군 북면 소법리 627-34           ,,2026-06-01
164,2011-07-26,경기도 가평군 가평읍 개곡리 490-1            ,,2026-06-01
165,2011-07-26,경기도 가평군 가평읍 개곡리 604-1            ,,2026-06-01
166,2011-07-26,경기도 가평군 가평읍 개곡리 641-1            ,,2026-06-01
167,2011-07-26,경기도 가평군 가평읍 경반리 424-2            ,,2026-06-01
168,2011-07-26,경기도 가평군 가평읍 경반리 424-3            ,,2026-06-01
169,2011-07-26,경기도 가평군 가평읍 경반리 508-2            ,,2026-06-01
170,2011-07-26,경기도 가평군 가평읍 두밀리 186-6            ,,2026-06-01
171,2011-07-26,경기도 가평군 가평읍 두밀리 187-7            ,,2026-06-01
172,2011-07-26,경기도 가평군 가평읍 마장리 567-2            ,,2026-06-01
173,2011-07-26,경기도 가평군 가평읍 마장리 717-1            ,,2026-06-01
174,2011-07-26,경기도 가평군 가평읍 복장리 228-1            ,,2026-06-01
175,2011-07-26,경기도 가평군 가평읍 승안리 279-1            ,,2026-06-01
176,2011-07-26,경기도 가평군 가평읍 승안리 412-5            ,,2026-06-01
177,2011-07-26,경기도 가평군 가평읍 읍내리 195-1            ,,2026-06-01
178,2011-07-26,경기도 가평군 가평읍 읍내리 195-3            ,,2026-06-01
179,2011-07-26,경기도 가평군 가평읍 읍내리 196-1            ,,2026-06-01
180,2011-07-26,경기도 가평군 가평읍 하색리 496-3            ,,2026-06-01
181,2011-07-26,경기도 가평군 가평읍 두밀리 222,,2026-06-01
182,2011-07-26,경기도 가평군 북면 소법리 73           ,,2026-06-01
183,2011-07-26,경기도 가평군 북면 소법리 143           ,,2026-06-01
184,2011-07-26,경기도 가평군 북면 소법리 378           ,,2026-06-01
185,2011-07-26,경기도 가평군 북면 소법리 486           ,,2026-06-01
186,2011-07-26,경기도 가평군 북면 소법리 604           ,,2026-06-01
187,2011-07-26,경기도 가평군 북면 이곡리 435           ,,2026-06-01
188,2011-07-26,경기도 가평군 북면 제령리 239           ,,2026-06-01
189,2011-07-26,경기도 가평군 북면 화악리 205           ,,2026-06-01
190,2011-07-26,경기도 가평군 북면 화악리 206           ,,2026-06-01
191,2011-07-26,경기도 가평군 상면 행현리 271           ,,2026-06-01
192,2011-07-26,경기도 가평군 북면 도대리 42-6           ,,2026-06-01
193,2011-07-26,경기도 가평군 북면 소법리 208-2           ,,2026-06-01
194,2011-07-26,경기도 가평군 북면 소법리 210-7           ,,2026-06-01
195,2011-07-26,경기도 가평군 북면 소법리 533-1           ,,2026-06-01
196,2011-07-26,경기도 가평군 북면 화악리 249-1           ,,2026-06-01
197,2011-07-26,경기도 가평군 북면 화악리 275-7           ,,2026-06-01
198,2011-07-26,경기도 가평군 북면 화악리 1014-1           ,,2026-06-01
199,2011-07-26,경기도 가평군 북면 제령리 557           ,,2026-06-01
200,2011-07-26,경기도 가평군 북면 화악리 459-1           ,,2026-06-01
201,2013-07-11,경기도 가평군 북면 백둔리 248           ,,2026-06-01
202,2013-07-11,경기도 가평군 북면 소법리 112           ,,2026-06-01
203,2013-07-11,경기도 가평군 북면 적목리 157           ,,2026-06-01
204,2013-07-11,경기도 가평군 북면 적목리 338           ,,2026-06-01
205,2013-07-11,경기도 가평군 북면 적목리 343           ,,2026-06-01
206,2013-07-11,경기도 가평군 북면 화악리 831           ,,2026-06-01
207,2013-07-11,경기도 가평군 북면 적목리 19-7           ,,2026-06-01
208,2013-07-11,경기도 가평군 북면 적목리 79-1           ,,2026-06-01
209,2013-07-11,경기도 가평군 북면 화악리 1080           ,,2026-06-01
210,2013-07-11,경기도 가평군 가평읍 개곡리 209            ,,2026-06-01
211,2013-07-11,경기도 가평군 가평읍 마장리 114            ,,2026-06-01
212,2013-07-11,경기도 가평군 가평읍 산유리 567            ,,2026-06-01
213,2013-07-11,경기도 가평군 가평읍 산유리 590            ,,2026-06-01
214,2013-07-11,경기도 가평군 북면 적목리 396-1           ,,2026-06-01
215,2013-07-11,경기도 가평군 북면 적목리 487-4           ,,2026-06-01
216,2013-07-11,경기도 가평군 북면 화악리 195-2           ,,2026-06-01
217,2013-07-11,경기도 가평군 조종면 대보리 400-4           ,,2026-06-01
218,2013-07-11,경기도 가평군 북면 화악리 1014-3           ,,2026-06-01
219,2013-07-11,경기도 가평군 가평읍 금대리 367-2            ,,2026-06-01
220,2013-07-11,경기도 가평군 가평읍 산유리 566-2            ,,2026-06-01
221,2013-07-11,경기도 가평군 북면 백둔리 84-1           ,,2026-06-01
222,2013-07-11,경기도 가평군 북면 적목리 395-1           ,,2026-06-01
223,2013-07-11,경기도 가평군 조종면 대보리 323-3           ,,2026-06-01
224,2013-07-11,경기도 가평군 조종면 신상리 319-5           ,,2026-06-01
225,2013-07-11,경기도 가평군 조종면 대보리 437-2           ,,2026-06-01
226,2013-07-11,경기도 가평군 가평읍 개곡리 716-1,,2026-06-01
227,2020-08-30,경기도 가평군 가평읍 복장리 산35,0.05,2026-06-01
228,2020-08-30,경기도 가평군 가평읍 복장리 산31 외 4,0.11,2026-06-01
229,2020-08-30,경기도 가평군 가평읍 산유리 산64-2 외 1,0.32,2026-06-01
230,2020-08-30,경기도 가평군 가평읍 산유리 산73-2 외 1필지,0.03,2026-06-01
231,2020-08-30,경기도 가평군 청평면 대성리 산116-1 외 2,0.3,2026-06-01
232,2020-08-30,경기도 가평군 상면 덕현리 263-4,0.08,2026-06-01
233,2020-08-30,경기도 가평군 상면 덕현리 산79,0.15,2026-06-01
234,2020-08-30,경기도 가평군 상면 덕현리 산78-15 외 1,0.2,2026-06-01
235,2020-08-30,경기도 가평군 상면 덕현리 산 57,0.23,2026-06-01
236,2020-08-30,경기도 가평군 상면 덕현리 산32,0.035,2026-06-01
237,2020-08-30,경기도 가평군 상면 덕현리 산50-1,0.05,2026-06-01
238,2020-08-30,경기도 가평군 청평면 하천리 산92-1,0.168,2026-06-01
239,2020-08-30,경기도 가평군 청평면 하천리 산85,0.096,2026-06-01
240,2020-08-30,경기도 가평군 청평면 하천리 245-1,0.03,2026-06-01
241,2020-08-30,경기도 가평군 청평면 하천리 488-29 외 5필지,0.085,2026-06-01
242,2020-08-30,경기도 가평군 청평면 하천리 산77-21 외 5,0.15,2026-06-01
243,2020-08-30,경기도 가평군 청평면 청평리 산28-15 외 1,0.03,2026-06-01
244,2020-08-30,경기도 가평군 청평면 청평리 산89-13,0.096,2026-06-01
245,2020-08-30,경기도 가평군 청평면 하천리 554-11 외 2필,0.1,2026-06-01
246,2020-08-30,경기도 가평군 청평면 하천리 산115-5,0.05,2026-06-01
247,2020-08-30,경기도 가평군 청평면 하천리 산137-1,0.25,2026-06-01
248,2020-08-30,경기도 가평군 청평면 하천리 405-2,0.09,2026-06-01
249,2020-08-30,경기도 가평군 청평면 하천리 산117-1,0.79,2026-06-01
250,2020-08-30,경기도 가평군 가평읍 복장리 산50,0.054,2026-06-01
251,2020-08-30,경기도 가평군 가평읍 복장리 산106 외 5,1.32,2026-06-01
252,2020-08-30,경기도 가평군 가평읍 두밀리 산108-2 외 2필지,0.39,2026-06-01
253,2020-08-30,경기도 가평군 가평읍 두밀리 산27,0.009,2026-06-01
254,2020-08-30,경기도 가평군 청평면 상천리 산369-3,0.009,2026-06-01
255,2020-08-30,경기도 가평군 청평면 상천리 산371-6,0.009,2026-06-01
256,2020-08-30,경기도 가평군 청평면 상천리 산376-21,0.009,2026-06-01
257,2020-08-30,경기도 가평군 청평면 상천리 산359,0.6,2026-06-01
258,2020-08-30,경기도 가평군 청평면 대성리 산54-3,0.02,2026-06-01
259,2020-08-30,"경기도 가평군 청평면 대성리 산21 , 산22",0.3,2026-06-01
260,2020-08-30,경기도 가평군 청평면 대성리 산33-4,0.16,2026-06-01
261,2020-08-30,경기도 가평군 청평면 대성리 산33-1,0.12,2026-06-01
262,2020-08-30,경기도 가평군 청평면 대성리 산33-5,0.5,2026-06-01
263,2020-08-30,경기도 가평군 청평면 대성리 산81-12,0.23,2026-06-01
264,2020-08-30,경기도 가평군 청평면 대성리 산81-1,0.3,2026-06-01
265,2020-08-30,경기도 가평군 청평면 대성리 산81-11,0.29,2026-06-01
266,2020-08-30,경기도 가평군 청평면 대성리 산81-1 외 1필지,0.6,2026-06-01
267,2020-08-30,경기도 가평군 청평면 대성리 산76-43,0.3,2026-06-01
268,2020-08-30,경기도 가평군 청평면 대성리 산72-1,0.21,2026-06-01
269,2020-08-30,경기도 가평군 청평면 상천리 산435-2 외,0.02,2026-06-01
270,2020-08-30,경기도 가평군 청평면 상천리 산40-1,0.2,2026-06-01
271,2020-08-30,경기도 가평군 청평면 상천리 1155-1,0.02,2026-06-01
272,2020-08-30,경기도 가평군 청평면 상천리 1775,0.1,2026-06-01
273,2020-08-30,경기도 가평군 청평면 상천리 산213,0.02,2026-06-01
274,2020-08-30,경기도 가평군 청평면 상천리 산233-3,0.05,2026-06-01
275,2020-08-30,경기도 가평군 청평면 상천리 산50-1,0.04,2026-06-01
276,2020-08-30,경기도 가평군 가평읍 산유리 산105-2,0.03,2026-06-01
277,2020-08-30,경기도 가평군 가평읍 산유리 산105-1 외 1,0.178,2026-06-01
278,2020-08-30,경기도 가평군 가평읍 산유리 산38,0.08,2026-06-01
279,2020-08-30,경기도 가평군 가평읍 산유리 산39,0.063,2026-06-01
280,2020-08-30,경기도 가평군 가평읍 산유리 산40,0.008,2026-06-01
281,2020-08-30,경기도 가평군 가평읍 산유리 산59-1,0.205,2026-06-01
282,2020-08-30,경기도 가평군 가평읍 산유리 산220,0.05,2026-06-01
283,2020-08-30,경기도 가평군 가평읍 산유리 산150-1,0.26,2026-06-01
284,2020-08-30,경기도 가평군 가평읍 산유리 산219,0.02,2026-06-01
285,2020-08-30,경기도 가평군 가평읍 산유리 산107,0.01,2026-06-01
286,2020-08-30,경기도 가평군 가평읍 산유리 산24-1,0.05,2026-06-01
287,2020-08-30,경기도 가평군 가평읍 산유리 산200 외 1,0.58,2026-06-01
288,2020-08-30,경기도 가평군 가평읍 산유리 산202-1,0.02,2026-06-01
289,2020-08-30,경기도 가평군 가평읍 산유리 산109-1(364),0.01,2026-06-01
290,2020-08-30,경기도 가평군 가평읍 상색리 산116-1,0.1,2026-06-01
291,2020-08-30,경기도 가평군 가평읍 상색리 588,0.06,2026-06-01
292,2020-08-30,경기도 가평군 가평읍 상색리 산33-3,0.02,2026-06-01
293,2020-08-30,경기도 가평군 가평읍 상색리 산37-2,0.1,2026-06-01
294,2020-08-30,경기도 가평군 가평읍 하색리 산179,0.03,2026-06-01
295,2020-08-30,경기도 가평군 가평읍 하색리 산11-5 외 1필,0.13,2026-06-01
296,2020-08-30,경기도 가평군 가평읍 이화리 산180-1,0.07,2026-06-01
297,2020-08-30,경기도 가평군 가평읍 이화리 산104-15,0.05,2026-06-01
298,2020-08-30,경기도 가평군 가평읍 이화리 산144-1,0.02,2026-06-01
299,2020-08-30,경기도 가평군 가평읍 금대리 산165-1,0.16,2026-06-01
300,2020-08-30,경기도 가평군 가평읍 이화리 산169-2,0.02,2026-06-01
301,2020-08-30,경기도 가평군 가평읍 이화리 산64-3,0.04,2026-06-01
302,2020-08-30,경기도 가평군 가평읍 이화리 산70-2,0.02,2026-06-01
303,2020-08-30,경기도 가평군 가평읍 대곡리 산4-1,0.043,2026-06-01
304,2020-08-30,경기도 가평군 가평읍 승안리 산46-1(403-14),0.04,2026-06-01
305,2020-08-30,경기도 가평군 가평읍 개곡리 산116-5,0.1,2026-06-01
306,2020-08-30,경기도 가평군 가평읍 경반리 산138-1,0.12,2026-06-01
307,2020-08-30,경기도 가평군 북면 백둔리 산193,0.02,2026-06-01
308,2020-08-30,경기도 가평군 북면 소법리 산164 외,0.06,2026-06-01
309,2020-08-30,경기도 가평군 설악면 엄소리 산34,0.075,2026-06-01
310,2020-08-30,경기도 가평군 설악면 엄소리 산6,0.02,2026-06-01
311,2020-08-30,경기도 가평군 청평면 삼회리 산57-1,0.02,2026-06-01
312,2020-08-30,경기도 가평군 설악면 신천리 산45-7,0.09,2026-06-01
313,2020-08-30,경기도 가평군 상면 봉수리 산45-6,0.3,2026-06-01
314,2020-08-30,경기도 가평군 조종면 상판리 산36,0.18,2026-06-01
315,2020-08-30,경기도 가평군 조종면 마일리 319-5,0.03,2026-06-01
316,2020-08-30,경기도 가평군 조종면 마일리 산62,0.02,2026-06-01
317,2020-08-30,경기도 가평군 조종면 마일리 산2,0.03,2026-06-01
318,2025-07-20,경기도 가평군 조종면 운악리 산77,0.2,2026-06-01
319,2025-07-20,경기도 가평군 조종면 마일리 319-5,0.21,2026-06-01
320,2025-07-20,경기도 가평군 조종면 마일리 산211,1.2,2026-06-01
321,2025-07-20,경기도 가평군 북면 제령리 산27,0.02,2026-06-01
322,2025-07-20,경기도 가평군 북면 백둔리 산181,0.6,2026-06-01
323,2025-07-20,경기도 가평군 조종면 신상리 518-7,0.0525,2026-06-01
324,2025-07-20,경기도 가평군 상면 율길리 산39-2,0.1175,2026-06-01
325,2025-07-20,경기도 가평군 조종면 마일리 산237-4,0.008,2026-06-01
326,2025-07-20,경기도 가평군 북면 제령리 산36-48,0.015,2026-06-01
327,2025-07-20,경기도 가평군 북면 제령리 산184,0.4,2026-06-01
328,2025-07-20,경기도 가평군 조종면 신상리 산168-1,0.1,2026-06-01
329,2025-07-20,경기도 가평군 조종면 신상리 산197,0.3,2026-06-01
330,2025-07-20,경기도 가평군 조종면 신상리 산172,0.55,2026-06-01
331,2025-07-20,경기도 가평군 조종면 마일리 산106,1.8,2026-06-01
332,2025-07-20,경기도 가평군 상면 율길리 산104-1,0.2,2026-06-01
333,2025-07-20,경기도 가평군 조종면 신상리 518-14,0.02,2026-06-01
334,2025-07-20,경기도 가평군 가평읍 경반리 산151,0.16,2026-06-01
335,2025-07-20,경기도 가평군 상면 원흥리 산100-19,0.9,2026-06-01
336,2025-07-20,경기도 가평군 조종면 신상리 산104-2,0.4,2026-06-01
337,2025-07-20,경기도 가평군 북면 화악리 산162-8,0.1,2026-06-01
338,2025-07-20,경기도 가평군 가평읍 경반리 산138-1,0.12,2026-06-01
339,2025-07-20,경기도 가평군 북면 목동리 산104,0.2,2026-06-01
340,2025-07-20,경기도 가평군 북면 화악리 741-11,0.4,2026-06-01
341,2025-07-20,경기도 가평군 북면 소법리 산156,0.15,2026-06-01
342,2025-07-20,경기도 가평군 가평읍 경반리 산151(1),0.2,2026-06-01
343,2025-07-20,경기도 가평군 가평읍 경반리 산151(2),0.36,2026-06-01
344,2025-07-20,경기도 가평군 가평읍 경반리 산151(3),0.42,2026-06-01
345,2025-07-20,경기도 가평군 상면 율길리 산75,0.4,2026-06-01
346,2025-07-20,경기도 가평군 조종면 마일리 산118-2,0.58,2026-06-01
347,2025-07-20,경기도 가평군 조종면 운악리 산79-1,0.24,2026-06-01
348,2025-07-20,경기도 가평군 조종면 마일리 산94-18,0.4536,2026-06-01
349,2025-07-20,경기도 가평군 가평읍 승안리 산140,0.2,2026-06-01
350,2025-07-20,경기도 가평군 조종면 마일리 산192-1,0.12,2026-06-01
351,2025-07-20,경기도 가평군 조종면 마일리 13,0.45,2026-06-01
352,2025-07-20,경기도 가평군 조종면 현리 산14-1,0.1,2026-06-01
353,2025-07-20,경기도 가평군 북면 백둔리 산229-2,0.02,2026-06-01
354,2025-07-20,경기도 가평군 조종면 마일리 산204-7,0.256,2026-06-01
355,2025-07-20,경기도 가평군 북면 도대리 75-48,0.1575,2026-06-01
356,2025-07-20,경기도 가평군 조종면 신하리 산126,0.84,2026-06-01
357,2025-07-20,경기도 가평군 조종면 상판리 산46-1,0.2,2026-06-01
358,2025-07-20,경기도 가평군 조종면 마일리 산80,0.3,2026-06-01
359,2025-07-20,경기도 가평군 조종면 대보리 산267-1,0.05,2026-06-01
360,2025-07-20,경기도 가평군 상면 봉수리 산40-2,0.03,2026-06-01
361,2025-07-20,경기도 가평군 상면 봉수리 산26-37,0.04,2026-06-01
362,2025-07-20,경기도 가평군 조종면 신상리 30-39,0.08,2026-06-01
363,2025-07-20,경기도 가평군 북면 백둔리 산151,3,2026-06-01
364,2025-07-20,경기도 가평군 상면 봉수리 95-27,0.0072,2026-06-01
365,2025-07-20,경기도 가평군 북면 목동리 509-9,0.05,2026-06-01
366,2025-07-20,경기도 가평군 북면 도대리 70-210,0.24,2026-06-01
367,2025-07-20,경기도 가평군 북면 화악리 산102,0.1,2026-06-01
368,2025-07-20,경기도 가평군 가평읍 승안리 산77-1,0.8,2026-06-01
369,2025-07-20,경기도 가평군 가평읍 승안리 산77-2,0.06,2026-06-01
370,2025-07-20,경기도 가평군 조종면 신상리 산57-1,0.02,2026-06-01
371,2025-07-20,경기도 가평군 북면 소법리 산122-1,0.28,2026-06-01
372,2025-07-20,경기도 가평군 상면 봉수리 산46-1,0.015,2026-06-01
373,2025-07-20,경기도 가평군 상면 봉수리 산43-1,0.1,2026-06-01
374,2025-07-20,경기도 가평군 상면 율길리 193-1,0.8,2026-06-01
375,2025-07-20,경기도 가평군 상면 율길리 214,0.3,2026-06-01
376,2025-07-20,경기도 가평군 북면 화악리 산94-23,0.05,2026-06-01
377,2025-07-20,경기도 가평군 북면 제령리 산222,0.3,2026-06-01
378,2025-07-20,경기도 가평군 조종면 마일리 산124-1,1,2026-06-01
379,2025-07-20,경기도 가평군 조종면 신상리 산89,0.6,2026-06-01
380,2025-07-20,경기도 가평군 조종면 마일리 산192-8,0.02,2026-06-01
381,2025-07-20,경기도 가평군 조종면 신상리 산13,0.3,2026-06-01
382,2025-07-20,경기도 가평군 북면 제령리 산230,0.05,2026-06-01
383,2025-07-20,경기도 가평군 조종면 신상리 산113-2,0.18,2026-06-01
384,2025-07-20,경기도 가평군 조종면 신상리 685-4,0.3,2026-06-01
385,2025-07-20,경기도 가평군 조종면 신상리 산14-1,0.315,2026-06-01
386,2025-07-20,경기도 가평군 조종면 신상리 산164,0.1479,2026-06-01
387,2025-07-20,경기도 가평군 조종면 운악리 산79-1(1),0.06,2026-06-01
388,2025-07-20,경기도 가평군 북면 제령리 산174,0.3,2026-06-01
389,2025-07-20,경기도 가평군 상면 원흥리 산33,0.5,2026-06-01
390,2025-07-20,경기도 가평군 조종면 신상리 817,0.6,2026-06-01
391,2025-07-20,경기도 가평군 북면 소법리 산112,0.2,2026-06-01
392,2025-07-20,경기도 가평군 가평읍 승안리 산6-1,0.1,2026-06-01
393,2025-07-20,경기도 가평군 조종면 마일리 산260,0.1,2026-06-01
394,2025-07-20,경기도 가평군 조종면 마일리 산205-8,0.731,2026-06-01
395,2025-07-20,경기도 가평군 조종면 마일리 산114-2,0.03,2026-06-01
396,2025-07-20,경기도 가평군 북면 소법리 산59,0.05,2026-06-01
397,2025-07-20,경기도 가평군 상면 율길리 6-10 산46(1)  ,0.036,2026-06-01
398,2025-07-20,경기도 가평군 조종면 마일리 산143,0.195,2026-06-01
399,2025-07-20,경기도 가평군 북면 이곡리 산96,0.4,2026-06-01
400,2025-07-20,경기도 가평군 북면 이곡리 산61,0.5,2026-06-01
401,2025-07-20,경기도 가평군 상면 율길리 산151-3,0.15,2026-06-01
402,2025-07-20,경기도 가평군 상면 율길리 산65-3,0.18,2026-06-01
403,2025-07-20,경기도 가평군 조종면 신상리 산103,0.09,2026-06-01
404,2025-07-20,경기도 가평군 조종면 현리 산14-11,0.3,2026-06-01
405,2025-07-20,경기도 가평군 조종면 신상리 산221-1,0.012,2026-06-01
406,2025-07-20,경기도 가평군 상면 원흥리 산12-1,0.0225,2026-06-01
407,2025-07-20,경기도 가평군 상면 율길리 산123-5,0.0025,2026-06-01
408,2025-07-20,경기도 가평군 북면 백둔리 산252,0.45,2026-06-01
409,2025-07-20,경기도 가평군 조종면 마일리 277-5,0.065,2026-06-01
410,2025-07-20,경기도 가평군 가평읍 마장리 산166-1,0.1,2026-06-01
411,2025-07-20,경기도 가평군 북면 재령리 산193-1,0.18,2026-06-01
412,2025-07-20,경기도 가평군 조종면 신상리 산30,0.04,2026-06-01
413,2025-07-20,경기도 가평군 조종면 마일리 382-28,0.3,2026-06-01
414,2025-07-20,경기도 가평군 조종면 마일리 382-38,0.12,2026-06-01
415,2025-07-20,경기도 가평군 조종면 마일리 382-34,0.024,2026-06-01
416,2025-07-20,경기도 가평군 조종면 마일리 382-4,0.21,2026-06-01
417,2025-07-20,경기도 가평군 조종면 마일리 산205-9,0.06,2026-06-01
418,2025-07-20,경기도 가평군 조종면 마일리 산192-7(1),0.06,2026-06-01
419,2025-07-20,경기도 가평군 조종면 마일리 397-1,0.2,2026-06-01
420,2025-07-20,경기도 가평군 조종면 마일리 321-10,0.25,2026-06-01
421,2025-07-20,경기도 가평군 조종면 대보리 산292-2,0.1,2026-06-01
422,2025-07-20,경기도 가평군 상면 봉수리 산38-1(1),3.68,2026-06-01
423,2025-07-20,경기도 가평군 조종면 신상리 산211-12,0.6,2026-06-01
424,2025-07-20,경기도 가평군 상면 율길리 산56-2,1,2026-06-01
425,2025-07-20,경기도 가평군 상면 율길리 64,0.02,2026-06-01
426,2025-07-20,경기도 가평군 상면 율길리 산59-1,0.8,2026-06-01
427,2025-07-20,경기도 가평군 상면 율길리 산88-1,0.8,2026-06-01
428,2025-07-20,경기도 가평군 조종면 신하리 산56,0.04,2026-06-01
429,2025-07-20,경기도 가평군 조종면 신하리 산32,0.1,2026-06-01
430,2025-07-20,경기도 가평군 조종면 마일리 산213,0.3,2026-06-01
431,2025-07-20,경기도 가평군 조종면 마일리 산214-6(1),3.3,2026-06-01
432,2025-07-20,경기도 가평군 조종면 마일리 산214-6(2),0.132,2026-06-01
433,2025-07-20,경기도 가평군 조종면 마일리 산214-6(3),0.025,2026-06-01
434,2025-07-20,경기도 가평군 조종면 마일리 산214-6(4),0.57,2026-06-01
435,2025-07-20,경기도 가평군 조종면 마일리 산214-6(5),0.18,2026-06-01
436,2025-07-20,경기도 가평군 조종면 마일리 산214-6(6),0.08,2026-06-01
437,2025-07-20,경기도 가평군 조종면 마일리 산214-6(7),0.2,2026-06-01
438,2025-07-20,"경기도 가평군 조종면 마일리 산188, 산189  ",0.4,2026-06-01
439,2025-07-20,경기도 가평군 조종면 마일리 산131(7),0.18,2026-06-01
440,2025-07-20,경기도 가평군 조종면 마일리 산148,0.16,2026-06-01
441,2025-07-20,경기도 가평군 조종면 마일리 산216,0.462,2026-06-01
442,2025-07-20,경기도 가평군 조종면 마일리 산187,0.064,2026-06-01
443,2025-07-20,경기도 가평군 상면 율길리 산167,0.1,2026-06-01
444,2025-07-20,경기도 가평군 조종면 신상리 산111-6,0.2,2026-06-01
445,2025-07-20,경기도 가평군 북면 백둔리 산193,0.03,2026-06-01
446,2025-07-20,경기도 가평군 상면 율길리 산104-3,0.15,2026-06-01
447,2025-07-20,경기도 가평군 조종면 신상리 713-1,0.15,2026-06-01
448,2025-07-20,경기도 가평군 조종면 신상리 713-7,0.45,2026-06-01
449,2025-07-20,경기도 가평군 북면 백둔리 378-1,0.005,2026-06-01
450,2025-07-20,경기도 가평군 조종면 신하리 178-5,0.03,2026-06-01
451,2025-07-20,경기도 가평군 조종면 신하리 178-13,0.1,2026-06-01
452,2025-07-20,경기도 가평군 조종면 신하리 178-17,0.04,2026-06-01
453,2025-07-20,경기도 가평군 조종면 마일리 산126,0.36,2026-06-01
454,2025-07-20,경기도 가평군 조종면 마일리 산192-6,0.03,2026-06-01
455,2025-07-20,경기도 가평군 조종면 신하리 산68,0.012,2026-06-01
456,2025-07-20,경기도 가평군 조종면 신하리 산63,0.09,2026-06-01
457,2025-07-20,경기도 가평군 조종면 신하리 산107-4,0.024,2026-06-01
458,2025-07-20,경기도 가평군 북면 소법리 산136,0.8,2026-06-01
459,2025-07-20,경기도 가평군 조종면 신상리 695-6,0.36,2026-06-01
460,2025-07-20,경기도 가평군 조종면 신하리 산117-2,0.1,2026-06-01
461,2025-07-20,경기도 가평군 북면 소법리 산120-1,0.03,2026-06-01
462,2025-07-20,경기도 가평군 조종면 신상리 산209-1,0.2,2026-06-01
463,2025-07-20,경기도 가평군 북면 소법리 산118,0.4,2026-06-01
464,2025-07-20,경기도 가평군 조종면 신상리 713-2,0.01,2026-06-01
465,2025-07-20,경기도 가평군 조종면 신상리 산219-1,0.3,2026-06-01
466,2025-07-20,경기도 가평군 조종면 신하리 산105,0.0016,2026-06-01
467,2025-07-20,경기도 가평군 조종면 신하리 산106-3,0.36,2026-06-01
468,2025-07-20,경기도 가평군 북면 화악리 산301-1,0.08,2026-06-01
469,2025-07-20,경기도 가평군 조종면 대보리 산259,0.2,2026-06-01
470,2025-07-20,경기도 가평군 북면 제령리 산220,0.12,2026-06-01
471,2025-07-20,경기도 가평군 조종면 운악리 378-1,0.435,2026-06-01
472,2025-07-20,경기도 가평군 조종면 신상리 713-5,0.9,2026-06-01
473,2025-07-20,경기도 가평군 조종면 운악리 산23,0.06,2026-06-01
474,2025-07-20,경기도 가평군 조종면 운악리 123-3,0.245,2026-06-01
475,2025-07-20,경기도 가평군 북면 화악리 산49,0.04,2026-06-01
476,2025-07-20,경기도 가평군 조종면 신상리 723-1,0.08,2026-06-01
477,2025-07-20,경기도 가평군 북면 제령리 산187,0.32,2026-06-01
478,2025-07-20,경기도 가평군 북면 백둔리 산38,0.005,2026-06-01
479,2025-07-20,경기도 가평군 북면 소법리 658,0.15,2026-06-01
480,2025-07-20,경기도 가평군 북면 소법리 571-3,0.06,2026-06-01
481,2025-07-20,경기도 가평군 북면 소법리 산45-1,0.3,2026-06-01
482,2025-07-20,경기도 가평군 조종면 운악리 산85-1,0.48,2026-06-01
483,2025-07-20,경기도 가평군 북면 소법리 766,0.04,2026-06-01
484,2025-07-20,경기도 가평군 북면 백둔리 산246-1,0.08,2026-06-01
485,2025-07-20,경기도 가평군 북면 백둔리 624-23,0.05,2026-06-01
486,2025-07-20,경기도 가평군 조종면 운악리 산86-7,0.51,2026-06-01
487,2025-07-20,경기도 가평군 조종면 신하리 Aug-45,0.03,2026-06-01
488,2025-07-20,경기도 가평군 조종면 신하리 산67,0.02,2026-06-01
489,2025-07-20,경기도 가평군 조종면 신하리 산30,0.08,2026-06-01
490,2025-07-20,경기도 가평군 조종면 신하리 산31,0.015,2026-06-01
491,2025-07-20,경기도 가평군 조종면 신하리 산33,0.012,2026-06-01
492,2025-07-20,경기도 가평군 조종면 신하리 산57,0.04,2026-06-01
493,2025-07-20,경기도 가평군 조종면 마일리 산160-3,0.064,2026-06-01
494,2025-07-20,경기도 가평군 조종면 마일리 산163-1,0.048,2026-06-01
495,2025-07-20,경기도 가평군 조종면 마일리 434(구),0.1,2026-06-01
496,2025-07-20,경기도 가평군 조종면 마일리 426(구),0.375,2026-06-01
497,2025-07-20,경기도 가평군 조종면 마일리 산141,0.27,2026-06-01
498,2025-07-20,경기도 가평군 조종면 마일리 산205-9,0.192,2026-06-01
499,2025-07-20,경기도 가평군 조종면 마일리 산192-7(2),0.015,2026-06-01
500,2025-07-20,경기도 가평군 조종면 마일리 산192-7(3),0.009,2026-06-01
501,2025-07-20,경기도 가평군 조종면 마일리 산190-1,0.05,2026-06-01
502,2025-07-20,경기도 가평군 조종면 마일리 산188,0.6,2026-06-01
503,2025-07-20,경기도 가평군 조종면 마일리 산131(1),0.012,2026-06-01
504,2025-07-20,경기도 가평군 조종면 마일리 산131(2),0.064,2026-06-01
505,2025-07-20,경기도 가평군 조종면 마일리 산131(3),0.2,2026-06-01
506,2025-07-20,경기도 가평군 조종면 마일리 산131(4),0.048,2026-06-01
507,2025-07-20,경기도 가평군 조종면 마일리 산131(5),0.125,2026-06-01
508,2025-07-20,경기도 가평군 조종면 마일리 산131(6),0.036,2026-06-01
509,2025-07-20,경기도 가평군 조종면 마일리 산154-2,0.015,2026-06-01
510,2025-07-20,경기도 가평군 조종면 마일리 산187(2),0.18,2026-06-01
511,2025-07-20,경기도 가평군 조종면 마일리 산187(3),0.162,2026-06-01
512,2025-07-20,경기도 가평군 북면 화악리 산162-2,0.2,2026-06-01
513,2025-07-20,경기도 가평군 조종면 마일리 산157(1),0.3,2026-06-01
514,2025-07-20,경기도 가평군 조종면 마일리 산187(4),0.14,2026-06-01
515,2025-07-20,경기도 가평군 조종면 마일리 산187(5),0.21,2026-06-01
516,2025-07-20,경기도 가평군 조종면 마일리 산157(2),0.16,2026-06-01
517,2025-07-20,경기도 가평군 조종면 마일리 산157(3),0.24,2026-06-01
518,2025-07-20,경기도 가평군 조종면 마일리 159-2,0.16,2026-06-01
519,2025-07-20,경기도 가평군 조종면 마일리 산160-3(2),1.2,2026-06-01
520,2025-07-20,경기도 가평군 조종면 마일리 산161,0.65,2026-06-01
521,2025-07-20,경기도 가평군 조종면 마일리 산174,0.1,2026-06-01
522,2025-07-20,경기도 가평군 조종면 마일리 산174(2),0.24,2026-06-01
523,2025-07-20,경기도 가평군 북면 적목리 산143,0.003,2026-06-01
524,2025-07-20,경기도 가평군 가평읍 두밀리 산89-4,0.015,2026-06-01
525,2025-07-20,경기도 가평군 북면 도대리 산255,0.005,2026-06-01
526,2025-07-20,경기도 가평군 조종면 신상리 산201,0.4,2026-06-01
527,2025-07-20,경기도 가평군 상면 원흥리 617,0.9,2026-06-01
528,2025-07-20,경기도 가평군 가평읍 두밀리 산10,0.1,2026-06-01
529,2025-07-20,경기도 가평군 조종면 마일리 산25,0.19,2026-06-01
530,2025-07-20,경기도 가평군 조종면 대보리 산93,0.1725,2026-06-01
531,2025-07-20,경기도 가평군 조종면 대보리 산94,0.42,2026-06-01
532,2025-07-20,경기도 가평군 조종면 대보리 산89-1,0.52,2026-06-01
533,2025-07-20,경기도 가평군 조종면 대보리 산95(1),0.3,2026-06-01
534,2025-07-20,경기도 가평군 조종면 대보리 산95(2),0.5,2026-06-01
535,2025-07-20,경기도 가평군 조종면 마일리 산128-1,0.03,2026-06-01
536,2025-07-20,경기도 가평군 조종면 마일리 신128-1,0.12,2026-06-01
537,2025-07-20,경기도 가평군 조종면 마일리 산130-1(1),0.009,2026-06-01
538,2025-07-20,경기도 가평군 조종면 마일리 산130-1(2),0.03,2026-06-01
539,2025-07-20,경기도 가평군 조종면 마일리 산130-1(3),0.12,2026-06-01
540,2025-07-20,경기도 가평군 조종면 마일리 산130-1(4),0.01,2026-06-01
541,2025-07-20,경기도 가평군 조종면 마일리 산130-1(5),0.009,2026-06-01
542,2025-07-20,경기도 가평군 조종면 마일리 산130-1(6),0.005,2026-06-01
543,2025-07-20,경기도 가평군 조종면 마일리 산130-1(7),0.004,2026-06-01
544,2025-07-20,경기도 가평군 조종면 마일리 산130-1(8),0.012,2026-06-01
545,2025-07-20,경기도 가평군 가평읍 승안리 산87-4,0.08,2026-06-01
546,2025-07-20,경기도 가평군 북면 목동리 330-1,0.015,2026-06-01
547,2025-07-20,경기도 가평군 상면 상동리 산24-4,0.006,2026-06-01
548,2025-07-20,경기도 가평군 북면 백둔리 352-7,0.135,2026-06-01
549,2025-07-20,경기도 가평군 가평읍 승안리 산142,0.1,2026-06-01
550,2025-07-20,"경기도 가평군 조종면 신상리 30-1, 30-40, 산100",0.15,2026-06-01
551,2025-07-20,경기도 가평군 조종면 마일리 산141-1,0.01,2026-06-01
552,2025-07-20,경기도 가평군 조종면 마일리 산189,1,2026-06-01
553,2025-07-20,경기도 가평군 조종면 대보리 427-23,0.096,2026-06-01
554,2025-07-20,경기도 가평군 청평면 삼회리 산25-4,0.01,2026-06-01
555,2025-07-20,경기도 가평군 상면 원흥리 산59-2,0.03,2026-06-01
556,2025-07-20,경기도 가평군 북면 목동리 산108-2(1),0.05,2026-06-01
557,2025-07-20,경기도 가평군 북면 목동리 산108-2(2),0.075,2026-06-01
558,2025-07-20,경기도 가평군 가평읍 승안리 산141,0.01,2026-06-01
559,2025-07-20,경기도 가평군 가평읍 승안리 산11,0.165,2026-06-01
560,2025-07-20,경기도 가평군 조종면 신상리 산115-6(1),0.2,2026-06-01
561,2025-07-20,경기도 가평군 조종면 신상리 산115-6(2),0.2,2026-06-01
562,2025-07-20,경기도 가평군 조종면 신상리 산118(1),0.03,2026-06-01
563,2025-07-20,경기도 가평군 조종면 신상리 산118(2),0.07,2026-06-01
564,2025-07-20,경기도 가평군 조종면 마일리 산219-1,0.156,2026-06-01
565,2025-07-20,경기도 가평군 조종면 현리 산1,0.278,2026-06-01
566,2025-07-20,경기도 가평군 북면 화악리 산164-2,0.025,2026-06-01
567,2025-07-20,경기도 가평군 가평읍 두밀리 197-1,0.039,2026-06-01
568,2025-07-20,경기도 가평군 가평읍 승안리 산144,0.01,2026-06-01
569,2025-07-20,경기도 가평군 상면 봉수리 산28-2,0.03,2026-06-01
570,2025-07-20,경기도 가평군 상면 봉수리 산29-3,0.03,2026-06-01
571,2025-07-20,경기도 가평군 상면 봉수리 12월 30일,0.06,2026-06-01
572,2025-07-20,경기도 가평군 상면 원흥리 산50-12,0.096,2026-06-01
573,2025-07-20,경기도 가평군 상면 원흥리 569,0.03,2026-06-01
574,2025-07-20,"경기도 가평군 상면 원흥리 산70-2, 산70-3, 산69-7",0.24,2026-06-01
575,2025-07-20,경기도 가평군 상면 원흥리 산50-10,0.05,2026-06-01
576,2025-07-20,경기도 가평군 상면 원흥리 산100-21,0.1,2026-06-01
577,2025-07-20,"경기도 가평군 상면 원흥리 552, 산59-2",0.167,2026-06-01
578,2025-07-20,"경기도 가평군 상면 원흥리 424-2, 424-1",0.05,2026-06-01
579,2025-07-20,경기도 가평군 상면 원흥리 179-7(산95-1),0.015,2026-06-01
580,2025-07-20,"경기도 가평군 상면 율길리 646, 659-2",0.135,2026-06-01
581,2025-07-20,경기도 가평군 상면 율길리 산79,0.04,2026-06-01
582,2025-07-20,경기도 가평군 상면 율길리 산44,0.08,2026-06-01
583,2025-07-20,경기도 가평군 조종면 현리 산57-31,0.0035,2026-06-01
584,2025-07-20,경기도 가평군 상면 봉수리 산26-18,0.34,2026-06-01
585,2025-07-20,"경기도 가평군 조종면 운악리 산144-1, 산114-6",0.005,2026-06-01
586,2025-07-20,"경기도 가평군 조종면 현리리 산57-32, 산57-33",0.09,2026-06-01
587,2025-07-20,"경기도 가평군 상면 원흥리 산12-1, 188, 산12-1",0.042,2026-06-01
588,2025-07-20,경기도 가평군 상면 율길리 산104-5,0.09,2026-06-01
589,2025-07-20,"경기도 가평군 북면 백둔리 산17-12, 산17-36, 716-15",0.06,2026-06-01
590,2025-07-20,경기도 가평군 북면 백둔리 산15-30,0.008,2026-06-01
591,2025-07-20,경기도 가평군 조종면 신상리 산149-5,0.125,2026-06-01
592,2025-07-20,경기도 가평군 북면 백둔리 산106,0.015,2026-06-01
593,2025-07-20,"경기도 가평군 조종면 대보리 419-77, 산293-10",0.014,2026-06-01
594,2025-07-20,"경기도 가평군 상면 원흥리 464, 산85-2",1.5,2026-06-01
595,2025-07-20,경기도 가평군 상면 봉수리 산31-2(1),0.025,2026-06-01
596,2025-07-20,경기도 가평군 북면 백둔리 산269(1),0.01,2026-06-01
597,2025-07-20,경기도 가평군 북면 백둔리 산269(2),0.015,2026-06-01
598,2025-07-20,경기도 가평군 북면 백둔리 산269(3),0.003,2026-06-01
599,2025-07-20,경기도 가평군 북면 제령리 산82,0.009,2026-06-01
600,2025-07-20,경기도 가평군 북면 제령리 산84-6,0.005,2026-06-01
601,2025-07-20,경기도 가평군 북면 백둔리 산262,0.3,2026-06-01
602,2025-07-20,경기도 가평군 조종면 신하리 산127,0.063,2026-06-01
603,2025-07-20,경기도 가평군 조종면 신하리 산131,0.028,2026-06-01
604,2025-07-20,경기도 가평군 북면 백둔리 산109,0.1,2026-06-01
605,2025-07-20,경기도 가평군 조종면 현리 산57-10,0.004,2026-06-01
606,2025-07-20,경기도 가평군 조종면 마일리 산144-2,0.025,2026-06-01
607,2025-07-20,경기도 가평군 조종면 마일리 산112-1,0.012,2026-06-01
608,2025-07-20,"경기도 가평군 조종면 마일리 산110, 산111",0.0025,2026-06-01
609,2025-07-20,경기도 가평군 조종면 상판리 산92,0.05,2026-06-01
610,2025-07-20,"경기도 가평군 조종면 원흥리 452, 산55-1",0.016,2026-06-01
611,2025-07-20,경기도 가평군 조종면 신상리 산88,0.0025,2026-06-01
612,2025-07-20,경기도 가평군 조종면 신상리 705,0.02,2026-06-01
613,2025-07-20,"경기도 가평군 조종면 신상리 신상리 518-12, 518-1",0.1155,2026-06-01
614,2025-07-20,경기도 가평군 조종면 신하리 산92,0.0525,2026-06-01
615,2025-07-20,경기도 가평군 조종면 신상리 518-12임,0.03,2026-06-01
616,2025-07-20,경기도 가평군 상면 봉수리 산38-1(2),0.05,2026-06-01
617,2025-07-20,"경기도 가평군 상면 원흥리 산55-1, 산50-6, 산50-10(1)",0.72,2026-06-01
618,2025-07-20,경기도 가평군 상면 봉수리 산31-2(2),0.018,2026-06-01
619,2025-07-20,경기도 가평군 상면 봉수리 산31-2(3),0.03,2026-06-01
620,2025-07-20,"경기도 가평군 상면 율길리 6-10, 산46(2)",0.02,2026-06-01
621,2025-07-20,경기도 가평군 상면 상동리 산51-1(3),0.18,2026-06-01
622,2025-07-20,경기도 가평군 상면 상동리 산51-1(2),0.5,2026-06-01
623,2025-07-20,"경기도 가평군 북면 백둔리 340-11, 340-9",0.02,2026-06-01
624,2025-07-20,"경기도 가평군 상면 원흥리 산55-1, 산50-6, 산50-10(2)",0.12,2026-06-01
625,2025-07-20,"경기도 가평군 상면 원흥리 산55-1, 산50-6, 산50-10(3)",0.13,2026-06-01
626,2025-07-20,경기도 가평군 조종면 신상리 산152-12,0.02,2026-06-01
627,2025-07-20,경기도 가평군 북면 백둔리 516-10,0.02,2026-06-01
628,2025-07-20,"경기도 가평군 조종면 마일리 245, 산29(1)",1.5,2026-06-01
629,2025-07-20,"경기도 가평군 조종면 신상리 산206, 621-3전, 622전",0.22,2026-06-01
630,2025-07-20,경기도 가평군 조종면 신상리 산73(1),0.1725,2026-06-01
631,2025-07-20,"경기도 가평군 조종면 운악리리 산34, 산36, 산37(1)",0.16,2026-06-01
632,2025-07-20,경기도 가평군 조종면 신상리 산97,0.1,2026-06-01
633,2025-07-20,경기도 가평군 가평읍 승안리 산210-1,0.004,2026-06-01
634,2025-07-20,경기도 가평군 가평읍 개곡리 산70,0.035,2026-06-01
635,2025-07-20,경기도 가평군 조종면 운악리 산31,0.016,2026-06-01
636,2025-07-20,경기도 가평군 북면 소법리 산109-1,0.46,2026-06-01
637,2025-07-20,경기도 가평군 조종면 신상리 산193-1,0.15,2026-06-01
638,2025-07-20,경기도 가평군 북면 제령리 산151(1),0.112,2026-06-01
639,2025-07-20,경기도 가평군 상면 원흥리 426-4,0.1,2026-06-01
640,2025-07-20,경기도 가평군 북면 백둔리 340-3,0.08,2026-06-01
641,2025-07-20,경기도 가평군 조종면 마일리 산175,0.005,2026-06-01
642,2025-07-20,경기도 가평군 조종면 마일리 20,0.014,2026-06-01
643,2025-07-20,경기도 가평군 조종면 마일리 산170,0.2,2026-06-01
644,2025-07-20,"경기도 가평군 조종면 마일리 413-13, 413-17, 산192-6",0.24,2026-06-01
645,2025-07-20,"경기도 가평군 조종면 운악리리 산34, 산36, 산37(2)",0.0036,2026-06-01
646,2025-07-20,"경기도 가평군 조종면 운악리리 산34, 산36, 산37(3)",0.01,2026-06-01
647,2025-07-20,"경기도 가평군 조종면 마일리 산125-1, 산125, 315",0.35,2026-06-01
648,2025-07-20,"경기도 가평군 북면 제령리 640, 산174",0.225,2026-06-01
649,2025-07-20,"경기도 가평군 조종면 마일리 245, 산29(2)",0.03,2026-06-01
650,2025-07-20,경기도 가평군 조종면 신상리 산73(2),0.041,2026-06-01
651,2025-07-20,경기도 가평군 북면 제령리 산151(2),0.112,2026-06-01
652,2025-07-20,경기도 가평군 북면 소법리 산109-2,0.01,2026-06-01
653,2025-07-20,경기도 가평군 북면 소법리 산106-1,0.05,2026-06-01
654,2025-07-20,경기도 가평군 조종면 마일리 330-8,0.005,2026-06-01
655,2025-07-20,"경기도 가평군 조종면 신상리 산169, 산168-1",0.225,2026-06-01
656,2025-07-20,경기도 가평군 조종면 마일리 27-11.,0.0025,2026-06-01
657,2025-07-20,경기도 가평군 상면 율길리 557-1,0.02,2026-06-01
658,2025-07-20,경기도 가평군 가평읍 개곡리 154-11,0.015,2026-06-01
659,2025-07-20,경기도 가평군 조종면 마일리 산142,0.003,2026-06-01
660,2025-07-20,경기도 가평군 북면 소법리 산58(1),0.375,2026-06-01
661,2025-07-20,경기도 가평군 상면 상동리 산51-1(1),0.6,2026-06-01
662,2025-07-20,경기도 가평군 상면 원흥리 산50-18,0.075,2026-06-01
663,2025-07-20,"경기도 가평군 조종면 현리 산5-14, 산1(2)",0.104,2026-06-01
664,2025-07-20,"경기도 가평군 상면 원흥리 산84, 426-8",0.12,2026-06-01
665,2025-07-20,경기도 가평군 조종면 마일리 330-19,0.005,2026-06-01
666,2025-07-20,경기도 가평군 조종면 현리 산1(1),0.375,2026-06-01
667,2025-07-20,경기도 가평군 상면 율길리 산35,0.04,2026-06-01
668,2025-07-20,경기도 가평군 상면 상동리 산51-1(4),0.3,2026-06-01
669,2025-07-20,경기도 가평군 북면 소법리 산58(2),0.15,2026-06-01
670,2025-07-20,경기도 가평군 북면 소법리 산58(3),0.2,2026-06-01
671,2025-07-20,경기도 가평군 북면 백둔리 443-16 -1  ,0.05,2026-06-01
672,2025-07-20,경기도 가평군 상면 봉수리 83-2.,0.03,2026-06-01
673,2025-07-20,"경기도 가평군 가평읍 개곡리 산69-1, 산70",0.048,2026-06-01
674,2025-07-20,경기도 가평군 가평읍 마장리 213-3,0.006,2026-06-01
675,2025-07-20,경기도 가평군 북면 제령리 산53,0.0025,2026-06-01
676,2025-07-20,"경기도 가평군 북면 백둔리 산200, 산199 -1",0.05,2026-06-01
677,2025-07-20,"경기도 가평군 조종면 신상리 600-5, 산172",0.16,2026-06-01
678,2025-07-20,경기도 가평군 상면 원흥리 526-17,0.12,2026-06-01
679,2025-07-20,경기도 가평군 조종면 운악리 산79-5,0.004,2026-06-01
680,2025-07-20,경기도 가평군 조종면 운악리 산80-1,0.0075,2026-06-01
681,2025-07-20,"경기도 가평군 조종면 마일리 산192-6, 산192-8  ",0.0875,2026-06-01
682,2025-07-20,"경기도 가평군 조종면 마일리 산192-1, 산196  ",0.16,2026-06-01
683,2025-07-20,"경기도 가평군 조종면 신상리 산102, 산103-6 -1 ",0.075,2026-06-01
684,2025-07-20,"경기도 가평군 조종면 마일리 산144-2, 산143  ",0.0075,2026-06-01
685,2025-07-20,"경기도 가평군 상면 상동리 산90, 377-4  ",0.017,2026-06-01
686,2025-07-20,"경기도 가평군 북면 화악리 753-1, 산303-5  ",0.06,2026-06-01
687,2025-07-20,"경기도 가평군 조종면 신상리 산102, 산100-4, 산101 -2",0.14,2026-06-01
688,2025-07-20,"경기도 가평군 북면 백둔리 산200, 산199 -2 ",0.3,2026-06-01
689,2025-07-20,"경기도 가평군 북면 백둔리 산200, 산199 -3 ",0.2,2026-06-01
690,2025-07-20,"경기도 가평군 상면 율길리 산52, 산52-3 -1 ",0.225,2026-06-01
691,2025-07-20,경기도 가평군 조종면 운악리 산71,0.11,2026-06-01
692,2025-07-20,경기도 가평군 북면 백둔리 443-16 -2  ,0.02,2026-06-01
693,2025-07-20,"경기도 가평군 상면 율길리 산52, 산52-3 -2 ",0.15,2026-06-01
694,2025-07-20,"경기도 가평군 상면 율길리 산55, 산56-1, 산58, 산59-2",0.9,2026-06-01
695,2025-07-20,"경기도 가평군 조종면 원흥리 산50-3, 513-1, 산43, 산47-1",0.9,2026-06-01
696,2025-07-20,"경기도 가평군 북면 백둔리 산182, 1106  ",0.12,2026-06-01
697,2025-07-20,경기도 가평군 상면 항사리 산98-1,0.0012,2026-06-01
698,2025-07-20,경기도 가평군 조종면 신상리 산205,0.2,2026-06-01
699,2025-07-20,"경기도 가평군 상면 원흥리 산526, 산38-1  ",0.6,2026-06-01
700,2025-07-20,경기도 가평군 조종면 신상리 산211-1,0.175,2026-06-01
701,2025-07-20,"경기도 가평군 조종면 운악리 64, 66-1 (1)",0.14,2026-06-01
702,2025-07-20,경기도 가평군 조종면 마일리 산176,0.01,2026-06-01
703,2025-07-20,경기도 가평군 북면 백둔리 산142,0.03,2026-06-01
704,2025-07-20,경기도 가평군 조종면 현리 216-1,0.04,2026-06-01
705,2025-07-20,경기도 가평군 조종면 마일리 산176-6,0.075,2026-06-01
706,2025-07-20,"경기도 가평군 북면 적목리 211-3, 산142  ",0.0012,2026-06-01
707,2025-07-20,"경기도 가평군 조종면 운악리 64, 64-1",0.104,2026-06-01
708,2025-07-20,"경기도 가평군 조종면 운악리 64, 산21 -3 ",0.1,2026-06-01
709,2025-07-20,"경기도 가평군 조종면 운악리 64, 76-1 (4)",0.03,2026-06-01
710,2025-07-20,"경기도 가평군 조종면 운악리 64, 산21 -5 ",0.18,2026-06-01
711,2025-07-20,경기도 가평군 조종면 운악리 64 -6  ,0.02,2026-06-01
712,2025-07-20,경기도 가평군 조종면 운악리 64 -7  ,0.096,2026-06-01
713,2025-07-20,경기도 가평군 조종면 운악리 64 -8  ,0.18,2026-06-01
714,2025-07-20,경기도 가평군 조종면 운악리 68-1 (9),0.22,2026-06-01
715,2025-07-20,경기도 가평군 조종면 운악리 68-1 (10),0.375,2026-06-01
716,2025-07-20,경기도 가평군 조종면 운악리 379 -11  ,0.025,2026-06-01
717,2025-07-20,경기도 가평군 북면 목동리 산10,0.06,2026-06-01
718,2025-07-20,경기도 가평군 조종면 율길리 산78,0.25,2026-06-01
719,2025-07-20,경기도 가평군 상면 율길리 산42-1(1),0.03,2026-06-01
720,2025-07-20,경기도 가평군 상면 율길리 산42-1(2),0.035,2026-06-01
721,2025-07-20,경기도 가평군 조종면 마일리 산79,0.075,2026-06-01
722,2025-07-20,경기도 가평군 조종면 마일리 산227,0.064,2026-06-01
