dataset,year,key,scope,periods_available,periods_used,cloud_proxy_mean,zero_proxy_mean,bad_proxy_mean,worst_period_bad_mean
v1,2023,22528_-367616,model_used_4,12,4,0.0007779598236083984,2.86102294921875e-06,0.0007808208465576172,0.0031232833862304688
v1,2023,22528_-367616,all_12,12,12,0.08726111799478531,9.5367431640625e-07,0.08726207166910172,0.9246883392333984
v1,2023,22528_-368640,model_used_4,12,4,0.00014543533325195312,3.814697265625e-06,0.00014925003051757812,0.0005970001220703125
v1,2023,22528_-368640,all_12,12,12,0.08614929765462875,1.271565793103946e-06,0.08615056425333023,0.7336292266845703
v1,2023,22528_-369664,model_used_4,12,4,0.004640817642211914,9.5367431640625e-07,0.00464177131652832,0.018469810485839844
v1,2023,22528_-369664,all_12,12,12,0.04776597023010254,3.178914482759865e-07,0.04776628687977791,0.47312450408935547
v1,2023,22528_-370688,model_used_4,12,4,0.015027284622192383,9.5367431640625e-07,0.015028238296508789,0.06010913848876953
v1,2023,22528_-370688,all_12,12,12,0.048736173659563065,3.178914482759865e-07,0.04873649403452873,0.5382671356201172
v1,2023,22528_-371712,model_used_4,12,4,0.09824109077453613,0.0,0.09824109077453613,0.3929576873779297
v1,2023,22528_-371712,all_12,12,12,0.06499847024679184,7.947286206899662e-08,0.06499854475259781,0.6228399276733398
v1,2023,22528_-372736,model_used_4,12,4,0.060425758361816406,0.0,0.060425758361816406,0.24169158935546875
v1,2023,22528_-372736,all_12,12,12,0.03968898579478264,0.0,0.03968898579478264,0.4185924530029297
v1,2023,23552_-367616,model_used_4,12,4,0.0039408206939697266,1.9073486328125e-06,0.003942728042602539,0.015299797058105469
v1,2023,23552_-367616,all_12,12,12,0.0812428817152977,6.35782896551973e-07,0.08124351501464844,0.8962230682373047
v1,2023,23552_-368640,model_used_4,12,4,0.009065628051757812,1.1920928955078125e-06,0.00906682014465332,0.02952861785888672
v1,2023,23552_-368640,all_12,12,12,0.12101665884256363,3.97364289028701e-07,0.12101706117391586,0.9636011123657227
v1,2023,23552_-369664,model_used_4,12,4,0.0296173095703125,2.6226043701171875e-06,0.029619932174682617,0.10582447052001953
v1,2023,23552_-369664,all_12,12,12,0.11067652702331543,8.742014756535355e-07,0.11067739874124527,0.870849609375
v1,2023,23552_-370688,model_used_4,12,4,0.10733485221862793,3.5762786865234375e-06,0.10733842849731445,0.4256134033203125
v1,2023,23552_-370688,all_12,12,12,0.08570560067892075,2.1457672119140625e-06,0.08570774644613266,0.7776107788085938
v1,2023,23552_-371712,model_used_4,12,4,0.23761701583862305,2.86102294921875e-06,0.23761987686157227,0.9504547119140625
v1,2023,23552_-371712,all_12,12,12,0.0863041877746582,1.271565793103946e-06,0.08630546182394028,0.9537725448608398
v1,2023,23552_-372736,model_used_4,12,4,0.1552121639251709,7.867813110351562e-06,0.15522003173828125,0.6208572387695312
v1,2023,23552_-372736,all_12,12,12,0.07570377737283707,2.702077154026483e-06,0.07570648193359375,0.6956396102905273
v1,2023,24576_-367616,model_used_4,12,4,0.030283212661743164,0.0,0.030283212661743164,0.12106704711914062
v1,2023,24576_-367616,all_12,12,12,0.11828064918518066,0.0,0.11828064918518066,0.9996662139892578
v1,2023,24576_-368640,model_used_4,12,4,0.0695044994354248,0.0,0.0695044994354248,0.22980690002441406
v1,2023,24576_-368640,all_12,12,12,0.1729954034090042,0.0,0.1729954034090042,0.9999628067016602
v1,2023,24576_-369664,model_used_4,12,4,0.12708663940429688,0.0,0.12708663940429688,0.39824485778808594
v1,2023,24576_-369664,all_12,12,12,0.12545998394489288,0.0,0.12545998394489288,0.772186279296875
v1,2023,24576_-370688,model_used_4,12,4,0.11638832092285156,1.6689300537109375e-06,0.11638998985290527,0.45249176025390625
v1,2023,24576_-370688,all_12,12,12,0.13347895443439484,5.563099989558395e-07,0.1334795206785202,0.8281373977661133
v1,2023,24576_-371712,model_used_4,12,4,0.17057156562805176,2.384185791015625e-07,0.17057180404663086,0.6817560195922852
v1,2023,24576_-371712,all_12,12,12,0.10141905397176743,7.947286206899662e-08,0.1014191284775734,0.8280754089355469
v1,2023,24576_-372736,model_used_4,12,4,0.1397244930267334,9.5367431640625e-07,0.1397254467010498,0.558720588684082
v1,2023,24576_-372736,all_12,12,12,0.0954023227095604,3.178914482759865e-07,0.09540263563394547,0.7487688064575195
v1,2023,25600_-367616,model_used_4,12,4,0.007503509521484375,9.5367431640625e-07,0.007504463195800781,0.030015945434570312
v1,2023,25600_-367616,all_12,12,12,0.14576387405395508,3.178914482759865e-07,0.14576418697834015,0.9911127090454102
v1,2023,25600_-368640,model_used_4,12,4,0.1790027618408203,9.5367431640625e-07,0.17900371551513672,0.44469165802001953
v1,2023,25600_-368640,all_12,12,12,0.21697156131267548,3.178914482759865e-07,0.21697187423706055,0.9999990463256836
v1,2023,25600_-369664,model_used_4,12,4,0.31257057189941406,0.0,0.31257057189941406,0.6321783065795898
v1,2023,25600_-369664,all_12,12,12,0.25520166754722595,0.0,0.25520166754722595,0.9257450103759766
v1,2023,25600_-370688,model_used_4,12,4,0.04234766960144043,1.3589859008789062e-05,0.04236125946044922,0.1577005386352539
v1,2023,25600_-370688,all_12,12,12,0.1358780860900879,6.357828624459216e-06,0.13588444888591766,0.8473300933837891
v1,2023,25600_-371712,model_used_4,12,4,0.06603741645812988,3.814697265625e-06,0.06604123115539551,0.2541666030883789
v1,2023,25600_-371712,all_12,12,12,0.13548977673053741,1.271565793103946e-06,0.13549105823040009,0.9161701202392578
v1,2023,25600_-372736,model_used_4,12,4,0.10065555572509766,7.152557373046875e-07,0.10065627098083496,0.3841896057128906
v1,2023,25600_-372736,all_12,12,12,0.11947575956583023,2.384185791015625e-07,0.11947599798440933,0.9213790893554688
v1,2023,26624_-367616,model_used_4,12,4,0.021420717239379883,0.0,0.021420717239379883,0.0831003189086914
v1,2023,26624_-367616,all_12,12,12,0.13676421344280243,0.0,0.13676421344280243,0.9578857421875
v1,2023,26624_-368640,model_used_4,12,4,0.24062085151672363,9.5367431640625e-07,0.24062180519104004,0.5740041732788086
v1,2023,26624_-368640,all_12,12,12,0.224609375,3.178914482759865e-07,0.22460968792438507,0.9997959136962891
v1,2023,26624_-369664,model_used_4,12,4,0.3915743827819824,2.384185791015625e-07,0.3915746212005615,0.7763872146606445
v1,2023,26624_-369664,all_12,12,12,0.37289533019065857,7.947286206899662e-08,0.37289538979530334,0.9983673095703125
v1,2023,26624_-370688,model_used_4,12,4,0.036466360092163086,1.4543533325195312e-05,0.03648090362548828,0.13972091674804688
v1,2023,26624_-370688,all_12,12,12,0.18488121032714844,7.3909759521484375e-06,0.18488860130310059,0.960108757019043
v1,2023,26624_-371712,model_used_4,12,4,0.012353897094726562,1.049041748046875e-05,0.012364387512207031,0.024608612060546875
v1,2023,26624_-371712,all_12,12,12,0.13662941753864288,4.5299530029296875e-06,0.1366339474916458,0.9037132263183594
v1,2023,26624_-372736,model_used_4,12,4,0.03270697593688965,4.0531158447265625e-06,0.032711029052734375,0.1305255889892578
v1,2023,26624_-372736,all_12,12,12,0.08764561265707016,1.3510385770132416e-06,0.0876469612121582,0.6940221786499023
v1,2023,27648_-367616,model_used_4,12,4,0.08611321449279785,0.0,0.08611321449279785,0.3177661895751953
v1,2023,27648_-367616,all_12,12,12,0.17100508511066437,0.0,0.17100508511066437,0.9988775253295898
v1,2023,27648_-368640,model_used_4,12,4,0.13117647171020508,0.0,0.13117647171020508,0.4534797668457031
v1,2023,27648_-368640,all_12,12,12,0.21052782237529755,0.0,0.21052782237529755,0.9997901916503906
v1,2023,27648_-369664,model_used_4,12,4,0.2551231384277344,0.0,0.2551231384277344,0.7155485153198242
v1,2023,27648_-369664,all_12,12,12,0.25215840339660645,0.0,0.25215840339660645,0.9981765747070312
v1,2023,27648_-370688,model_used_4,12,4,0.05396080017089844,1.2636184692382812e-05,0.05397343635559082,0.20921802520751953
v1,2023,27648_-370688,all_12,12,12,0.1940295696258545,6.596247203560779e-06,0.19403617084026337,0.9609479904174805
v1,2023,27648_-371712,model_used_4,12,4,0.010114431381225586,1.3113021850585938e-05,0.010127544403076172,0.02641582489013672
v1,2023,27648_-371712,all_12,12,12,0.15275168418884277,5.404154308052966e-06,0.15275709331035614,0.8925333023071289
v1,2023,27648_-372736,model_used_4,12,4,0.0007507801055908203,8.58306884765625e-06,0.0007593631744384766,0.0030374526977539062
v1,2023,27648_-372736,all_12,12,12,0.028873762115836143,2.86102294921875e-06,0.028876623138785362,0.29367923736572266
v1,2023,28672_-367616,model_used_4,12,4,0.0787205696105957,9.5367431640625e-07,0.07872152328491211,0.30406951904296875
v1,2023,28672_-367616,all_12,12,12,0.20409107208251953,3.178914482759865e-07,0.2040913850069046,1.0
v1,2023,28672_-368640,model_used_4,12,4,0.08473777770996094,0.0,0.08473777770996094,0.3274822235107422
v1,2023,28672_-368640,all_12,12,12,0.218270942568779,0.0,0.218270942568779,1.0
v1,2023,28672_-369664,model_used_4,12,4,0.17706823348999023,0.0,0.17706823348999023,0.5692481994628906
v1,2023,28672_-369664,all_12,12,12,0.2457379549741745,0.0,0.2457379549741745,0.9948234558105469
v1,2023,28672_-370688,model_used_4,12,4,0.13297510147094727,1.1682510375976562e-05,0.13298678398132324,0.501988410949707
v1,2023,28672_-370688,all_12,12,12,0.2373359203338623,6.596247203560779e-06,0.23734252154827118,0.9882917404174805
v1,2023,28672_-371712,model_used_4,12,4,0.01967763900756836,1.1205673217773438e-05,0.019688844680786133,0.07320213317871094
v1,2023,28672_-371712,all_12,12,12,0.1733943670988083,6.67572021484375e-06,0.17340104281902313,0.8752107620239258
v1,2023,28672_-372736,model_used_4,12,4,9.775161743164062e-06,1.049041748046875e-05,2.0265579223632812e-05,7.43865966796875e-05
v1,2023,28672_-372736,all_12,12,12,0.018185535445809364,3.496805902614142e-06,0.01818903349339962,0.20965194702148438
v1,2023,29696_-367616,model_used_4,12,4,0.05231451988220215,0.0,0.05231451988220215,0.19768714904785156
v1,2023,29696_-367616,all_12,12,12,0.18449187278747559,0.0,0.18449187278747559,0.9745473861694336
v1,2023,29696_-368640,model_used_4,12,4,0.07449054718017578,0.0,0.07449054718017578,0.29726505279541016
v1,2023,29696_-368640,all_12,12,12,0.19926929473876953,0.0,0.19926929473876953,1.0
v1,2023,29696_-369664,model_used_4,12,4,0.10849428176879883,0.0,0.10849428176879883,0.3906593322753906
v1,2023,29696_-369664,all_12,12,12,0.20830805599689484,0.0,0.20830805599689484,0.9885654449462891
v1,2023,29696_-370688,model_used_4,12,4,0.07556939125061035,1.9073486328125e-06,0.07557129859924316,0.28018760681152344
v1,2023,29696_-370688,all_12,12,12,0.2292003631591797,1.3510385770132416e-06,0.22920171916484833,0.9999513626098633
v1,2023,29696_-371712,model_used_4,12,4,0.024674654006958008,7.152557373046875e-07,0.024675369262695312,0.09366130828857422
v1,2023,29696_-371712,all_12,12,12,0.12155437469482422,5.563099989558395e-07,0.12155493348836899,0.8462800979614258
v1,2023,29696_-372736,model_used_4,12,4,0.0033881664276123047,9.5367431640625e-07,0.003389120101928711,0.013556480407714844
v1,2023,29696_-372736,all_12,12,12,0.04774697497487068,3.178914482759865e-07,0.04774729534983635,0.4518413543701172
v1,2023,30720_-367616,model_used_4,12,4,0.040663719177246094,0.0022420883178710938,0.04290580749511719,0.16936779022216797
v1,2023,30720_-367616,all_12,12,12,0.08402975648641586,0.001966794254258275,0.08599654585123062,0.7828683853149414
v1,2023,30720_-368640,model_used_4,12,4,0.04985761642456055,0.0018167495727539062,0.05167436599731445,0.19896984100341797
v1,2023,30720_-368640,all_12,12,12,0.056000154465436935,0.0013570785522460938,0.05735723301768303,0.4509754180908203
v1,2023,30720_-369664,model_used_4,12,4,0.08485102653503418,7.152557373046875e-07,0.08485174179077148,0.30510902404785156
v1,2023,30720_-369664,all_12,12,12,0.08124756813049316,2.384185791015625e-07,0.08124780654907227,0.585078239440918
v1,2023,30720_-370688,model_used_4,12,4,0.07518124580383301,0.0003757476806640625,0.07555699348449707,0.26563072204589844
v1,2023,30720_-370688,all_12,12,12,0.15344977378845215,0.00012532870459835976,0.1535751074552536,0.8080768585205078
v1,2023,30720_-371712,model_used_4,12,4,0.0015988349914550781,0.002010345458984375,0.003609180450439453,0.013285636901855469
v1,2023,30720_-371712,all_12,12,12,0.15999142825603485,0.0006717841024510562,0.1606632024049759,0.9899482727050781
v1,2023,30720_-372736,model_used_4,12,4,1.2636184692382812e-05,0.003523588180541992,0.003536224365234375,0.014139175415039062
v1,2023,30720_-372736,all_12,12,12,0.1199735775589943,0.0011746088275685906,0.12114819139242172,0.919011116027832
v1,2024,22528_-367616,model_used_4,12,4,0.04527616500854492,0.0,0.04527616500854492,0.18099689483642578
v1,2024,22528_-367616,all_12,12,12,0.039876461029052734,0.0,0.039876461029052734,0.3965291976928711
v1,2024,22528_-368640,model_used_4,12,4,0.05907487869262695,0.0,0.05907487869262695,0.23628902435302734
v1,2024,22528_-368640,all_12,12,12,0.04347841069102287,0.0,0.04347841069102287,0.4530658721923828
v1,2024,22528_-369664,model_used_4,12,4,0.034983158111572266,0.0,0.034983158111572266,0.13988399505615234
v1,2024,22528_-369664,all_12,12,12,0.1455422192811966,0.0,0.1455422192811966,0.9998674392700195
v1,2024,22528_-370688,model_used_4,12,4,0.0748453140258789,2.384185791015625e-07,0.07484555244445801,0.29087352752685547
v1,2024,22528_-370688,all_12,12,12,0.1025688648223877,4.76837158203125e-07,0.1025693416595459,0.7101202011108398
v1,2024,22528_-371712,model_used_4,12,4,0.003583192825317383,7.152557373046875e-07,0.0035839080810546875,0.013868331909179688
v1,2024,22528_-371712,all_12,12,12,0.0036182403564453125,5.563099989558395e-07,0.0036187965888530016,0.041831016540527344
v1,2024,22528_-372736,model_used_4,12,4,0.0005209445953369141,2.384185791015625e-07,0.0005211830139160156,0.0020847320556640625
v1,2024,22528_-372736,all_12,12,12,0.03386068344116211,7.947286206899662e-08,0.03386076167225838,0.40382862091064453
v1,2024,23552_-367616,model_used_4,12,4,0.021332502365112305,0.0,0.021332502365112305,0.08512115478515625
v1,2024,23552_-367616,all_12,12,12,0.03392251208424568,7.152557373046875e-07,0.033923227339982986,0.3760700225830078
v1,2024,23552_-368640,model_used_4,12,4,0.0740046501159668,2.384185791015625e-07,0.0740048885345459,0.2862205505371094
v1,2024,23552_-368640,all_12,12,12,0.0968070849776268,1.5894572413799324e-07,0.09680724143981934,0.7150096893310547
v1,2024,23552_-369664,model_used_4,12,4,0.07980489730834961,3.0994415283203125e-06,0.07980799674987793,0.30020999908447266
v1,2024,23552_-369664,all_12,12,12,0.19770614802837372,1.0331472140023834e-06,0.1977071762084961,0.9989252090454102
v1,2024,23552_-370688,model_used_4,12,4,0.029565095901489258,2.384185791015625e-06,0.029567480087280273,0.11443901062011719
v1,2024,23552_-370688,all_12,12,12,0.09622470289468765,7.94728578057402e-07,0.09622550010681152,0.7600936889648438
v1,2024,23552_-371712,model_used_4,12,4,0.0024394989013671875,2.384185791015625e-07,0.002439737319946289,0.00975799560546875
v1,2024,23552_-371712,all_12,12,12,0.009817123413085938,7.947286206899662e-08,0.00981720257550478,0.10989761352539062
v1,2024,23552_-372736,model_used_4,12,4,9.298324584960938e-06,0.0,9.298324584960938e-06,3.719329833984375e-05
v1,2024,23552_-372736,all_12,12,12,0.0035270054358989,0.0,0.0035270054358989,0.04197883605957031
v1,2024,24576_-367616,model_used_4,12,4,0.00039196014404296875,0.0,0.00039196014404296875,0.0015363693237304688
v1,2024,24576_-367616,all_12,12,12,0.07186213880777359,7.947286206899662e-08,0.07186222076416016,0.593292236328125
v1,2024,24576_-368640,model_used_4,12,4,0.011382579803466797,0.0,0.011382579803466797,0.03785133361816406
v1,2024,24576_-368640,all_12,12,12,0.14509518444538116,1.0331472140023834e-06,0.14509622752666473,0.9146308898925781
v1,2024,24576_-369664,model_used_4,12,4,0.10896492004394531,1.5020370483398438e-05,0.10897994041442871,0.38532352447509766
v1,2024,24576_-369664,all_12,12,12,0.20581357181072235,5.0067901611328125e-06,0.20581857860088348,0.9948291778564453
v1,2024,24576_-370688,model_used_4,12,4,0.12399148941040039,4.76837158203125e-06,0.12399625778198242,0.44660472869873047
v1,2024,24576_-370688,all_12,12,12,0.1312847137451172,2.1457672119140625e-06,0.1312868595123291,0.7503976821899414
v1,2024,24576_-371712,model_used_4,12,4,0.015044689178466797,0.0,0.015044689178466797,0.05985832214355469
v1,2024,24576_-371712,all_12,12,12,0.022050142288208008,0.0,0.022050142288208008,0.21038246154785156
v1,2024,24576_-372736,model_used_4,12,4,0.0042879581451416016,0.0,0.0042879581451416016,0.01714801788330078
v1,2024,24576_-372736,all_12,12,12,0.008079846389591694,0.0,0.008079846389591694,0.09354972839355469
v1,2024,25600_-367616,model_used_4,12,4,2.288818359375e-05,0.0,2.288818359375e-05,9.1552734375e-05
v1,2024,25600_-367616,all_12,12,12,0.07097085565328598,3.178914482759865e-07,0.07097116857767105,0.8286752700805664
v1,2024,25600_-368640,model_used_4,12,4,0.015347003936767578,0.0,0.015347003936767578,0.04917621612548828
v1,2024,25600_-368640,all_12,12,12,0.10710525512695312,4.609426014212659e-06,0.10710986703634262,0.9205093383789062
v1,2024,25600_-369664,model_used_4,12,4,0.17122960090637207,1.1920928955078125e-06,0.17123079299926758,0.5617170333862305
v1,2024,25600_-369664,all_12,12,12,0.2529464662075043,3.97364289028701e-07,0.2529468536376953,0.9981584548950195
v1,2024,25600_-370688,model_used_4,12,4,0.18477654457092285,1.4066696166992188e-05,0.18479061126708984,0.6033535003662109
v1,2024,25600_-370688,all_12,12,12,0.21750815212726593,4.927317149849841e-06,0.2175130844116211,0.9431514739990234
v1,2024,25600_-371712,model_used_4,12,4,0.06625843048095703,2.1457672119140625e-06,0.06626057624816895,0.24896812438964844
v1,2024,25600_-371712,all_12,12,12,0.09671346098184586,7.94728578057402e-07,0.09671425819396973,0.716252326965332
v1,2024,25600_-372736,model_used_4,12,4,0.0033593177795410156,0.0,0.0033593177795410156,0.013437271118164062
v1,2024,25600_-372736,all_12,12,12,0.035642385482788086,1.5099843722055084e-06,0.03564389422535896,0.34241580963134766
v1,2024,26624_-367616,model_used_4,12,4,0.001066446304321289,0.0,0.001066446304321289,0.004265785217285156
v1,2024,26624_-367616,all_12,12,12,0.05024313926696777,0.0,0.05024313926696777,0.601313591003418
v1,2024,26624_-368640,model_used_4,12,4,0.017667770385742188,0.0,0.017667770385742188,0.050972938537597656
v1,2024,26624_-368640,all_12,12,12,0.10426505655050278,6.516774647025159e-06,0.10427156835794449,0.9170894622802734
v1,2024,26624_-369664,model_used_4,12,4,0.2700364589691162,4.76837158203125e-07,0.2700369358062744,0.7123785018920898
v1,2024,26624_-369664,all_12,12,12,0.3523533344268799,1.5894572413799324e-07,0.3523534834384918,0.9994173049926758
v1,2024,26624_-370688,model_used_4,12,4,0.26684045791625977,1.2874603271484375e-05,0.26685333251953125,0.7249813079833984
v1,2024,26624_-370688,all_12,12,12,0.32147255539894104,4.450479991646716e-06,0.3214770257472992,0.9978322982788086
v1,2024,26624_-371712,model_used_4,12,4,0.032994985580444336,1.1920928955078125e-06,0.032996177673339844,0.11069297790527344
v1,2024,26624_-371712,all_12,12,12,0.10694511979818344,1.9868214167217957e-06,0.10694710165262222,0.7930784225463867
v1,2024,26624_-372736,model_used_4,12,4,0.0003447532653808594,0.0,0.0003447532653808594,0.0013790130615234375
v1,2024,26624_-372736,all_12,12,12,0.06360149383544922,0.0,0.06360149383544922,0.6717615127563477
v1,2024,27648_-367616,model_used_4,12,4,0.013375282287597656,0.0,0.013375282287597656,0.053501129150390625
v1,2024,27648_-367616,all_12,12,12,0.05568520352244377,0.0,0.05568520352244377,0.6508007049560547
v1,2024,27648_-368640,model_used_4,12,4,0.011182785034179688,2.384185791015625e-07,0.011183023452758789,0.030074119567871094
v1,2024,27648_-368640,all_12,12,12,0.08922100067138672,3.97364289028701e-07,0.08922139555215836,0.9258909225463867
v1,2024,27648_-369664,model_used_4,12,4,0.10961627960205078,0.0,0.10961627960205078,0.3377113342285156
v1,2024,27648_-369664,all_12,12,12,0.22511880099773407,5.563099989558395e-07,0.22511935234069824,0.9049434661865234
v1,2024,27648_-370688,model_used_4,12,4,0.2187507152557373,1.9073486328125e-05,0.21876978874206543,0.666111946105957
v1,2024,27648_-370688,all_12,12,12,0.3125942647457123,6.357828624459216e-06,0.31260061264038086,0.9976367950439453
v1,2024,27648_-371712,model_used_4,12,4,0.037883758544921875,1.6689300537109375e-06,0.037885427474975586,0.13374900817871094
v1,2024,27648_-371712,all_12,12,12,0.16422724723815918,7.152557373046875e-07,0.16422796249389648,0.9795103073120117
v1,2024,27648_-372736,model_used_4,12,4,5.0067901611328125e-06,0.0,5.0067901611328125e-06,2.002716064453125e-05
v1,2024,27648_-372736,all_12,12,12,0.0966688022017479,0.0,0.0966688022017479,0.9572620391845703
v1,2024,28672_-367616,model_used_4,12,4,7.152557373046875e-07,0.0,7.152557373046875e-07,2.86102294921875e-06
v1,2024,28672_-367616,all_12,12,12,0.052820444107055664,0.0,0.052820444107055664,0.6292562484741211
v1,2024,28672_-368640,model_used_4,12,4,0.001638174057006836,0.0,0.001638174057006836,0.0041141510009765625
v1,2024,28672_-368640,all_12,12,12,0.08587320894002914,2.384185791015625e-07,0.08587344735860825,0.9973287582397461
v1,2024,28672_-369664,model_used_4,12,4,0.07034611701965332,0.0,0.07034611701965332,0.23485088348388672
v1,2024,28672_-369664,all_12,12,12,0.21460048854351044,8.742014756535355e-07,0.21460135281085968,0.9987459182739258
v1,2024,28672_-370688,model_used_4,12,4,0.11675405502319336,1.2636184692382812e-05,0.11676669120788574,0.41626739501953125
v1,2024,28672_-370688,all_12,12,12,0.29256471991539,5.642572887154529e-06,0.2925703525543213,0.9998569488525391
v1,2024,28672_-371712,model_used_4,12,4,0.014559268951416016,7.152557373046875e-07,0.01455998420715332,0.053684234619140625
v1,2024,28672_-371712,all_12,12,12,0.21769244968891144,3.7352244817157043e-06,0.2176961898803711,0.9999589920043945
v1,2024,28672_-372736,model_used_4,12,4,4.863739013671875e-05,0.0,4.863739013671875e-05,0.00019073486328125
v1,2024,28672_-372736,all_12,12,12,0.14947454631328583,0.0,0.14947454631328583,0.9964189529418945
v1,2024,29696_-367616,model_used_4,12,4,4.935264587402344e-05,0.0,4.935264587402344e-05,0.00019741058349609375
v1,2024,29696_-367616,all_12,12,12,0.10117927938699722,6.35782896551973e-07,0.10117992013692856,0.781886100769043
v1,2024,29696_-368640,model_used_4,12,4,7.390975952148438e-05,0.0,7.390975952148438e-05,0.0002956390380859375
v1,2024,29696_-368640,all_12,12,12,0.10737117379903793,0.0,0.10737117379903793,0.9996566772460938
v1,2024,29696_-369664,model_used_4,12,4,0.00437164306640625,0.0,0.00437164306640625,0.01183319091796875
v1,2024,29696_-369664,all_12,12,12,0.15522241592407227,0.0,0.15522241592407227,0.9999904632568359
v1,2024,29696_-370688,model_used_4,12,4,0.05562329292297363,1.9073486328125e-06,0.055625200271606445,0.20874500274658203
v1,2024,29696_-370688,all_12,12,12,0.23544423282146454,7.152557373046875e-07,0.23544494807720184,0.986882209777832
v1,2024,29696_-371712,model_used_4,12,4,0.020663738250732422,0.0,0.020663738250732422,0.07842159271240234
v1,2024,29696_-371712,all_12,12,12,0.16978709399700165,0.0,0.16978709399700165,0.9492387771606445
v1,2024,29696_-372736,model_used_4,12,4,0.0214841365814209,0.0,0.0214841365814209,0.0859365463256836
v1,2024,29696_-372736,all_12,12,12,0.11433792114257812,0.0,0.11433792114257812,0.9086112976074219
v1,2024,30720_-367616,model_used_4,12,4,0.0011594295501708984,0.0,0.0011594295501708984,0.004637718200683594
v1,2024,30720_-367616,all_12,12,12,0.08183010667562485,0.0001250902860192582,0.0819551944732666,0.703709602355957
v1,2024,30720_-368640,model_used_4,12,4,0.031265974044799805,0.0002880096435546875,0.03155398368835449,0.12621593475341797
v1,2024,30720_-368640,all_12,12,12,0.12246783822774887,0.00011301040649414062,0.12258084863424301,0.9174604415893555
v1,2024,30720_-369664,model_used_4,12,4,0.05782151222229004,0.0,0.05782151222229004,0.23128604888916016
v1,2024,30720_-369664,all_12,12,12,0.11205307394266129,0.0020437240600585938,0.11409679800271988,0.8479652404785156
v1,2024,30720_-370688,model_used_4,12,4,0.0009808540344238281,1.9073486328125e-06,0.0009827613830566406,0.0027713775634765625
v1,2024,30720_-370688,all_12,12,12,0.08946260064840317,2.702077154026483e-06,0.08946529775857925,0.6814489364624023
v1,2024,30720_-371712,model_used_4,12,4,0.011742353439331055,3.5762786865234375e-06,0.011745929718017578,0.045867919921875
v1,2024,30720_-371712,all_12,12,12,0.10964909940958023,2.066294428004767e-06,0.10965117067098618,0.8629264831542969
v1,2024,30720_-372736,model_used_4,12,4,0.020540714263916016,2.384185791015625e-07,0.020540952682495117,0.08216381072998047
v1,2024,30720_-372736,all_12,12,12,0.07719644159078598,7.947286206899662e-08,0.07719651609659195,0.6996984481811523
v1,2025,22528_-367616,model_used_4,12,4,0.003536224365234375,0.0004496574401855469,0.003985881805419922,0.015865325927734375
v1,2025,22528_-367616,all_12,12,12,0.08559370040893555,0.0001498858182458207,0.08574358373880386,1.0
v1,2025,22528_-368640,model_used_4,12,4,0.04488420486450195,2.6226043701171875e-06,0.04488682746887207,0.17008686065673828
v1,2025,22528_-368640,all_12,12,12,0.08401679992675781,8.742014756535355e-07,0.08401767164468765,0.8175954818725586
v1,2025,22528_-369664,model_used_4,12,4,0.04687952995300293,1.9073486328125e-06,0.04688143730163574,0.1532726287841797
v1,2025,22528_-369664,all_12,12,12,0.11912449449300766,6.35782896551973e-07,0.1191251277923584,0.9984331130981445
v1,2025,22528_-370688,model_used_4,12,4,0.005534172058105469,0.00012421607971191406,0.005658388137817383,0.02261638641357422
v1,2025,22528_-370688,all_12,12,12,0.09063545614480972,4.1564304410712793e-05,0.09067702293395996,0.9988718032836914
v1,2025,22528_-371712,model_used_4,12,4,0.0016443729400634766,0.0013172626495361328,0.0029616355895996094,0.011846542358398438
v1,2025,22528_-371712,all_12,12,12,0.08390029519796371,0.0004390875401441008,0.08433938026428223,0.99993896484375
v1,2025,22528_-372736,model_used_4,12,4,0.08040475845336914,0.00032806396484375,0.08073282241821289,0.32291698455810547
v1,2025,22528_-372736,all_12,12,12,0.11030498892068863,0.00010935465252259746,0.11041434854269028,1.0
v1,2025,23552_-367616,model_used_4,12,4,0.0034089088439941406,0.0002162456512451172,0.003625154495239258,0.014226913452148438
v1,2025,23552_-367616,all_12,12,12,0.07343117147684097,7.20818861736916e-05,0.07350325584411621,0.8634490966796875
v1,2025,23552_-368640,model_used_4,12,4,0.040575504302978516,1.6927719116210938e-05,0.04059243202209473,0.13087844848632812
v1,2025,23552_-368640,all_12,12,12,0.08539573103189468,5.642572887154529e-06,0.08540137857198715,0.7810144424438477
v1,2025,23552_-369664,model_used_4,12,4,0.1410045623779297,4.76837158203125e-06,0.14100933074951172,0.44634437561035156
v1,2025,23552_-369664,all_12,12,12,0.18161296844482422,1.589457156114804e-06,0.18161456286907196,0.9888753890991211
v1,2025,23552_-370688,model_used_4,12,4,0.02589583396911621,0.0004298686981201172,0.026325702667236328,0.10069847106933594
v1,2025,23552_-370688,all_12,12,12,0.09653965383768082,0.0001514752657385543,0.09669113159179688,0.9778814315795898
v1,2025,23552_-371712,model_used_4,12,4,0.07082176208496094,0.00011229515075683594,0.07093405723571777,0.2837085723876953
v1,2025,23552_-371712,all_12,12,12,0.08062863349914551,4.609425741364248e-05,0.08067473024129868,0.8953008651733398
v1,2025,23552_-372736,model_used_4,12,4,0.04831838607788086,2.0742416381835938e-05,0.048339128494262695,0.19332122802734375
v1,2025,23552_-372736,all_12,12,12,0.0602157898247242,6.9141387939453125e-06,0.06022270396351814,0.626826286315918
v1,2025,24576_-367616,model_used_4,12,4,0.0020754337310791016,7.152557373046875e-06,0.0020825862884521484,0.008261680603027344
v1,2025,24576_-367616,all_12,12,12,0.04071974754333496,2.384185791015625e-06,0.04072213172912598,0.41880226135253906
v1,2025,24576_-368640,model_used_4,12,4,0.07690000534057617,1.1920928955078125e-06,0.07690119743347168,0.26837730407714844
v1,2025,24576_-368640,all_12,12,12,0.08558773994445801,6.35782896551973e-07,0.08558837324380875,0.544830322265625
v1,2025,24576_-369664,model_used_4,12,4,0.19542407989501953,9.5367431640625e-07,0.19542503356933594,0.5744237899780273
v1,2025,24576_-369664,all_12,12,12,0.19700853526592255,7.94728578057402e-07,0.19700932502746582,0.9931430816650391
v1,2025,24576_-370688,model_used_4,12,4,0.1631631851196289,0.0,0.1631631851196289,0.48650455474853516
v1,2025,24576_-370688,all_12,12,12,0.14547260105609894,2.384185791015625e-07,0.14547283947467804,0.9410877227783203
v1,2025,24576_-371712,model_used_4,12,4,0.13197565078735352,0.0,0.13197565078735352,0.49404335021972656
v1,2025,24576_-371712,all_12,12,12,0.05231873318552971,0.0,0.05231873318552971,0.5472660064697266
v1,2025,24576_-372736,model_used_4,12,4,0.07347393035888672,0.0,0.07347393035888672,0.2646341323852539
v1,2025,24576_-372736,all_12,12,12,0.0350797176361084,0.0,0.0350797176361084,0.3524971008300781
v1,2025,25600_-367616,model_used_4,12,4,0.002381563186645508,2.86102294921875e-06,0.0023844242095947266,0.009537696838378906
v1,2025,25600_-367616,all_12,12,12,0.023700794205069542,9.5367431640625e-07,0.023701747879385948,0.2814311981201172
v1,2025,25600_-368640,model_used_4,12,4,0.10302305221557617,1.9073486328125e-06,0.10302495956420898,0.3460855484008789
v1,2025,25600_-368640,all_12,12,12,0.1168309822678566,7.152557373046875e-07,0.1168316975235939,0.7049970626831055
v1,2025,25600_-369664,model_used_4,12,4,0.33155059814453125,3.814697265625e-06,0.3315544128417969,0.9053373336791992
v1,2025,25600_-369664,all_12,12,12,0.2533648908138275,1.748402951307071e-06,0.253366619348526,0.9981851577758789
v1,2025,25600_-370688,model_used_4,12,4,0.3204658031463623,1.430511474609375e-06,0.3204672336578369,0.8295564651489258
v1,2025,25600_-370688,all_12,12,12,0.21580974757671356,4.371007435111096e-06,0.21581411361694336,0.9819707870483398
v1,2025,25600_-371712,model_used_4,12,4,0.11527013778686523,0.0,0.11527013778686523,0.39406681060791016
v1,2025,25600_-371712,all_12,12,12,0.09473713487386703,0.0,0.09473713487386703,0.7243614196777344
v1,2025,25600_-372736,model_used_4,12,4,0.08297014236450195,0.0,0.08297014236450195,0.3275947570800781
v1,2025,25600_-372736,all_12,12,12,0.07154949754476547,0.0,0.07154949754476547,0.6951131820678711
v1,2025,26624_-367616,model_used_4,12,4,0.0015325546264648438,1.6689300537109375e-06,0.0015342235565185547,0.0061359405517578125
v1,2025,26624_-367616,all_12,12,12,0.010075489990413189,5.563099989558395e-07,0.010076045989990234,0.11360740661621094
v1,2025,26624_-368640,model_used_4,12,4,0.10275816917419434,1.9073486328125e-06,0.10276007652282715,0.3538999557495117
v1,2025,26624_-368640,all_12,12,12,0.13129861652851105,6.35782896551973e-07,0.13129925727844238,0.8279094696044922
v1,2025,26624_-369664,model_used_4,12,4,0.30478405952453613,1.1205673217773438e-05,0.3047952651977539,0.805145263671875
v1,2025,26624_-369664,all_12,12,12,0.2831016480922699,3.973642833443591e-06,0.28310561180114746,0.9825153350830078
v1,2025,26624_-370688,model_used_4,12,4,0.4585871696472168,9.059906005859375e-06,0.45859622955322266,0.9623174667358398
v1,2025,26624_-370688,all_12,12,12,0.26389655470848083,7.470448963431409e-06,0.26390400528907776,0.9962186813354492
v1,2025,26624_-371712,model_used_4,12,4,0.16959738731384277,4.291534423828125e-06,0.1696016788482666,0.4376058578491211
v1,2025,26624_-371712,all_12,12,12,0.11650554090738297,1.5099843722055084e-06,0.11650705337524414,0.7171220779418945
v1,2025,26624_-372736,model_used_4,12,4,0.10009288787841797,0.0,0.10009288787841797,0.38826656341552734
v1,2025,26624_-372736,all_12,12,12,0.05454850196838379,0.0,0.05454850196838379,0.5134592056274414
v1,2025,27648_-367616,model_used_4,12,4,0.02189493179321289,4.291534423828125e-06,0.02189922332763672,0.08433246612548828
v1,2025,27648_-367616,all_12,12,12,0.01749674417078495,1.430511474609375e-06,0.01749817468225956,0.19422626495361328
v1,2025,27648_-368640,model_used_4,12,4,0.04829692840576172,9.298324584960938e-06,0.04830622673034668,0.14742183685302734
v1,2025,27648_-368640,all_12,12,12,0.08786813169717789,3.0994415283203125e-06,0.08787123113870621,0.7954187393188477
v1,2025,27648_-369664,model_used_4,12,4,0.34618473052978516,4.291534423828125e-06,0.346189022064209,0.8414621353149414
v1,2025,27648_-369664,all_12,12,12,0.24897749722003937,1.5099843722055084e-06,0.24897901713848114,0.983189582824707
v1,2025,27648_-370688,model_used_4,12,4,0.2911968231201172,7.62939453125e-06,0.29120445251464844,0.7862396240234375
v1,2025,27648_-370688,all_12,12,12,0.26795077323913574,5.9604644775390625e-06,0.2679567337036133,0.9937753677368164
v1,2025,27648_-371712,model_used_4,12,4,0.07070612907409668,1.1920928955078125e-06,0.07070732116699219,0.2394695281982422
v1,2025,27648_-371712,all_12,12,12,0.0766962394118309,5.563099989558395e-07,0.07669679075479507,0.5030908584594727
v1,2025,27648_-372736,model_used_4,12,4,0.11174631118774414,0.0,0.11174631118774414,0.3944664001464844
v1,2025,27648_-372736,all_12,12,12,0.04524676129221916,0.0,0.04524676129221916,0.444000244140625
v1,2025,28672_-367616,model_used_4,12,4,0.08688187599182129,1.1205673217773438e-05,0.08689308166503906,0.32787513732910156
v1,2025,28672_-367616,all_12,12,12,0.05399147793650627,3.7352244817157043e-06,0.05399521067738533,0.5091695785522461
v1,2025,28672_-368640,model_used_4,12,4,0.024453401565551758,1.3113021850585938e-05,0.024466514587402344,0.09118080139160156
v1,2025,28672_-368640,all_12,12,12,0.05140495300292969,4.371007435111096e-06,0.05140932276844978,0.5163135528564453
v1,2025,28672_-369664,model_used_4,12,4,0.18999552726745605,1.7404556274414062e-05,0.19001293182373047,0.5401773452758789
v1,2025,28672_-369664,all_12,12,12,0.16550295054912567,6.357828624459216e-06,0.16550929844379425,0.9775505065917969
v1,2025,28672_-370688,model_used_4,12,4,0.17183184623718262,8.58306884765625e-06,0.17184042930603027,0.6066627502441406
v1,2025,28672_-370688,all_12,12,12,0.20284080505371094,7.947285666887183e-06,0.20284874737262726,0.9964323043823242
v1,2025,28672_-371712,model_used_4,12,4,0.06792068481445312,1.1920928955078125e-06,0.06792187690734863,0.2622690200805664
v1,2025,28672_-371712,all_12,12,12,0.08813389390707016,5.563099989558395e-07,0.08813444525003433,0.6748495101928711
v1,2025,28672_-372736,model_used_4,12,4,0.10909080505371094,0.0,0.10909080505371094,0.38059043884277344
v1,2025,28672_-372736,all_12,12,12,0.06585240364074707,0.0,0.06585240364074707,0.5848636627197266
v1,2025,29696_-367616,model_used_4,12,4,0.0442357063293457,9.775161743164062e-06,0.04424548149108887,0.16808319091796875
v1,2025,29696_-367616,all_12,12,12,0.041495561599731445,3.2583873235125793e-06,0.0414988212287426,0.423675537109375
v1,2025,29696_-368640,model_used_4,12,4,0.04791116714477539,5.7220458984375e-06,0.04791688919067383,0.1733236312866211
v1,2025,29696_-368640,all_12,12,12,0.05515487864613533,1.9073486328125e-06,0.05515678599476814,0.45029354095458984
v1,2025,29696_-369664,model_used_4,12,4,0.03980135917663574,4.291534423828125e-06,0.03980565071105957,0.14300155639648438
v1,2025,29696_-369664,all_12,12,12,0.09488582611083984,1.589457156114804e-06,0.09488741308450699,0.7001848220825195
v1,2025,29696_-370688,model_used_4,12,4,0.07239127159118652,9.5367431640625e-07,0.07239222526550293,0.2701749801635742
v1,2025,29696_-370688,all_12,12,12,0.17174983024597168,9.5367431640625e-07,0.17175078392028809,0.9645872116088867
v1,2025,29696_-371712,model_used_4,12,4,0.06170368194580078,2.384185791015625e-07,0.06170392036437988,0.22746753692626953
v1,2025,29696_-371712,all_12,12,12,0.05633632466197014,7.947286206899662e-08,0.056336402893066406,0.4672393798828125
v1,2025,29696_-372736,model_used_4,12,4,0.06553912162780762,0.0,0.06553912162780762,0.2255697250366211
v1,2025,29696_-372736,all_12,12,12,0.040771085768938065,0.0,0.040771085768938065,0.38106632232666016
v1,2025,30720_-367616,model_used_4,12,4,0.030022144317626953,0.001247406005859375,0.03126955032348633,0.12291240692138672
v1,2025,30720_-367616,all_12,12,12,0.015928268432617188,0.0004405975341796875,0.016368865966796875,0.18678855895996094
v1,2025,30720_-368640,model_used_4,12,4,0.02640056610107422,0.0009613037109375,0.02736186981201172,0.10691070556640625
v1,2025,30720_-368640,all_12,12,12,0.025158405303955078,0.0015414556255564094,0.026699861511588097,0.28417301177978516
v1,2025,30720_-369664,model_used_4,12,4,0.025078773498535156,0.00010204315185546875,0.025180816650390625,0.09668540954589844
v1,2025,30720_-369664,all_12,12,12,0.026727834716439247,0.0019289652118459344,0.02865680120885372,0.2922496795654297
v1,2025,30720_-370688,model_used_4,12,4,0.006645679473876953,5.0067901611328125e-06,0.006650686264038086,0.025010108947753906
v1,2025,30720_-370688,all_12,12,12,0.05453038215637207,1.6689300537109375e-06,0.05453205108642578,0.5302743911743164
v1,2025,30720_-371712,model_used_4,12,4,0.01607656478881836,0.00017380714416503906,0.0162503719329834,0.061532020568847656
v1,2025,30720_-371712,all_12,12,12,0.04217100143432617,5.793571472167969e-05,0.04222893714904785,0.4194669723510742
v1,2025,30720_-372736,model_used_4,12,4,0.09145283699035645,8.177757263183594e-05,0.09153461456298828,0.34929847717285156
v1,2025,30720_-372736,all_12,12,12,0.05377078056335449,2.7259191483608447e-05,0.05379803851246834,0.5120134353637695
v1,2026,22528_-367616,model_used_4,12,4,6.4373016357421875e-06,0.0,6.4373016357421875e-06,2.574920654296875e-05
v1,2026,22528_-367616,all_12,12,12,0.00047747293137945235,0.00014964739966671914,0.0006271203164942563,0.007521629333496094
v1,2026,22528_-368640,model_used_4,12,4,2.0742416381835938e-05,0.0,2.0742416381835938e-05,8.296966552734375e-05
v1,2026,22528_-368640,all_12,12,12,0.010060310363769531,1.112619997911679e-06,0.010061423294246197,0.11384296417236328
v1,2026,22528_-369664,model_used_4,12,4,0.00011086463928222656,0.0,0.00011086463928222656,0.00038623809814453125
v1,2026,22528_-369664,all_12,12,12,0.04504553601145744,8.742014756535355e-07,0.04504640772938728,0.48883724212646484
v1,2026,22528_-370688,model_used_4,12,4,1.430511474609375e-06,0.0,1.430511474609375e-06,5.7220458984375e-06
v1,2026,22528_-370688,all_12,12,12,0.011536836624145508,4.1564304410712793e-05,0.011578400619328022,0.13162517547607422
v1,2026,22528_-371712,model_used_4,12,4,0.0,0.0,0.0,0.0
v1,2026,22528_-371712,all_12,12,12,0.0017919540405273438,0.0004390875401441008,0.002231041667982936,0.0266876220703125
v1,2026,22528_-372736,model_used_4,12,4,0.0,0.0,0.0,0.0
v1,2026,22528_-372736,all_12,12,12,0.029803117737174034,0.00010935465252259746,0.029912471771240234,0.35373973846435547
v1,2026,23552_-367616,model_used_4,12,4,0.0005335807800292969,0.0,0.0005335807800292969,0.0015707015991210938
v1,2026,23552_-367616,all_12,12,12,0.0015448728809133172,7.176399230957031e-05,0.0016166368732228875,0.016303062438964844
v1,2026,23552_-368640,model_used_4,12,4,0.0075681209564208984,0.0,0.0075681209564208984,0.015591621398925781
v1,2026,23552_-368640,all_12,12,12,0.027850469574332237,6.4373016357421875e-06,0.02785690687596798,0.20808124542236328
v1,2026,23552_-369664,model_used_4,12,4,0.011982202529907227,0.0,0.011982202529907227,0.024061203002929688
v1,2026,23552_-369664,all_12,12,12,0.11690410226583481,2.384185791015625e-06,0.11690648645162582,0.7971267700195312
v1,2026,23552_-370688,model_used_4,12,4,0.004166603088378906,4.76837158203125e-07,0.004167079925537109,0.008419036865234375
v1,2026,23552_-370688,all_12,12,12,0.018973588943481445,0.00014344851661007851,0.01911703683435917,0.18491458892822266
v1,2026,23552_-371712,model_used_4,12,4,2.6226043701171875e-05,0.0,2.6226043701171875e-05,0.0001049041748046875
v1,2026,23552_-371712,all_12,12,12,0.024150768294930458,3.743171691894531e-05,0.024188200011849403,0.2897825241088867
v1,2026,23552_-372736,model_used_4,12,4,0.0,0.0,0.0,0.0
v1,2026,23552_-372736,all_12,12,12,0.016489824280142784,6.9141387939453125e-06,0.01649673841893673,0.19675254821777344
v1,2026,24576_-367616,model_used_4,12,4,5.5789947509765625e-05,0.0,5.5789947509765625e-05,0.00016689300537109375
v1,2026,24576_-367616,all_12,12,12,0.005076408386230469,2.384185791015625e-06,0.005078792572021484,0.059990882873535156
v1,2026,24576_-368640,model_used_4,12,4,0.009757280349731445,0.0,0.009757280349731445,0.019001007080078125
v1,2026,24576_-368640,all_12,12,12,0.051151830703020096,3.178914482759865e-07,0.051152151077985764,0.40848541259765625
v1,2026,24576_-369664,model_used_4,12,4,0.010443925857543945,0.0,0.010443925857543945,0.02509784698486328
v1,2026,24576_-369664,all_12,12,12,0.10126622766256332,6.35782896551973e-07,0.10126686096191406,0.7634544372558594
v1,2026,24576_-370688,model_used_4,12,4,0.011984109878540039,0.0,0.011984109878540039,0.023995399475097656
v1,2026,24576_-370688,all_12,12,12,0.11319279670715332,5.563099989558395e-07,0.11319335550069809,0.7958087921142578
v1,2026,24576_-371712,model_used_4,12,4,0.0004067420959472656,0.0,0.0004067420959472656,0.0006999969482421875
v1,2026,24576_-371712,all_12,12,12,0.05583930015563965,0.0,0.05583930015563965,0.5379533767700195
v1,2026,24576_-372736,model_used_4,12,4,1.6450881958007812e-05,0.0,1.6450881958007812e-05,6.580352783203125e-05
v1,2026,24576_-372736,all_12,12,12,0.026424327865242958,0.0,0.026424327865242958,0.28223228454589844
v1,2026,25600_-367616,model_used_4,12,4,0.0042765140533447266,0.0,0.0042765140533447266,0.017106056213378906
v1,2026,25600_-367616,all_12,12,12,0.028904994949698448,9.5367431640625e-07,0.028905948624014854,0.3203449249267578
v1,2026,25600_-368640,model_used_4,12,4,0.012417793273925781,2.384185791015625e-07,0.012418031692504883,0.024684906005859375
v1,2026,25600_-368640,all_12,12,12,0.10471796989440918,1.1920928955078125e-06,0.10471916198730469,0.6649513244628906
v1,2026,25600_-369664,model_used_4,12,4,0.11511373519897461,0.0,0.11511373519897461,0.45801544189453125
v1,2026,25600_-369664,all_12,12,12,0.16383115947246552,5.801518909720471e-06,0.16383695602416992,0.9575824737548828
v1,2026,25600_-370688,model_used_4,12,4,0.06876587867736816,1.6689300537109375e-06,0.06876754760742188,0.2580299377441406
v1,2026,25600_-370688,all_12,12,12,0.16620810329914093,3.0994415283203125e-06,0.16621120274066925,0.939753532409668
v1,2026,25600_-371712,model_used_4,12,4,0.007033109664916992,0.0,0.007033109664916992,0.011597633361816406
v1,2026,25600_-371712,all_12,12,12,0.09944971650838852,5.563099989558395e-07,0.09945026785135269,0.7964725494384766
v1,2026,25600_-372736,model_used_4,12,4,3.337860107421875e-06,0.0,3.337860107421875e-06,1.33514404296875e-05
v1,2026,25600_-372736,all_12,12,12,0.03660527989268303,0.0,0.03660527989268303,0.41223716735839844
v1,2026,26624_-367616,model_used_4,12,4,1.8835067749023438e-05,0.0,1.8835067749023438e-05,7.534027099609375e-05
v1,2026,26624_-367616,all_12,12,12,0.006658474449068308,5.563099989558395e-07,0.006659030914306641,0.07810115814208984
v1,2026,26624_-368640,model_used_4,12,4,0.018649816513061523,0.0,0.018649816513061523,0.043369293212890625
v1,2026,26624_-368640,all_12,12,12,0.10878793150186539,9.5367431640625e-07,0.1087888851761818,0.5816411972045898
v1,2026,26624_-369664,model_used_4,12,4,0.1285848617553711,3.814697265625e-06,0.12858867645263672,0.4803466796875
v1,2026,26624_-369664,all_12,12,12,0.2661728858947754,5.9604644775390625e-06,0.26617884635925293,0.9974069595336914
v1,2026,26624_-370688,model_used_4,12,4,0.12129640579223633,1.9073486328125e-06,0.12129831314086914,0.47399234771728516
v1,2026,26624_-370688,all_12,12,12,0.31319093704223633,9.218852028425317e-06,0.3132001459598541,0.9999752044677734
v1,2026,26624_-371712,model_used_4,12,4,0.020578861236572266,1.1920928955078125e-06,0.020580053329467773,0.035017967224121094
v1,2026,26624_-371712,all_12,12,12,0.15955503284931183,2.4636585749249207e-06,0.15955750644207,0.9615049362182617
v1,2026,26624_-372736,model_used_4,12,4,0.00122833251953125,0.0,0.00122833251953125,0.004912376403808594
v1,2026,26624_-372736,all_12,12,12,0.0896865501999855,0.0,0.0896865501999855,0.6851720809936523
v1,2026,27648_-367616,model_used_4,12,4,2.6702880859375e-05,0.0,2.6702880859375e-05,0.0001068115234375
v1,2026,27648_-367616,all_12,12,12,0.015416462905704975,1.112619997911679e-06,0.01541757583618164,0.1699352264404297
v1,2026,27648_-368640,model_used_4,12,4,0.026144027709960938,5.9604644775390625e-06,0.026149988174438477,0.08324813842773438
v1,2026,27648_-368640,all_12,12,12,0.07353798300027847,5.0067901611328125e-06,0.0735429897904396,0.5392017364501953
v1,2026,27648_-369664,model_used_4,12,4,0.08425784111022949,1.430511474609375e-06,0.0842592716217041,0.32410621643066406
v1,2026,27648_-369664,all_12,12,12,0.26782020926475525,1.9073486328125e-06,0.26782211661338806,0.9782772064208984
v1,2026,27648_-370688,model_used_4,12,4,0.031000137329101562,1.9073486328125e-06,0.031002044677734375,0.1167459487915039
v1,2026,27648_-370688,all_12,12,12,0.2718311846256256,5.563100330618909e-06,0.2718367576599121,1.0
v1,2026,27648_-371712,model_used_4,12,4,0.012761116027832031,2.384185791015625e-07,0.012761354446411133,0.0251312255859375
v1,2026,27648_-371712,all_12,12,12,0.14231865108013153,1.3510385770132416e-06,0.14231999218463898,0.9852151870727539
v1,2026,27648_-372736,model_used_4,12,4,0.0008273124694824219,0.0,0.0008273124694824219,0.0033092498779296875
v1,2026,27648_-372736,all_12,12,12,0.07002011686563492,0.0,0.07002011686563492,0.630375862121582
v1,2026,28672_-367616,model_used_4,12,4,0.005336761474609375,0.0,0.005336761474609375,0.0213470458984375
v1,2026,28672_-367616,all_12,12,12,0.06017525866627693,2.7815501653094543e-06,0.06017804145812988,0.592473030090332
v1,2026,28672_-368640,model_used_4,12,4,0.042571306228637695,2.86102294921875e-06,0.042574167251586914,0.16500377655029297
v1,2026,28672_-368640,all_12,12,12,0.09836634248495102,5.245208740234375e-06,0.09837158769369125,0.8887710571289062
v1,2026,28672_-369664,model_used_4,12,4,0.020296573638916016,1.9073486328125e-06,0.020298480987548828,0.055405616760253906
v1,2026,28672_-369664,all_12,12,12,0.18724806606769562,5.9604644775390625e-06,0.18725402653217316,0.9986162185668945
v1,2026,28672_-370688,model_used_4,12,4,0.004232883453369141,7.152557373046875e-07,0.004233598709106445,0.012464523315429688
v1,2026,28672_-370688,all_12,12,12,0.19301359355449677,8.265177712019067e-06,0.19302184879779816,0.9989614486694336
v1,2026,28672_-371712,model_used_4,12,4,0.00897526741027832,0.0,0.00897526741027832,0.019220352172851562
v1,2026,28672_-371712,all_12,12,12,0.1417664736509323,1.6689300537109375e-06,0.14176814258098602,0.935704231262207
v1,2026,28672_-372736,model_used_4,12,4,4.935264587402344e-05,0.0,4.935264587402344e-05,0.0001888275146484375
v1,2026,28672_-372736,all_12,12,12,0.056452274322509766,0.0,0.056452274322509766,0.5537300109863281
v1,2026,29696_-367616,model_used_4,12,4,0.21122121810913086,0.0,0.21122121810913086,0.8392419815063477
v1,2026,29696_-367616,all_12,12,12,0.1049591675400734,1.9073486328125e-06,0.10496107488870621,0.9140653610229492
v1,2026,29696_-368640,model_used_4,12,4,0.0933692455291748,0.0,0.0933692455291748,0.3501739501953125
v1,2026,29696_-368640,all_12,12,12,0.07289838790893555,1.9073486328125e-06,0.07290029525756836,0.6221427917480469
v1,2026,29696_-369664,model_used_4,12,4,0.00803518295288086,0.0,0.00803518295288086,0.022772789001464844
v1,2026,29696_-369664,all_12,12,12,0.07564672082662582,1.430511474609375e-06,0.07564815133810043,0.5503120422363281
v1,2026,29696_-370688,model_used_4,12,4,0.0078067779541015625,0.0,0.0078067779541015625,0.023870468139648438
v1,2026,29696_-370688,all_12,12,12,0.17300932109355927,1.271565793103946e-06,0.17301058769226074,0.9670820236206055
v1,2026,29696_-371712,model_used_4,12,4,0.006557464599609375,0.0,0.006557464599609375,0.015387535095214844
v1,2026,29696_-371712,all_12,12,12,0.07752370834350586,6.35782896551973e-07,0.0775243416428566,0.5662908554077148
v1,2026,29696_-372736,model_used_4,12,4,5.698204040527344e-05,0.0,5.698204040527344e-05,0.00022792816162109375
v1,2026,29696_-372736,all_12,12,12,0.01713085174560547,0.0,0.01713085174560547,0.18558216094970703
v1,2026,30720_-367616,model_used_4,12,4,0.06313514709472656,9.775161743164062e-06,0.06314492225646973,0.24379253387451172
v1,2026,30720_-367616,all_12,12,12,0.0278905238956213,0.0013816356658935547,0.029272159561514854,0.30473995208740234
v1,2026,30720_-368640,model_used_4,12,4,0.009071588516235352,0.0034880638122558594,0.012559652328491211,0.04845428466796875
v1,2026,30720_-368640,all_12,12,12,0.008717219345271587,0.0012930234661325812,0.010010242462158203,0.11371994018554688
v1,2026,30720_-369664,model_used_4,12,4,0.008894205093383789,0.0,0.008894205093383789,0.03515911102294922
v1,2026,30720_-369664,all_12,12,12,0.011032183654606342,4.57763671875e-05,0.011077960021793842,0.12779903411865234
v1,2026,30720_-370688,model_used_4,12,4,0.0015413761138916016,0.0,0.0015413761138916016,0.0039768218994140625
v1,2026,30720_-370688,all_12,12,12,0.03284406661987305,2.066294428004767e-06,0.03284613415598869,0.33199119567871094
v1,2026,30720_-371712,model_used_4,12,4,0.01894688606262207,0.0,0.01894688606262207,0.07333946228027344
v1,2026,30720_-371712,all_12,12,12,0.021898984909057617,5.8333080232841894e-05,0.021957317367196083,0.23599910736083984
v1,2026,30720_-372736,model_used_4,12,4,0.04235410690307617,0.0,0.04235410690307617,0.16936683654785156
v1,2026,30720_-372736,all_12,12,12,0.03869454190135002,2.7259191483608447e-05,0.03872179985046387,0.4030447006225586
v5,2023,22528_-367616,model_used_4,12,4,0.0007779598236083984,2.86102294921875e-06,0.0007808208465576172,0.0031232833862304688
v5,2023,22528_-367616,all_12,12,12,0.08726111799478531,9.5367431640625e-07,0.08726207166910172,0.9246883392333984
v5,2023,22528_-368640,model_used_4,12,4,0.00014543533325195312,3.814697265625e-06,0.00014925003051757812,0.0005970001220703125
v5,2023,22528_-368640,all_12,12,12,0.08614929765462875,1.271565793103946e-06,0.08615056425333023,0.7336292266845703
v5,2023,22528_-369664,model_used_4,12,4,0.004640817642211914,9.5367431640625e-07,0.00464177131652832,0.018469810485839844
v5,2023,22528_-369664,all_12,12,12,0.04776597023010254,3.178914482759865e-07,0.04776628687977791,0.47312450408935547
v5,2023,22528_-370688,model_used_4,12,4,0.015027284622192383,9.5367431640625e-07,0.015028238296508789,0.06010913848876953
v5,2023,22528_-370688,all_12,12,12,0.048736173659563065,3.178914482759865e-07,0.04873649403452873,0.5382671356201172
v5,2023,22528_-371712,model_used_4,12,4,0.09824109077453613,0.0,0.09824109077453613,0.3929576873779297
v5,2023,22528_-371712,all_12,12,12,0.06499847024679184,7.947286206899662e-08,0.06499854475259781,0.6228399276733398
v5,2023,22528_-372736,model_used_4,12,4,0.060425758361816406,0.0,0.060425758361816406,0.24169158935546875
v5,2023,22528_-372736,all_12,12,12,0.03968898579478264,0.0,0.03968898579478264,0.4185924530029297
v5,2023,23552_-367616,model_used_4,12,4,0.0039408206939697266,1.9073486328125e-06,0.003942728042602539,0.015299797058105469
v5,2023,23552_-367616,all_12,12,12,0.0812428817152977,6.35782896551973e-07,0.08124351501464844,0.8962230682373047
v5,2023,23552_-368640,model_used_4,12,4,0.009065628051757812,1.1920928955078125e-06,0.00906682014465332,0.02952861785888672
v5,2023,23552_-368640,all_12,12,12,0.12101665884256363,3.97364289028701e-07,0.12101706117391586,0.9636011123657227
v5,2023,23552_-369664,model_used_4,12,4,0.0296173095703125,2.6226043701171875e-06,0.029619932174682617,0.10582447052001953
v5,2023,23552_-369664,all_12,12,12,0.11067652702331543,8.742014756535355e-07,0.11067739874124527,0.870849609375
v5,2023,23552_-370688,model_used_4,12,4,0.10733485221862793,3.5762786865234375e-06,0.10733842849731445,0.4256134033203125
v5,2023,23552_-370688,all_12,12,12,0.08570560067892075,2.1457672119140625e-06,0.08570774644613266,0.7776107788085938
v5,2023,23552_-371712,model_used_4,12,4,0.23761701583862305,2.86102294921875e-06,0.23761987686157227,0.9504547119140625
v5,2023,23552_-371712,all_12,12,12,0.0863041877746582,1.271565793103946e-06,0.08630546182394028,0.9537725448608398
v5,2023,23552_-372736,model_used_4,12,4,0.1552121639251709,7.867813110351562e-06,0.15522003173828125,0.6208572387695312
v5,2023,23552_-372736,all_12,12,12,0.07570377737283707,2.702077154026483e-06,0.07570648193359375,0.6956396102905273
v5,2023,24576_-367616,model_used_4,12,4,0.030283212661743164,0.0,0.030283212661743164,0.12106704711914062
v5,2023,24576_-367616,all_12,12,12,0.11828064918518066,0.0,0.11828064918518066,0.9996662139892578
v5,2023,24576_-368640,model_used_4,12,4,0.0695044994354248,0.0,0.0695044994354248,0.22980690002441406
v5,2023,24576_-368640,all_12,12,12,0.1729954034090042,0.0,0.1729954034090042,0.9999628067016602
v5,2023,24576_-369664,model_used_4,12,4,0.12708663940429688,0.0,0.12708663940429688,0.39824485778808594
v5,2023,24576_-369664,all_12,12,12,0.12545998394489288,0.0,0.12545998394489288,0.772186279296875
v5,2023,24576_-370688,model_used_4,12,4,0.11638832092285156,1.6689300537109375e-06,0.11638998985290527,0.45249176025390625
v5,2023,24576_-370688,all_12,12,12,0.13347895443439484,5.563099989558395e-07,0.1334795206785202,0.8281373977661133
v5,2023,24576_-371712,model_used_4,12,4,0.17057156562805176,2.384185791015625e-07,0.17057180404663086,0.6817560195922852
v5,2023,24576_-371712,all_12,12,12,0.10141905397176743,7.947286206899662e-08,0.1014191284775734,0.8280754089355469
v5,2023,24576_-372736,model_used_4,12,4,0.1397244930267334,9.5367431640625e-07,0.1397254467010498,0.558720588684082
v5,2023,24576_-372736,all_12,12,12,0.0954023227095604,3.178914482759865e-07,0.09540263563394547,0.7487688064575195
v5,2023,25600_-367616,model_used_4,12,4,0.007503509521484375,9.5367431640625e-07,0.007504463195800781,0.030015945434570312
v5,2023,25600_-367616,all_12,12,12,0.14576387405395508,3.178914482759865e-07,0.14576418697834015,0.9911127090454102
v5,2023,25600_-368640,model_used_4,12,4,0.1790027618408203,9.5367431640625e-07,0.17900371551513672,0.44469165802001953
v5,2023,25600_-368640,all_12,12,12,0.21697156131267548,3.178914482759865e-07,0.21697187423706055,0.9999990463256836
v5,2023,25600_-369664,model_used_4,12,4,0.31257057189941406,0.0,0.31257057189941406,0.6321783065795898
v5,2023,25600_-369664,all_12,12,12,0.25520166754722595,0.0,0.25520166754722595,0.9257450103759766
v5,2023,25600_-370688,model_used_4,12,4,0.04234766960144043,1.3589859008789062e-05,0.04236125946044922,0.1577005386352539
v5,2023,25600_-370688,all_12,12,12,0.1358780860900879,6.357828624459216e-06,0.13588444888591766,0.8473300933837891
v5,2023,25600_-371712,model_used_4,12,4,0.06603741645812988,3.814697265625e-06,0.06604123115539551,0.2541666030883789
v5,2023,25600_-371712,all_12,12,12,0.13548977673053741,1.271565793103946e-06,0.13549105823040009,0.9161701202392578
v5,2023,25600_-372736,model_used_4,12,4,0.10065555572509766,7.152557373046875e-07,0.10065627098083496,0.3841896057128906
v5,2023,25600_-372736,all_12,12,12,0.11947575956583023,2.384185791015625e-07,0.11947599798440933,0.9213790893554688
v5,2023,26624_-367616,model_used_4,12,4,0.021420717239379883,0.0,0.021420717239379883,0.0831003189086914
v5,2023,26624_-367616,all_12,12,12,0.13676421344280243,0.0,0.13676421344280243,0.9578857421875
v5,2023,26624_-368640,model_used_4,12,4,0.24062085151672363,9.5367431640625e-07,0.24062180519104004,0.5740041732788086
v5,2023,26624_-368640,all_12,12,12,0.224609375,3.178914482759865e-07,0.22460968792438507,0.9997959136962891
v5,2023,26624_-369664,model_used_4,12,4,0.3915743827819824,2.384185791015625e-07,0.3915746212005615,0.7763872146606445
v5,2023,26624_-369664,all_12,12,12,0.37289533019065857,7.947286206899662e-08,0.37289538979530334,0.9983673095703125
v5,2023,26624_-370688,model_used_4,12,4,0.036466360092163086,1.4543533325195312e-05,0.03648090362548828,0.13972091674804688
v5,2023,26624_-370688,all_12,12,12,0.18488121032714844,7.3909759521484375e-06,0.18488860130310059,0.960108757019043
v5,2023,26624_-371712,model_used_4,12,4,0.012353897094726562,1.049041748046875e-05,0.012364387512207031,0.024608612060546875
v5,2023,26624_-371712,all_12,12,12,0.13662941753864288,4.5299530029296875e-06,0.1366339474916458,0.9037132263183594
v5,2023,26624_-372736,model_used_4,12,4,0.03270697593688965,4.0531158447265625e-06,0.032711029052734375,0.1305255889892578
v5,2023,26624_-372736,all_12,12,12,0.08764561265707016,1.3510385770132416e-06,0.0876469612121582,0.6940221786499023
v5,2023,27648_-367616,model_used_4,12,4,0.08611321449279785,0.0,0.08611321449279785,0.3177661895751953
v5,2023,27648_-367616,all_12,12,12,0.17100508511066437,0.0,0.17100508511066437,0.9988775253295898
v5,2023,27648_-368640,model_used_4,12,4,0.13117647171020508,0.0,0.13117647171020508,0.4534797668457031
v5,2023,27648_-368640,all_12,12,12,0.21052782237529755,0.0,0.21052782237529755,0.9997901916503906
v5,2023,27648_-369664,model_used_4,12,4,0.2551231384277344,0.0,0.2551231384277344,0.7155485153198242
v5,2023,27648_-369664,all_12,12,12,0.25215840339660645,0.0,0.25215840339660645,0.9981765747070312
v5,2023,27648_-370688,model_used_4,12,4,0.05396080017089844,1.2636184692382812e-05,0.05397343635559082,0.20921802520751953
v5,2023,27648_-370688,all_12,12,12,0.1940295696258545,6.596247203560779e-06,0.19403617084026337,0.9609479904174805
v5,2023,27648_-371712,model_used_4,12,4,0.010114431381225586,1.3113021850585938e-05,0.010127544403076172,0.02641582489013672
v5,2023,27648_-371712,all_12,12,12,0.15275168418884277,5.404154308052966e-06,0.15275709331035614,0.8925333023071289
v5,2023,27648_-372736,model_used_4,12,4,0.0007507801055908203,8.58306884765625e-06,0.0007593631744384766,0.0030374526977539062
v5,2023,27648_-372736,all_12,12,12,0.028873762115836143,2.86102294921875e-06,0.028876623138785362,0.29367923736572266
v5,2023,28672_-367616,model_used_4,12,4,0.0787205696105957,9.5367431640625e-07,0.07872152328491211,0.30406951904296875
v5,2023,28672_-367616,all_12,12,12,0.20409107208251953,3.178914482759865e-07,0.2040913850069046,1.0
v5,2023,28672_-368640,model_used_4,12,4,0.08473777770996094,0.0,0.08473777770996094,0.3274822235107422
v5,2023,28672_-368640,all_12,12,12,0.218270942568779,0.0,0.218270942568779,1.0
v5,2023,28672_-369664,model_used_4,12,4,0.17706823348999023,0.0,0.17706823348999023,0.5692481994628906
v5,2023,28672_-369664,all_12,12,12,0.2457379549741745,0.0,0.2457379549741745,0.9948234558105469
v5,2023,28672_-370688,model_used_4,12,4,0.13297510147094727,1.1682510375976562e-05,0.13298678398132324,0.501988410949707
v5,2023,28672_-370688,all_12,12,12,0.2373359203338623,6.596247203560779e-06,0.23734252154827118,0.9882917404174805
v5,2023,28672_-371712,model_used_4,12,4,0.01967763900756836,1.1205673217773438e-05,0.019688844680786133,0.07320213317871094
v5,2023,28672_-371712,all_12,12,12,0.1733943670988083,6.67572021484375e-06,0.17340104281902313,0.8752107620239258
v5,2023,28672_-372736,model_used_4,12,4,9.775161743164062e-06,1.049041748046875e-05,2.0265579223632812e-05,7.43865966796875e-05
v5,2023,28672_-372736,all_12,12,12,0.018185535445809364,3.496805902614142e-06,0.01818903349339962,0.20965194702148438
v5,2023,29696_-367616,model_used_4,12,4,0.05231451988220215,0.0,0.05231451988220215,0.19768714904785156
v5,2023,29696_-367616,all_12,12,12,0.18449187278747559,0.0,0.18449187278747559,0.9745473861694336
v5,2023,29696_-368640,model_used_4,12,4,0.07449054718017578,0.0,0.07449054718017578,0.29726505279541016
v5,2023,29696_-368640,all_12,12,12,0.19926929473876953,0.0,0.19926929473876953,1.0
v5,2023,29696_-369664,model_used_4,12,4,0.10849428176879883,0.0,0.10849428176879883,0.3906593322753906
v5,2023,29696_-369664,all_12,12,12,0.20830805599689484,0.0,0.20830805599689484,0.9885654449462891
v5,2023,29696_-370688,model_used_4,12,4,0.07556939125061035,1.9073486328125e-06,0.07557129859924316,0.28018760681152344
v5,2023,29696_-370688,all_12,12,12,0.2292003631591797,1.3510385770132416e-06,0.22920171916484833,0.9999513626098633
v5,2023,29696_-371712,model_used_4,12,4,0.024674654006958008,7.152557373046875e-07,0.024675369262695312,0.09366130828857422
v5,2023,29696_-371712,all_12,12,12,0.12155437469482422,5.563099989558395e-07,0.12155493348836899,0.8462800979614258
v5,2023,29696_-372736,model_used_4,12,4,0.0033881664276123047,9.5367431640625e-07,0.003389120101928711,0.013556480407714844
v5,2023,29696_-372736,all_12,12,12,0.04774697497487068,3.178914482759865e-07,0.04774729534983635,0.4518413543701172
v5,2023,30720_-367616,model_used_4,12,4,0.040663719177246094,0.0022420883178710938,0.04290580749511719,0.16936779022216797
v5,2023,30720_-367616,all_12,12,12,0.08402975648641586,0.001966794254258275,0.08599654585123062,0.7828683853149414
v5,2023,30720_-368640,model_used_4,12,4,0.04985761642456055,0.0018167495727539062,0.05167436599731445,0.19896984100341797
v5,2023,30720_-368640,all_12,12,12,0.056000154465436935,0.0013570785522460938,0.05735723301768303,0.4509754180908203
v5,2023,30720_-369664,model_used_4,12,4,0.08485102653503418,7.152557373046875e-07,0.08485174179077148,0.30510902404785156
v5,2023,30720_-369664,all_12,12,12,0.08124756813049316,2.384185791015625e-07,0.08124780654907227,0.585078239440918
v5,2023,30720_-370688,model_used_4,12,4,0.07518124580383301,0.0003757476806640625,0.07555699348449707,0.26563072204589844
v5,2023,30720_-370688,all_12,12,12,0.15344977378845215,0.00012532870459835976,0.1535751074552536,0.8080768585205078
v5,2023,30720_-371712,model_used_4,12,4,0.0015988349914550781,0.002010345458984375,0.003609180450439453,0.013285636901855469
v5,2023,30720_-371712,all_12,12,12,0.15999142825603485,0.0006717841024510562,0.1606632024049759,0.9899482727050781
v5,2023,30720_-372736,model_used_4,12,4,1.2636184692382812e-05,0.003523588180541992,0.003536224365234375,0.014139175415039062
v5,2023,30720_-372736,all_12,12,12,0.1199735775589943,0.0011746088275685906,0.12114819139242172,0.919011116027832
v5,2024,22528_-367616,model_used_4,12,4,0.04527616500854492,0.0,0.04527616500854492,0.18099689483642578
v5,2024,22528_-367616,all_12,12,12,0.039876461029052734,0.0,0.039876461029052734,0.3965291976928711
v5,2024,22528_-368640,model_used_4,12,4,0.05907487869262695,0.0,0.05907487869262695,0.23628902435302734
v5,2024,22528_-368640,all_12,12,12,0.04347841069102287,0.0,0.04347841069102287,0.4530658721923828
v5,2024,22528_-369664,model_used_4,12,4,0.034983158111572266,0.0,0.034983158111572266,0.13988399505615234
v5,2024,22528_-369664,all_12,12,12,0.1455422192811966,0.0,0.1455422192811966,0.9998674392700195
v5,2024,22528_-370688,model_used_4,12,4,0.0748453140258789,2.384185791015625e-07,0.07484555244445801,0.29087352752685547
v5,2024,22528_-370688,all_12,12,12,0.1025688648223877,4.76837158203125e-07,0.1025693416595459,0.7101202011108398
v5,2024,22528_-371712,model_used_4,12,4,0.003583192825317383,7.152557373046875e-07,0.0035839080810546875,0.013868331909179688
v5,2024,22528_-371712,all_12,12,12,0.0036182403564453125,5.563099989558395e-07,0.0036187965888530016,0.041831016540527344
v5,2024,22528_-372736,model_used_4,12,4,0.0005209445953369141,2.384185791015625e-07,0.0005211830139160156,0.0020847320556640625
v5,2024,22528_-372736,all_12,12,12,0.03386068344116211,7.947286206899662e-08,0.03386076167225838,0.40382862091064453
v5,2024,23552_-367616,model_used_4,12,4,0.021332502365112305,0.0,0.021332502365112305,0.08512115478515625
v5,2024,23552_-367616,all_12,12,12,0.03392251208424568,7.152557373046875e-07,0.033923227339982986,0.3760700225830078
v5,2024,23552_-368640,model_used_4,12,4,0.0740046501159668,2.384185791015625e-07,0.0740048885345459,0.2862205505371094
v5,2024,23552_-368640,all_12,12,12,0.0968070849776268,1.5894572413799324e-07,0.09680724143981934,0.7150096893310547
v5,2024,23552_-369664,model_used_4,12,4,0.07980489730834961,3.0994415283203125e-06,0.07980799674987793,0.30020999908447266
v5,2024,23552_-369664,all_12,12,12,0.19770614802837372,1.0331472140023834e-06,0.1977071762084961,0.9989252090454102
v5,2024,23552_-370688,model_used_4,12,4,0.029565095901489258,2.384185791015625e-06,0.029567480087280273,0.11443901062011719
v5,2024,23552_-370688,all_12,12,12,0.09622470289468765,7.94728578057402e-07,0.09622550010681152,0.7600936889648438
v5,2024,23552_-371712,model_used_4,12,4,0.0024394989013671875,2.384185791015625e-07,0.002439737319946289,0.00975799560546875
v5,2024,23552_-371712,all_12,12,12,0.009817123413085938,7.947286206899662e-08,0.00981720257550478,0.10989761352539062
v5,2024,23552_-372736,model_used_4,12,4,9.298324584960938e-06,0.0,9.298324584960938e-06,3.719329833984375e-05
v5,2024,23552_-372736,all_12,12,12,0.0035270054358989,0.0,0.0035270054358989,0.04197883605957031
v5,2024,24576_-367616,model_used_4,12,4,0.00039196014404296875,0.0,0.00039196014404296875,0.0015363693237304688
v5,2024,24576_-367616,all_12,12,12,0.07186213880777359,7.947286206899662e-08,0.07186222076416016,0.593292236328125
v5,2024,24576_-368640,model_used_4,12,4,0.011382579803466797,0.0,0.011382579803466797,0.03785133361816406
v5,2024,24576_-368640,all_12,12,12,0.14509518444538116,1.0331472140023834e-06,0.14509622752666473,0.9146308898925781
v5,2024,24576_-369664,model_used_4,12,4,0.10896492004394531,1.5020370483398438e-05,0.10897994041442871,0.38532352447509766
v5,2024,24576_-369664,all_12,12,12,0.20581357181072235,5.0067901611328125e-06,0.20581857860088348,0.9948291778564453
v5,2024,24576_-370688,model_used_4,12,4,0.12399148941040039,4.76837158203125e-06,0.12399625778198242,0.44660472869873047
v5,2024,24576_-370688,all_12,12,12,0.1312847137451172,2.1457672119140625e-06,0.1312868595123291,0.7503976821899414
v5,2024,24576_-371712,model_used_4,12,4,0.015044689178466797,0.0,0.015044689178466797,0.05985832214355469
v5,2024,24576_-371712,all_12,12,12,0.022050142288208008,0.0,0.022050142288208008,0.21038246154785156
v5,2024,24576_-372736,model_used_4,12,4,0.0042879581451416016,0.0,0.0042879581451416016,0.01714801788330078
v5,2024,24576_-372736,all_12,12,12,0.008079846389591694,0.0,0.008079846389591694,0.09354972839355469
v5,2024,25600_-367616,model_used_4,12,4,2.288818359375e-05,0.0,2.288818359375e-05,9.1552734375e-05
v5,2024,25600_-367616,all_12,12,12,0.07097085565328598,3.178914482759865e-07,0.07097116857767105,0.8286752700805664
v5,2024,25600_-368640,model_used_4,12,4,0.015347003936767578,0.0,0.015347003936767578,0.04917621612548828
v5,2024,25600_-368640,all_12,12,12,0.10710525512695312,4.609426014212659e-06,0.10710986703634262,0.9205093383789062
v5,2024,25600_-369664,model_used_4,12,4,0.17122960090637207,1.1920928955078125e-06,0.17123079299926758,0.5617170333862305
v5,2024,25600_-369664,all_12,12,12,0.2529464662075043,3.97364289028701e-07,0.2529468536376953,0.9981584548950195
v5,2024,25600_-370688,model_used_4,12,4,0.18477654457092285,1.4066696166992188e-05,0.18479061126708984,0.6033535003662109
v5,2024,25600_-370688,all_12,12,12,0.21750815212726593,4.927317149849841e-06,0.2175130844116211,0.9431514739990234
v5,2024,25600_-371712,model_used_4,12,4,0.06625843048095703,2.1457672119140625e-06,0.06626057624816895,0.24896812438964844
v5,2024,25600_-371712,all_12,12,12,0.09671346098184586,7.94728578057402e-07,0.09671425819396973,0.716252326965332
v5,2024,25600_-372736,model_used_4,12,4,0.0033593177795410156,0.0,0.0033593177795410156,0.013437271118164062
v5,2024,25600_-372736,all_12,12,12,0.035642385482788086,1.5099843722055084e-06,0.03564389422535896,0.34241580963134766
v5,2024,26624_-367616,model_used_4,12,4,0.001066446304321289,0.0,0.001066446304321289,0.004265785217285156
v5,2024,26624_-367616,all_12,12,12,0.05024313926696777,0.0,0.05024313926696777,0.601313591003418
v5,2024,26624_-368640,model_used_4,12,4,0.017667770385742188,0.0,0.017667770385742188,0.050972938537597656
v5,2024,26624_-368640,all_12,12,12,0.10426505655050278,6.516774647025159e-06,0.10427156835794449,0.9170894622802734
v5,2024,26624_-369664,model_used_4,12,4,0.2700364589691162,4.76837158203125e-07,0.2700369358062744,0.7123785018920898
v5,2024,26624_-369664,all_12,12,12,0.3523533344268799,1.5894572413799324e-07,0.3523534834384918,0.9994173049926758
v5,2024,26624_-370688,model_used_4,12,4,0.26684045791625977,1.2874603271484375e-05,0.26685333251953125,0.7249813079833984
v5,2024,26624_-370688,all_12,12,12,0.32147255539894104,4.450479991646716e-06,0.3214770257472992,0.9978322982788086
v5,2024,26624_-371712,model_used_4,12,4,0.032994985580444336,1.1920928955078125e-06,0.032996177673339844,0.11069297790527344
v5,2024,26624_-371712,all_12,12,12,0.10694511979818344,1.9868214167217957e-06,0.10694710165262222,0.7930784225463867
v5,2024,26624_-372736,model_used_4,12,4,0.0003447532653808594,0.0,0.0003447532653808594,0.0013790130615234375
v5,2024,26624_-372736,all_12,12,12,0.06360149383544922,0.0,0.06360149383544922,0.6717615127563477
v5,2024,27648_-367616,model_used_4,12,4,0.013375282287597656,0.0,0.013375282287597656,0.053501129150390625
v5,2024,27648_-367616,all_12,12,12,0.05568520352244377,0.0,0.05568520352244377,0.6508007049560547
v5,2024,27648_-368640,model_used_4,12,4,0.011182785034179688,2.384185791015625e-07,0.011183023452758789,0.030074119567871094
v5,2024,27648_-368640,all_12,12,12,0.08922100067138672,3.97364289028701e-07,0.08922139555215836,0.9258909225463867
v5,2024,27648_-369664,model_used_4,12,4,0.10961627960205078,0.0,0.10961627960205078,0.3377113342285156
v5,2024,27648_-369664,all_12,12,12,0.22511880099773407,5.563099989558395e-07,0.22511935234069824,0.9049434661865234
v5,2024,27648_-370688,model_used_4,12,4,0.2187507152557373,1.9073486328125e-05,0.21876978874206543,0.666111946105957
v5,2024,27648_-370688,all_12,12,12,0.3125942647457123,6.357828624459216e-06,0.31260061264038086,0.9976367950439453
v5,2024,27648_-371712,model_used_4,12,4,0.037883758544921875,1.6689300537109375e-06,0.037885427474975586,0.13374900817871094
v5,2024,27648_-371712,all_12,12,12,0.16422724723815918,7.152557373046875e-07,0.16422796249389648,0.9795103073120117
v5,2024,27648_-372736,model_used_4,12,4,5.0067901611328125e-06,0.0,5.0067901611328125e-06,2.002716064453125e-05
v5,2024,27648_-372736,all_12,12,12,0.0966688022017479,0.0,0.0966688022017479,0.9572620391845703
v5,2024,28672_-367616,model_used_4,12,4,7.152557373046875e-07,0.0,7.152557373046875e-07,2.86102294921875e-06
v5,2024,28672_-367616,all_12,12,12,0.052820444107055664,0.0,0.052820444107055664,0.6292562484741211
v5,2024,28672_-368640,model_used_4,12,4,0.001638174057006836,0.0,0.001638174057006836,0.0041141510009765625
v5,2024,28672_-368640,all_12,12,12,0.08587320894002914,2.384185791015625e-07,0.08587344735860825,0.9973287582397461
v5,2024,28672_-369664,model_used_4,12,4,0.07034611701965332,0.0,0.07034611701965332,0.23485088348388672
v5,2024,28672_-369664,all_12,12,12,0.21460048854351044,8.742014756535355e-07,0.21460135281085968,0.9987459182739258
v5,2024,28672_-370688,model_used_4,12,4,0.11675405502319336,1.2636184692382812e-05,0.11676669120788574,0.41626739501953125
v5,2024,28672_-370688,all_12,12,12,0.29256471991539,5.642572887154529e-06,0.2925703525543213,0.9998569488525391
v5,2024,28672_-371712,model_used_4,12,4,0.014559268951416016,7.152557373046875e-07,0.01455998420715332,0.053684234619140625
v5,2024,28672_-371712,all_12,12,12,0.21769244968891144,3.7352244817157043e-06,0.2176961898803711,0.9999589920043945
v5,2024,28672_-372736,model_used_4,12,4,4.863739013671875e-05,0.0,4.863739013671875e-05,0.00019073486328125
v5,2024,28672_-372736,all_12,12,12,0.14947454631328583,0.0,0.14947454631328583,0.9964189529418945
v5,2024,29696_-367616,model_used_4,12,4,4.935264587402344e-05,0.0,4.935264587402344e-05,0.00019741058349609375
v5,2024,29696_-367616,all_12,12,12,0.10117927938699722,6.35782896551973e-07,0.10117992013692856,0.781886100769043
v5,2024,29696_-368640,model_used_4,12,4,7.390975952148438e-05,0.0,7.390975952148438e-05,0.0002956390380859375
v5,2024,29696_-368640,all_12,12,12,0.10737117379903793,0.0,0.10737117379903793,0.9996566772460938
v5,2024,29696_-369664,model_used_4,12,4,0.00437164306640625,0.0,0.00437164306640625,0.01183319091796875
v5,2024,29696_-369664,all_12,12,12,0.15522241592407227,0.0,0.15522241592407227,0.9999904632568359
v5,2024,29696_-370688,model_used_4,12,4,0.05562329292297363,1.9073486328125e-06,0.055625200271606445,0.20874500274658203
v5,2024,29696_-370688,all_12,12,12,0.23544423282146454,7.152557373046875e-07,0.23544494807720184,0.986882209777832
v5,2024,29696_-371712,model_used_4,12,4,0.020663738250732422,0.0,0.020663738250732422,0.07842159271240234
v5,2024,29696_-371712,all_12,12,12,0.16978709399700165,0.0,0.16978709399700165,0.9492387771606445
v5,2024,29696_-372736,model_used_4,12,4,0.0214841365814209,0.0,0.0214841365814209,0.0859365463256836
v5,2024,29696_-372736,all_12,12,12,0.11433792114257812,0.0,0.11433792114257812,0.9086112976074219
v5,2024,30720_-367616,model_used_4,12,4,0.0011594295501708984,0.0,0.0011594295501708984,0.004637718200683594
v5,2024,30720_-367616,all_12,12,12,0.08183010667562485,0.0001250902860192582,0.0819551944732666,0.703709602355957
v5,2024,30720_-368640,model_used_4,12,4,0.031265974044799805,0.0002880096435546875,0.03155398368835449,0.12621593475341797
v5,2024,30720_-368640,all_12,12,12,0.12246783822774887,0.00011301040649414062,0.12258084863424301,0.9174604415893555
v5,2024,30720_-369664,model_used_4,12,4,0.05782151222229004,0.0,0.05782151222229004,0.23128604888916016
v5,2024,30720_-369664,all_12,12,12,0.11205307394266129,0.0020437240600585938,0.11409679800271988,0.8479652404785156
v5,2024,30720_-370688,model_used_4,12,4,0.0009808540344238281,1.9073486328125e-06,0.0009827613830566406,0.0027713775634765625
v5,2024,30720_-370688,all_12,12,12,0.08946260064840317,2.702077154026483e-06,0.08946529775857925,0.6814489364624023
v5,2024,30720_-371712,model_used_4,12,4,0.011742353439331055,3.5762786865234375e-06,0.011745929718017578,0.045867919921875
v5,2024,30720_-371712,all_12,12,12,0.10964909940958023,2.066294428004767e-06,0.10965117067098618,0.8629264831542969
v5,2024,30720_-372736,model_used_4,12,4,0.020540714263916016,2.384185791015625e-07,0.020540952682495117,0.08216381072998047
v5,2024,30720_-372736,all_12,12,12,0.07719644159078598,7.947286206899662e-08,0.07719651609659195,0.6996984481811523
v5,2025,22528_-367616,model_used_4,12,4,0.003536224365234375,0.0004496574401855469,0.003985881805419922,0.015865325927734375
v5,2025,22528_-367616,all_12,12,12,0.08559370040893555,0.0001498858182458207,0.08574358373880386,1.0
v5,2025,22528_-368640,model_used_4,12,4,0.04488420486450195,2.6226043701171875e-06,0.04488682746887207,0.17008686065673828
v5,2025,22528_-368640,all_12,12,12,0.08401679992675781,8.742014756535355e-07,0.08401767164468765,0.8175954818725586
v5,2025,22528_-369664,model_used_4,12,4,0.04687952995300293,1.9073486328125e-06,0.04688143730163574,0.1532726287841797
v5,2025,22528_-369664,all_12,12,12,0.11912449449300766,6.35782896551973e-07,0.1191251277923584,0.9984331130981445
v5,2025,22528_-370688,model_used_4,12,4,0.005534172058105469,0.00012421607971191406,0.005658388137817383,0.02261638641357422
v5,2025,22528_-370688,all_12,12,12,0.09063545614480972,4.1564304410712793e-05,0.09067702293395996,0.9988718032836914
v5,2025,22528_-371712,model_used_4,12,4,0.0016443729400634766,0.0013172626495361328,0.0029616355895996094,0.011846542358398438
v5,2025,22528_-371712,all_12,12,12,0.08390029519796371,0.0004390875401441008,0.08433938026428223,0.99993896484375
v5,2025,22528_-372736,model_used_4,12,4,0.08040475845336914,0.00032806396484375,0.08073282241821289,0.32291698455810547
v5,2025,22528_-372736,all_12,12,12,0.11030498892068863,0.00010935465252259746,0.11041434854269028,1.0
v5,2025,23552_-367616,model_used_4,12,4,0.0034089088439941406,0.0002162456512451172,0.003625154495239258,0.014226913452148438
v5,2025,23552_-367616,all_12,12,12,0.07343117147684097,7.20818861736916e-05,0.07350325584411621,0.8634490966796875
v5,2025,23552_-368640,model_used_4,12,4,0.040575504302978516,1.6927719116210938e-05,0.04059243202209473,0.13087844848632812
v5,2025,23552_-368640,all_12,12,12,0.08539573103189468,5.642572887154529e-06,0.08540137857198715,0.7810144424438477
v5,2025,23552_-369664,model_used_4,12,4,0.1410045623779297,4.76837158203125e-06,0.14100933074951172,0.44634437561035156
v5,2025,23552_-369664,all_12,12,12,0.18161296844482422,1.589457156114804e-06,0.18161456286907196,0.9888753890991211
v5,2025,23552_-370688,model_used_4,12,4,0.02589583396911621,0.0004298686981201172,0.026325702667236328,0.10069847106933594
v5,2025,23552_-370688,all_12,12,12,0.09653965383768082,0.0001514752657385543,0.09669113159179688,0.9778814315795898
v5,2025,23552_-371712,model_used_4,12,4,0.07082176208496094,0.00011229515075683594,0.07093405723571777,0.2837085723876953
v5,2025,23552_-371712,all_12,12,12,0.08062863349914551,4.609425741364248e-05,0.08067473024129868,0.8953008651733398
v5,2025,23552_-372736,model_used_4,12,4,0.04831838607788086,2.0742416381835938e-05,0.048339128494262695,0.19332122802734375
v5,2025,23552_-372736,all_12,12,12,0.0602157898247242,6.9141387939453125e-06,0.06022270396351814,0.626826286315918
v5,2025,24576_-367616,model_used_4,12,4,0.0020754337310791016,7.152557373046875e-06,0.0020825862884521484,0.008261680603027344
v5,2025,24576_-367616,all_12,12,12,0.04071974754333496,2.384185791015625e-06,0.04072213172912598,0.41880226135253906
v5,2025,24576_-368640,model_used_4,12,4,0.07690000534057617,1.1920928955078125e-06,0.07690119743347168,0.26837730407714844
v5,2025,24576_-368640,all_12,12,12,0.08558773994445801,6.35782896551973e-07,0.08558837324380875,0.544830322265625
v5,2025,24576_-369664,model_used_4,12,4,0.19542407989501953,9.5367431640625e-07,0.19542503356933594,0.5744237899780273
v5,2025,24576_-369664,all_12,12,12,0.19700853526592255,7.94728578057402e-07,0.19700932502746582,0.9931430816650391
v5,2025,24576_-370688,model_used_4,12,4,0.1631631851196289,0.0,0.1631631851196289,0.48650455474853516
v5,2025,24576_-370688,all_12,12,12,0.14547260105609894,2.384185791015625e-07,0.14547283947467804,0.9410877227783203
v5,2025,24576_-371712,model_used_4,12,4,0.13197565078735352,0.0,0.13197565078735352,0.49404335021972656
v5,2025,24576_-371712,all_12,12,12,0.05231873318552971,0.0,0.05231873318552971,0.5472660064697266
v5,2025,24576_-372736,model_used_4,12,4,0.07347393035888672,0.0,0.07347393035888672,0.2646341323852539
v5,2025,24576_-372736,all_12,12,12,0.0350797176361084,0.0,0.0350797176361084,0.3524971008300781
v5,2025,25600_-367616,model_used_4,12,4,0.002381563186645508,2.86102294921875e-06,0.0023844242095947266,0.009537696838378906
v5,2025,25600_-367616,all_12,12,12,0.023700794205069542,9.5367431640625e-07,0.023701747879385948,0.2814311981201172
v5,2025,25600_-368640,model_used_4,12,4,0.10302305221557617,1.9073486328125e-06,0.10302495956420898,0.3460855484008789
v5,2025,25600_-368640,all_12,12,12,0.1168309822678566,7.152557373046875e-07,0.1168316975235939,0.7049970626831055
v5,2025,25600_-369664,model_used_4,12,4,0.33155059814453125,3.814697265625e-06,0.3315544128417969,0.9053373336791992
v5,2025,25600_-369664,all_12,12,12,0.2533648908138275,1.748402951307071e-06,0.253366619348526,0.9981851577758789
v5,2025,25600_-370688,model_used_4,12,4,0.3204658031463623,1.430511474609375e-06,0.3204672336578369,0.8295564651489258
v5,2025,25600_-370688,all_12,12,12,0.21580974757671356,4.371007435111096e-06,0.21581411361694336,0.9819707870483398
v5,2025,25600_-371712,model_used_4,12,4,0.11527013778686523,0.0,0.11527013778686523,0.39406681060791016
v5,2025,25600_-371712,all_12,12,12,0.09473713487386703,0.0,0.09473713487386703,0.7243614196777344
v5,2025,25600_-372736,model_used_4,12,4,0.08297014236450195,0.0,0.08297014236450195,0.3275947570800781
v5,2025,25600_-372736,all_12,12,12,0.07154949754476547,0.0,0.07154949754476547,0.6951131820678711
v5,2025,26624_-367616,model_used_4,12,4,0.0015325546264648438,1.6689300537109375e-06,0.0015342235565185547,0.0061359405517578125
v5,2025,26624_-367616,all_12,12,12,0.010075489990413189,5.563099989558395e-07,0.010076045989990234,0.11360740661621094
v5,2025,26624_-368640,model_used_4,12,4,0.10275816917419434,1.9073486328125e-06,0.10276007652282715,0.3538999557495117
v5,2025,26624_-368640,all_12,12,12,0.13129861652851105,6.35782896551973e-07,0.13129925727844238,0.8279094696044922
v5,2025,26624_-369664,model_used_4,12,4,0.30478405952453613,1.1205673217773438e-05,0.3047952651977539,0.805145263671875
v5,2025,26624_-369664,all_12,12,12,0.2831016480922699,3.973642833443591e-06,0.28310561180114746,0.9825153350830078
v5,2025,26624_-370688,model_used_4,12,4,0.4585871696472168,9.059906005859375e-06,0.45859622955322266,0.9623174667358398
v5,2025,26624_-370688,all_12,12,12,0.26389655470848083,7.470448963431409e-06,0.26390400528907776,0.9962186813354492
v5,2025,26624_-371712,model_used_4,12,4,0.16959738731384277,4.291534423828125e-06,0.1696016788482666,0.4376058578491211
v5,2025,26624_-371712,all_12,12,12,0.11650554090738297,1.5099843722055084e-06,0.11650705337524414,0.7171220779418945
v5,2025,26624_-372736,model_used_4,12,4,0.10009288787841797,0.0,0.10009288787841797,0.38826656341552734
v5,2025,26624_-372736,all_12,12,12,0.05454850196838379,0.0,0.05454850196838379,0.5134592056274414
v5,2025,27648_-367616,model_used_4,12,4,0.02189493179321289,4.291534423828125e-06,0.02189922332763672,0.08433246612548828
v5,2025,27648_-367616,all_12,12,12,0.01749674417078495,1.430511474609375e-06,0.01749817468225956,0.19422626495361328
v5,2025,27648_-368640,model_used_4,12,4,0.04829692840576172,9.298324584960938e-06,0.04830622673034668,0.14742183685302734
v5,2025,27648_-368640,all_12,12,12,0.08786813169717789,3.0994415283203125e-06,0.08787123113870621,0.7954187393188477
v5,2025,27648_-369664,model_used_4,12,4,0.34618473052978516,4.291534423828125e-06,0.346189022064209,0.8414621353149414
v5,2025,27648_-369664,all_12,12,12,0.24897749722003937,1.5099843722055084e-06,0.24897901713848114,0.983189582824707
v5,2025,27648_-370688,model_used_4,12,4,0.2911968231201172,7.62939453125e-06,0.29120445251464844,0.7862396240234375
v5,2025,27648_-370688,all_12,12,12,0.26795077323913574,5.9604644775390625e-06,0.2679567337036133,0.9937753677368164
v5,2025,27648_-371712,model_used_4,12,4,0.07070612907409668,1.1920928955078125e-06,0.07070732116699219,0.2394695281982422
v5,2025,27648_-371712,all_12,12,12,0.0766962394118309,5.563099989558395e-07,0.07669679075479507,0.5030908584594727
v5,2025,27648_-372736,model_used_4,12,4,0.11174631118774414,0.0,0.11174631118774414,0.3944664001464844
v5,2025,27648_-372736,all_12,12,12,0.04524676129221916,0.0,0.04524676129221916,0.444000244140625
v5,2025,28672_-367616,model_used_4,12,4,0.08688187599182129,1.1205673217773438e-05,0.08689308166503906,0.32787513732910156
v5,2025,28672_-367616,all_12,12,12,0.05399147793650627,3.7352244817157043e-06,0.05399521067738533,0.5091695785522461
v5,2025,28672_-368640,model_used_4,12,4,0.024453401565551758,1.3113021850585938e-05,0.024466514587402344,0.09118080139160156
v5,2025,28672_-368640,all_12,12,12,0.05140495300292969,4.371007435111096e-06,0.05140932276844978,0.5163135528564453
v5,2025,28672_-369664,model_used_4,12,4,0.18999552726745605,1.7404556274414062e-05,0.19001293182373047,0.5401773452758789
v5,2025,28672_-369664,all_12,12,12,0.16550295054912567,6.357828624459216e-06,0.16550929844379425,0.9775505065917969
v5,2025,28672_-370688,model_used_4,12,4,0.17183184623718262,8.58306884765625e-06,0.17184042930603027,0.6066627502441406
v5,2025,28672_-370688,all_12,12,12,0.20284080505371094,7.947285666887183e-06,0.20284874737262726,0.9964323043823242
v5,2025,28672_-371712,model_used_4,12,4,0.06792068481445312,1.1920928955078125e-06,0.06792187690734863,0.2622690200805664
v5,2025,28672_-371712,all_12,12,12,0.08813389390707016,5.563099989558395e-07,0.08813444525003433,0.6748495101928711
v5,2025,28672_-372736,model_used_4,12,4,0.10909080505371094,0.0,0.10909080505371094,0.38059043884277344
v5,2025,28672_-372736,all_12,12,12,0.06585240364074707,0.0,0.06585240364074707,0.5848636627197266
v5,2025,29696_-367616,model_used_4,12,4,0.0442357063293457,9.775161743164062e-06,0.04424548149108887,0.16808319091796875
v5,2025,29696_-367616,all_12,12,12,0.041495561599731445,3.2583873235125793e-06,0.0414988212287426,0.423675537109375
v5,2025,29696_-368640,model_used_4,12,4,0.04791116714477539,5.7220458984375e-06,0.04791688919067383,0.1733236312866211
v5,2025,29696_-368640,all_12,12,12,0.05515487864613533,1.9073486328125e-06,0.05515678599476814,0.45029354095458984
v5,2025,29696_-369664,model_used_4,12,4,0.03980135917663574,4.291534423828125e-06,0.03980565071105957,0.14300155639648438
v5,2025,29696_-369664,all_12,12,12,0.09488582611083984,1.589457156114804e-06,0.09488741308450699,0.7001848220825195
v5,2025,29696_-370688,model_used_4,12,4,0.07239127159118652,9.5367431640625e-07,0.07239222526550293,0.2701749801635742
v5,2025,29696_-370688,all_12,12,12,0.17174983024597168,9.5367431640625e-07,0.17175078392028809,0.9645872116088867
v5,2025,29696_-371712,model_used_4,12,4,0.06170368194580078,2.384185791015625e-07,0.06170392036437988,0.22746753692626953
v5,2025,29696_-371712,all_12,12,12,0.05633632466197014,7.947286206899662e-08,0.056336402893066406,0.4672393798828125
v5,2025,29696_-372736,model_used_4,12,4,0.06553912162780762,0.0,0.06553912162780762,0.2255697250366211
v5,2025,29696_-372736,all_12,12,12,0.040771085768938065,0.0,0.040771085768938065,0.38106632232666016
v5,2025,30720_-367616,model_used_4,12,4,0.030022144317626953,0.001247406005859375,0.03126955032348633,0.12291240692138672
v5,2025,30720_-367616,all_12,12,12,0.015928268432617188,0.0004405975341796875,0.016368865966796875,0.18678855895996094
v5,2025,30720_-368640,model_used_4,12,4,0.02640056610107422,0.0009613037109375,0.02736186981201172,0.10691070556640625
v5,2025,30720_-368640,all_12,12,12,0.025158405303955078,0.0015414556255564094,0.026699861511588097,0.28417301177978516
v5,2025,30720_-369664,model_used_4,12,4,0.025078773498535156,0.00010204315185546875,0.025180816650390625,0.09668540954589844
v5,2025,30720_-369664,all_12,12,12,0.026727834716439247,0.0019289652118459344,0.02865680120885372,0.2922496795654297
v5,2025,30720_-370688,model_used_4,12,4,0.006645679473876953,5.0067901611328125e-06,0.006650686264038086,0.025010108947753906
v5,2025,30720_-370688,all_12,12,12,0.05453038215637207,1.6689300537109375e-06,0.05453205108642578,0.5302743911743164
v5,2025,30720_-371712,model_used_4,12,4,0.01607656478881836,0.00017380714416503906,0.0162503719329834,0.061532020568847656
v5,2025,30720_-371712,all_12,12,12,0.04217100143432617,5.793571472167969e-05,0.04222893714904785,0.4194669723510742
v5,2025,30720_-372736,model_used_4,12,4,0.09145283699035645,8.177757263183594e-05,0.09153461456298828,0.34929847717285156
v5,2025,30720_-372736,all_12,12,12,0.05377078056335449,2.7259191483608447e-05,0.05379803851246834,0.5120134353637695
v5,2026,22528_-367616,model_used_4,12,4,6.4373016357421875e-06,0.0,6.4373016357421875e-06,2.574920654296875e-05
v5,2026,22528_-367616,all_12,12,12,0.00047747293137945235,0.00014964739966671914,0.0006271203164942563,0.007521629333496094
v5,2026,22528_-368640,model_used_4,12,4,2.0742416381835938e-05,0.0,2.0742416381835938e-05,8.296966552734375e-05
v5,2026,22528_-368640,all_12,12,12,0.010060310363769531,1.112619997911679e-06,0.010061423294246197,0.11384296417236328
v5,2026,22528_-369664,model_used_4,12,4,0.00011086463928222656,0.0,0.00011086463928222656,0.00038623809814453125
v5,2026,22528_-369664,all_12,12,12,0.04504553601145744,8.742014756535355e-07,0.04504640772938728,0.48883724212646484
v5,2026,22528_-370688,model_used_4,12,4,1.430511474609375e-06,0.0,1.430511474609375e-06,5.7220458984375e-06
v5,2026,22528_-370688,all_12,12,12,0.011536836624145508,4.1564304410712793e-05,0.011578400619328022,0.13162517547607422
v5,2026,22528_-371712,model_used_4,12,4,0.0,0.0,0.0,0.0
v5,2026,22528_-371712,all_12,12,12,0.0017919540405273438,0.0004390875401441008,0.002231041667982936,0.0266876220703125
v5,2026,22528_-372736,model_used_4,12,4,0.0,0.0,0.0,0.0
v5,2026,22528_-372736,all_12,12,12,0.029803117737174034,0.00010935465252259746,0.029912471771240234,0.35373973846435547
v5,2026,23552_-367616,model_used_4,12,4,0.0005335807800292969,0.0,0.0005335807800292969,0.0015707015991210938
v5,2026,23552_-367616,all_12,12,12,0.0015448728809133172,7.176399230957031e-05,0.0016166368732228875,0.016303062438964844
v5,2026,23552_-368640,model_used_4,12,4,0.0075681209564208984,0.0,0.0075681209564208984,0.015591621398925781
v5,2026,23552_-368640,all_12,12,12,0.027850469574332237,6.4373016357421875e-06,0.02785690687596798,0.20808124542236328
v5,2026,23552_-369664,model_used_4,12,4,0.011982202529907227,0.0,0.011982202529907227,0.024061203002929688
v5,2026,23552_-369664,all_12,12,12,0.11690410226583481,2.384185791015625e-06,0.11690648645162582,0.7971267700195312
v5,2026,23552_-370688,model_used_4,12,4,0.004166603088378906,4.76837158203125e-07,0.004167079925537109,0.008419036865234375
v5,2026,23552_-370688,all_12,12,12,0.018973588943481445,0.00014344851661007851,0.01911703683435917,0.18491458892822266
v5,2026,23552_-371712,model_used_4,12,4,2.6226043701171875e-05,0.0,2.6226043701171875e-05,0.0001049041748046875
v5,2026,23552_-371712,all_12,12,12,0.024150768294930458,3.743171691894531e-05,0.024188200011849403,0.2897825241088867
v5,2026,23552_-372736,model_used_4,12,4,0.0,0.0,0.0,0.0
v5,2026,23552_-372736,all_12,12,12,0.016489824280142784,6.9141387939453125e-06,0.01649673841893673,0.19675254821777344
v5,2026,24576_-367616,model_used_4,12,4,5.5789947509765625e-05,0.0,5.5789947509765625e-05,0.00016689300537109375
v5,2026,24576_-367616,all_12,12,12,0.005076408386230469,2.384185791015625e-06,0.005078792572021484,0.059990882873535156
v5,2026,24576_-368640,model_used_4,12,4,0.009757280349731445,0.0,0.009757280349731445,0.019001007080078125
v5,2026,24576_-368640,all_12,12,12,0.051151830703020096,3.178914482759865e-07,0.051152151077985764,0.40848541259765625
v5,2026,24576_-369664,model_used_4,12,4,0.010443925857543945,0.0,0.010443925857543945,0.02509784698486328
v5,2026,24576_-369664,all_12,12,12,0.10126622766256332,6.35782896551973e-07,0.10126686096191406,0.7634544372558594
v5,2026,24576_-370688,model_used_4,12,4,0.011984109878540039,0.0,0.011984109878540039,0.023995399475097656
v5,2026,24576_-370688,all_12,12,12,0.11319279670715332,5.563099989558395e-07,0.11319335550069809,0.7958087921142578
v5,2026,24576_-371712,model_used_4,12,4,0.0004067420959472656,0.0,0.0004067420959472656,0.0006999969482421875
v5,2026,24576_-371712,all_12,12,12,0.05583930015563965,0.0,0.05583930015563965,0.5379533767700195
v5,2026,24576_-372736,model_used_4,12,4,1.6450881958007812e-05,0.0,1.6450881958007812e-05,6.580352783203125e-05
v5,2026,24576_-372736,all_12,12,12,0.026424327865242958,0.0,0.026424327865242958,0.28223228454589844
v5,2026,25600_-367616,model_used_4,12,4,0.0042765140533447266,0.0,0.0042765140533447266,0.017106056213378906
v5,2026,25600_-367616,all_12,12,12,0.028904994949698448,9.5367431640625e-07,0.028905948624014854,0.3203449249267578
v5,2026,25600_-368640,model_used_4,12,4,0.012417793273925781,2.384185791015625e-07,0.012418031692504883,0.024684906005859375
v5,2026,25600_-368640,all_12,12,12,0.10471796989440918,1.1920928955078125e-06,0.10471916198730469,0.6649513244628906
v5,2026,25600_-369664,model_used_4,12,4,0.11511373519897461,0.0,0.11511373519897461,0.45801544189453125
v5,2026,25600_-369664,all_12,12,12,0.16383115947246552,5.801518909720471e-06,0.16383695602416992,0.9575824737548828
v5,2026,25600_-370688,model_used_4,12,4,0.06876587867736816,1.6689300537109375e-06,0.06876754760742188,0.2580299377441406
v5,2026,25600_-370688,all_12,12,12,0.16620810329914093,3.0994415283203125e-06,0.16621120274066925,0.939753532409668
v5,2026,25600_-371712,model_used_4,12,4,0.007033109664916992,0.0,0.007033109664916992,0.011597633361816406
v5,2026,25600_-371712,all_12,12,12,0.09944971650838852,5.563099989558395e-07,0.09945026785135269,0.7964725494384766
v5,2026,25600_-372736,model_used_4,12,4,3.337860107421875e-06,0.0,3.337860107421875e-06,1.33514404296875e-05
v5,2026,25600_-372736,all_12,12,12,0.03660527989268303,0.0,0.03660527989268303,0.41223716735839844
v5,2026,26624_-367616,model_used_4,12,4,1.8835067749023438e-05,0.0,1.8835067749023438e-05,7.534027099609375e-05
v5,2026,26624_-367616,all_12,12,12,0.006658474449068308,5.563099989558395e-07,0.006659030914306641,0.07810115814208984
v5,2026,26624_-368640,model_used_4,12,4,0.018649816513061523,0.0,0.018649816513061523,0.043369293212890625
v5,2026,26624_-368640,all_12,12,12,0.10878793150186539,9.5367431640625e-07,0.1087888851761818,0.5816411972045898
v5,2026,26624_-369664,model_used_4,12,4,0.1285848617553711,3.814697265625e-06,0.12858867645263672,0.4803466796875
v5,2026,26624_-369664,all_12,12,12,0.2661728858947754,5.9604644775390625e-06,0.26617884635925293,0.9974069595336914
v5,2026,26624_-370688,model_used_4,12,4,0.12129640579223633,1.9073486328125e-06,0.12129831314086914,0.47399234771728516
v5,2026,26624_-370688,all_12,12,12,0.31319093704223633,9.218852028425317e-06,0.3132001459598541,0.9999752044677734
v5,2026,26624_-371712,model_used_4,12,4,0.020578861236572266,1.1920928955078125e-06,0.020580053329467773,0.035017967224121094
v5,2026,26624_-371712,all_12,12,12,0.15955503284931183,2.4636585749249207e-06,0.15955750644207,0.9615049362182617
v5,2026,26624_-372736,model_used_4,12,4,0.00122833251953125,0.0,0.00122833251953125,0.004912376403808594
v5,2026,26624_-372736,all_12,12,12,0.0896865501999855,0.0,0.0896865501999855,0.6851720809936523
v5,2026,27648_-367616,model_used_4,12,4,2.6702880859375e-05,0.0,2.6702880859375e-05,0.0001068115234375
v5,2026,27648_-367616,all_12,12,12,0.015416462905704975,1.112619997911679e-06,0.01541757583618164,0.1699352264404297
v5,2026,27648_-368640,model_used_4,12,4,0.026144027709960938,5.9604644775390625e-06,0.026149988174438477,0.08324813842773438
v5,2026,27648_-368640,all_12,12,12,0.07353798300027847,5.0067901611328125e-06,0.0735429897904396,0.5392017364501953
v5,2026,27648_-369664,model_used_4,12,4,0.08425784111022949,1.430511474609375e-06,0.0842592716217041,0.32410621643066406
v5,2026,27648_-369664,all_12,12,12,0.26782020926475525,1.9073486328125e-06,0.26782211661338806,0.9782772064208984
v5,2026,27648_-370688,model_used_4,12,4,0.031000137329101562,1.9073486328125e-06,0.031002044677734375,0.1167459487915039
v5,2026,27648_-370688,all_12,12,12,0.2718311846256256,5.563100330618909e-06,0.2718367576599121,1.0
v5,2026,27648_-371712,model_used_4,12,4,0.012761116027832031,2.384185791015625e-07,0.012761354446411133,0.0251312255859375
v5,2026,27648_-371712,all_12,12,12,0.14231865108013153,1.3510385770132416e-06,0.14231999218463898,0.9852151870727539
v5,2026,27648_-372736,model_used_4,12,4,0.0008273124694824219,0.0,0.0008273124694824219,0.0033092498779296875
v5,2026,27648_-372736,all_12,12,12,0.07002011686563492,0.0,0.07002011686563492,0.630375862121582
v5,2026,28672_-367616,model_used_4,12,4,0.005336761474609375,0.0,0.005336761474609375,0.0213470458984375
v5,2026,28672_-367616,all_12,12,12,0.06017525866627693,2.7815501653094543e-06,0.06017804145812988,0.592473030090332
v5,2026,28672_-368640,model_used_4,12,4,0.042571306228637695,2.86102294921875e-06,0.042574167251586914,0.16500377655029297
v5,2026,28672_-368640,all_12,12,12,0.09836634248495102,5.245208740234375e-06,0.09837158769369125,0.8887710571289062
v5,2026,28672_-369664,model_used_4,12,4,0.020296573638916016,1.9073486328125e-06,0.020298480987548828,0.055405616760253906
v5,2026,28672_-369664,all_12,12,12,0.18724806606769562,5.9604644775390625e-06,0.18725402653217316,0.9986162185668945
v5,2026,28672_-370688,model_used_4,12,4,0.004232883453369141,7.152557373046875e-07,0.004233598709106445,0.012464523315429688
v5,2026,28672_-370688,all_12,12,12,0.19301359355449677,8.265177712019067e-06,0.19302184879779816,0.9989614486694336
v5,2026,28672_-371712,model_used_4,12,4,0.00897526741027832,0.0,0.00897526741027832,0.019220352172851562
v5,2026,28672_-371712,all_12,12,12,0.1417664736509323,1.6689300537109375e-06,0.14176814258098602,0.935704231262207
v5,2026,28672_-372736,model_used_4,12,4,4.935264587402344e-05,0.0,4.935264587402344e-05,0.0001888275146484375
v5,2026,28672_-372736,all_12,12,12,0.056452274322509766,0.0,0.056452274322509766,0.5537300109863281
v5,2026,29696_-367616,model_used_4,12,4,0.21122121810913086,0.0,0.21122121810913086,0.8392419815063477
v5,2026,29696_-367616,all_12,12,12,0.1049591675400734,1.9073486328125e-06,0.10496107488870621,0.9140653610229492
v5,2026,29696_-368640,model_used_4,12,4,0.0933692455291748,0.0,0.0933692455291748,0.3501739501953125
v5,2026,29696_-368640,all_12,12,12,0.07289838790893555,1.9073486328125e-06,0.07290029525756836,0.6221427917480469
v5,2026,29696_-369664,model_used_4,12,4,0.00803518295288086,0.0,0.00803518295288086,0.022772789001464844
v5,2026,29696_-369664,all_12,12,12,0.07564672082662582,1.430511474609375e-06,0.07564815133810043,0.5503120422363281
v5,2026,29696_-370688,model_used_4,12,4,0.0078067779541015625,0.0,0.0078067779541015625,0.023870468139648438
v5,2026,29696_-370688,all_12,12,12,0.17300932109355927,1.271565793103946e-06,0.17301058769226074,0.9670820236206055
v5,2026,29696_-371712,model_used_4,12,4,0.006557464599609375,0.0,0.006557464599609375,0.015387535095214844
v5,2026,29696_-371712,all_12,12,12,0.07752370834350586,6.35782896551973e-07,0.0775243416428566,0.5662908554077148
v5,2026,29696_-372736,model_used_4,12,4,5.698204040527344e-05,0.0,5.698204040527344e-05,0.00022792816162109375
v5,2026,29696_-372736,all_12,12,12,0.01713085174560547,0.0,0.01713085174560547,0.18558216094970703
v5,2026,30720_-367616,model_used_4,12,4,0.06313514709472656,9.775161743164062e-06,0.06314492225646973,0.24379253387451172
v5,2026,30720_-367616,all_12,12,12,0.0278905238956213,0.0013816356658935547,0.029272159561514854,0.30473995208740234
v5,2026,30720_-368640,model_used_4,12,4,0.009071588516235352,0.0034880638122558594,0.012559652328491211,0.04845428466796875
v5,2026,30720_-368640,all_12,12,12,0.008717219345271587,0.0012930234661325812,0.010010242462158203,0.11371994018554688
v5,2026,30720_-369664,model_used_4,12,4,0.008894205093383789,0.0,0.008894205093383789,0.03515911102294922
v5,2026,30720_-369664,all_12,12,12,0.011032183654606342,4.57763671875e-05,0.011077960021793842,0.12779903411865234
v5,2026,30720_-370688,model_used_4,12,4,0.0015413761138916016,0.0,0.0015413761138916016,0.0039768218994140625
v5,2026,30720_-370688,all_12,12,12,0.03284406661987305,2.066294428004767e-06,0.03284613415598869,0.33199119567871094
v5,2026,30720_-371712,model_used_4,12,4,0.01894688606262207,0.0,0.01894688606262207,0.07333946228027344
v5,2026,30720_-371712,all_12,12,12,0.021898984909057617,5.8333080232841894e-05,0.021957317367196083,0.23599910736083984
v5,2026,30720_-372736,model_used_4,12,4,0.04235410690307617,0.0,0.04235410690307617,0.16936683654785156
v5,2026,30720_-372736,all_12,12,12,0.03869454190135002,2.7259191483608447e-05,0.03872179985046387,0.4030447006225586
