PNU,위치명,지목명,면적(㎡),용도지역명,용도지구명,지자체코드,지자체명,개발행위코드,개발행위명,대표개발행위코드,대표개발행위명,신청일자,허가일자,개발행위목적
5011025632140190000,제주특별자치도 제주시 구좌읍 종달리 4019 ,창고용지,3580,,,50110,제주특별자치도 제주시,00001, 토지형질변경,00001, 토지형질변경,20260720,20260803,절토
5011025921118000001,제주특별자치도 제주시 조천읍 신촌리 1800-1,전,357,,,50110,제주특별자치도 제주시,00001, 토지형질변경,00001, 토지형질변경,20260707,20260803,노외주차장 조성
5011025923134620000,제주특별자치도 제주시 조천읍 조천리 3462,도로,240709,,,50110,제주특별자치도 제주시,00001, 토지형질변경,00001, 토지형질변경,20260604,20260729,국유재산(도로) 포장
5011025630100100102,제주특별자치도 제주시 구좌읍 한동리 10-102 ,임야,32,,,50110,제주특별자치도 제주시,00001, 토지형질변경,00001, 토지형질변경,20260702,20260729,대지확장(10-91번지 합병)
5011025930129150002,제주특별자치도 제주시 조천읍 선흘리 2915-2,도로,159,,,50110,제주특별자치도 제주시,00001, 토지형질변경,00001, 토지형질변경,20260715,20260726,
5011025023118620000,제주특별자치도 제주시 한림읍 대림리 1862,묘지,99,,,50110,제주특별자치도 제주시,00001, 토지형질변경,00001, 토지형질변경,20260713,20260729,대지확장
5011025337109050000,제주특별자치도 제주시 애월읍 곽지리 905,전,208,,,50110,제주특별자치도 제주시,00001, 토지형질변경,00001, 토지형질변경,20260609,20260723,영농집하장 조성
5011025021109070003,제주특별자치도 제주시 한림읍 귀덕리 907-3,전,16,,,50110,제주특별자치도 제주시,00001, 토지형질변경,00001, 토지형질변경,20260520,20260722,진입도로 개설
5011025928109000001,제주특별자치도 제주시 조천읍 와산리 900-1,전,1658,,,50110,제주특별자치도 제주시,00001, 토지형질변경,00001, 토지형질변경,20260707,20260720,부설주차장 조성
5011025342132340000,제주특별자치도 제주시 애월읍 유수암리 3234,도로,5694,,,50110,제주특별자치도 제주시,00001, 토지형질변경,00001, 토지형질변경,20260708,20260716,국유도로 ㅍ호장
5011025629203840000,제주특별자치도 제주시 구좌읍 상도리 산384,도로,5029,,,50110,제주특별자치도 제주시,00001, 토지형질변경,00001, 토지형질변경,20260703,20260714,국유재산(도로) 포장
5011025025109980000,제주특별자치도 제주시 한림읍 금악리 998,전,6653,,,50110,제주특별자치도 제주시,10001, 공작물설치 토지형질변경,00001, 토지형질변경,20260605,20260702,
5011025033100160000,제주특별자치도 제주시 한림읍 금능리 16 ,목장용지,11879,,,50110,제주특별자치도 제주시,10000, 공작물설치,10000, 공작물설치,20260609,20260629,액비저장조 설치
5011025327107000001,제주특별자치도 제주시 애월읍 장전리 700-1,임야,645,,,50110,제주특별자치도 제주시,00001, 토지형질변경,00001, 토지형질변경,20260609,20260629,농지 개간
5011025025134530000,제주특별자치도 제주시 한림읍 금악리 3453,도로,575281,,,50110,제주특별자치도 제주시,00001, 토지형질변경,00001, 토지형질변경,20260616,20260629,국유도로 포장
5011025929200340018,제주특별자치도 제주시 조천읍 교래리 산34-18 ,임야,1033,,,50110,제주특별자치도 제주시,10001, 공작물설치 토지형질변경,00001, 토지형질변경,20260623,20260730,노외주차장 조성(우수처리  경계처리  포장  주차계획 변경  사업기간 변경
5011025632117060000,제주특별자치도 제주시 구좌읍 종달리 1706,묘지,145,,,50110,제주특별자치도 제주시,00001, 토지형질변경,00001, 토지형질변경,20260601,20260625,대지확장(종달리 1707-2번지 합병)
5011025930103430003,제주특별자치도 제주시 조천읍 선흘리 343-3,목장용지,12850,,,50110,제주특별자치도 제주시,10000, 공작물설치,10000, 공작물설치,20260623,20260629,건축물 위 태양광
5011025025109980000,제주특별자치도 제주시 한림읍 금악리 998,전,6653,,,50110,제주특별자치도 제주시,10001, 공작물설치 토지형질변경,00001, 토지형질변경,20260514,20260615,
5011025029145800000,제주특별자치도 제주시 한림읍 상대리 4580 ,도로,371935,,,50110,제주특별자치도 제주시,00001, 토지형질변경,00001, 토지형질변경,20260528,20260615,국유도로 포장
5011025025109980000,제주특별자치도 제주시 한림읍 금악리 998,전,6653,,,50110,제주특별자치도 제주시,10001, 공작물설치 토지형질변경,00001, 토지형질변경,20260514,20260605,태양광 발전소 조성
5011025342119120000,제주특별자치도 제주시 애월읍 유수암리 1912,전,132,,,50110,제주특별자치도 제주시,00001, 토지형질변경,00001, 토지형질변경,20260514,20260602,대지확장
5011031025101890000,제주특별자치도 제주시 한경면 금등리 189,임야,251,,,50110,제주특별자치도 제주시,00001, 토지형질변경,00001, 토지형질변경,20260423,20260528,농지 개간
5011013200114320000,제주특별자치도 제주시 용강동  1432,임야,6201,자연녹지지역,,50110,제주특별자치도 제주시,00001, 토지형질변경,00001, 토지형질변경,20260508,20260603,농지 및 진입로 조성
5011025627100010094,제주특별자치도 제주시 구좌읍 행원리 1-94 ,양어장,33629,,,50110,제주특별자치도 제주시,10000, 공작물설치,10000, 공작물설치,20260417,20260529,건축물 위 태양광 설치
5011025927109410024,제주특별자치도 제주시 조천읍 북촌리 941-24,임야,26452,,,50110,제주특별자치도 제주시,00001, 토지형질변경,00001, 토지형질변경,20260429,20260625,작업로 조성
5011025621111570000,제주특별자치도 제주시 구좌읍 동복리 1157,임야,1180,,,50110,제주특별자치도 제주시,10000, 공작물설치,10000, 공작물설치,20260515,20260603,건축물 위 및 주차장 태양광
5011025930142030000,제주특별자치도 제주시 조천읍 선흘리 4203,도로,72294,,,50110,제주특별자치도 제주시,00001, 토지형질변경,00001, 토지형질변경,20260522,20260730,국유재산(도로) 포장
5011025927101950000,제주특별자치도 제주시 조천읍 북촌리 195,전,1569,,,50110,제주특별자치도 제주시,10000, 공작물설치,10000, 공작물설치,20260512,20260523,건축물 위 태양광 발전시설
5011031024131820000,제주특별자치도 제주시 한경면 판포리 3182,도로,204002,,,50110,제주특별자치도 제주시,00001, 토지형질변경,00001, 토지형질변경,20260514,20260521,
5011031021117340008,제주특별자치도 제주시 한경면 청수리 1734-8 ,잡종지,4153,,,50110,제주특별자치도 제주시,00001, 토지형질변경,00001, 토지형질변경,20260506,20260519,진출입로 포장
5011011700123430003,제주특별자치도 제주시 아라일동  2343-3,전,751,,,50110,제주특별자치도 제주시,00001, 토지형질변경,00001, 토지형질변경,20260417,20260515,
5011031024131820000,제주특별자치도 제주시 한경면 판포리 3182,도로,204002,,,50110,제주특별자치도 제주시,00001, 토지형질변경,00001, 토지형질변경,20260422,20260506,국유도로 포장
5011025025109980000,제주특별자치도 제주시 한림읍 금악리 998,전,6653,,,50110,제주특별자치도 제주시,10001, 공작물설치 토지형질변경,00001, 토지형질변경,20260409,20260429,태양광 발전소 조성
5011025025109980000,제주특별자치도 제주시 한림읍 금악리 998,전,6653,,,50110,제주특별자치도 제주시,10001, 공작물설치 토지형질변경,00001, 토지형질변경,20260409,20260429,태양광 발전소 조성
5011025025109980000,제주특별자치도 제주시 한림읍 금악리 998,전,6653,계획관리지역,,50110,제주특별자치도 제주시,10001, 공작물설치 토지형질변경,00001, 토지형질변경,20260409,20260429,태양광 발전소 조성
5011025328102490001,제주특별자치도 제주시 애월읍 소길리 249-1,전,4345,,,50110,제주특별자치도 제주시,00001, 토지형질변경,00001, 토지형질변경,20260416,20260428,농지 개량(절성토)
5011012200124660009,제주특별자치도 제주시 노형동  2466-9 ,임야,0,,,50110,제주특별자치도 제주시,00001, 토지형질변경,00001, 토지형질변경,20260421,20260425,대지확장
5011025324112920000,제주특별자치도 제주시 애월읍 구엄리 1292,도로,0,,,50110,제주특별자치도 제주시,00001, 토지형질변경,00001, 토지형질변경,20260422,20260424,국유도로 포장
5011025325122670000,제주특별자치도 제주시 애월읍 수산리 2267,전,1817,,,50110,제주특별자치도 제주시,00001, 토지형질변경,00001, 토지형질변경,20260312,20260423,노외주차장 조성
5011031028107050001,제주특별자치도 제주시 한경면 신창리 705-1,종교용지,9572,,,50110,제주특별자치도 제주시,10000, 공작물설치,10000, 공작물설치,20260410,20260423,태양광 공작물 설치
5011031027100000000,제주특별자치도 제주시 한경면 두모리 0,잡종지,0,,,50110,제주특별자치도 제주시,10000, 공작물설치,10000, 공작물설치,20260410,20260421,풍력발전기 정비작업
5011031026120400001,제주특별자치도 제주시 한경면 조수리 2040-1,잡종지,2238,,,50110,제주특별자치도 제주시,10000, 공작물설치,10000, 공작물설치,20260403,20260421,태양광 공작물 재설치
5011025033100160000,제주특별자치도 제주시 한림읍 금능리 16 ,목장용지,11879,,,50110,제주특별자치도 제주시,10000, 공작물설치,10000, 공작물설치,20260323,20260417,액비저장조
5011025336124030001,제주특별자치도 제주시 애월읍 어음리 2403-1,전,2599,계획관리지역,,50110,제주특별자치도 제주시,00001, 토지형질변경,00001, 토지형질변경,20260416,20260520,노외주차장 개설
5011025334113880003,제주특별자치도 제주시 애월읍 애월리 1388-3,전,1385,,,50110,제주특별자치도 제주시,00001, 토지형질변경,00001, 토지형질변경,20260220,20260415,노외주차장 조성
5011025025134530000,제주특별자치도 제주시 한림읍 금악리 3453,도로,0,,,50110,제주특별자치도 제주시,00001, 토지형질변경,00001, 토지형질변경,20260401,20260414,국유도로 포장
5011025033104070005,제주특별자치도 제주시 한림읍 금능리 407-5,공장용지,6267.6,,,50110,제주특별자치도 제주시,10000, 공작물설치,10000, 공작물설치,20260327,20260409,건물 위 태양광 공작물 설치
5011031029124000000,제주특별자치도 제주시 한경면 낙천리 2400,도로,0,,,50110,제주특별자치도 제주시,00001, 토지형질변경,00001, 토지형질변경,20260327,20260409,국유도로 포장
5011025025109840001,제주특별자치도 제주시 한림읍 금악리 984-1,임야,688,,,50110,제주특별자치도 제주시,10000, 공작물설치,10000, 공작물설치,20260406,20260406,태양괄 발전소 조성
5011012900103770000,제주특별자치도 제주시 도남동  377 ,대,3094,,,50110,제주특별자치도 제주시,00001, 토지형질변경,00001, 토지형질변경,20260317,20260511,
5011033021125150009,제주특별자치도 제주시 우도면 연평리 2515-9,전,99,계획관리지역,자연취락지구,50110,제주특별자치도 제주시,00001, 토지형질변경,00001, 토지형질변경,20260403,20260730,주차장조성
5011025627135590000,제주특별자치도 제주시 구좌읍 행원리 3559,도로,225587,,,50110,제주특별자치도 제주시,00001, 토지형질변경,00001, 토지형질변경,20260325,20260727,국유재산(도로) 포장
5011012800110850000,제주특별자치도 제주시 도두이동  1085,과수원,2334,,,50110,제주특별자치도 제주시,00001, 토지형질변경,00001, 토지형질변경,20260324,20260611,렌터카차고지 조성
5011012100129730008,제주특별자치도 제주시 오라삼동  2973-8,과수원,0,,,50110,제주특별자치도 제주시,00001, 토지형질변경,00001, 토지형질변경,20260317,20260409,노외주차장 조성
5011031030132580000,제주특별자치도 제주시 한경면 저지리 3258,도로,247359,,,50110,제주특별자치도 제주시,00001, 토지형질변경,00001, 토지형질변경,20260325,20260326,국유도로 포장
5011031023108110002,제주특별자치도 제주시 한경면 고산리 811-2 ,잡종지,0,,,50110,제주특별자치도 제주시,10000, 공작물설치,10000, 공작물설치,20260319,20260324,
5011025321201360007,제주특별자치도 제주시 애월읍 광령리 산136-7 ,목장용지,0,,,50110,제주특별자치도 제주시,10000, 공작물설치,10000, 공작물설치,20260306,20260318,액비저장조 설치
5011025342106410001,제주특별자치도 제주시 애월읍 유수암리 641-1 ,전,376,,,50110,제주특별자치도 제주시,00001, 토지형질변경,00001, 토지형질변경,20260224,20260311,마을운동장 조성
5011012200124660009,제주특별자치도 제주시 노형동  2466-9 ,임야,125,,,50110,제주특별자치도 제주시,00001, 토지형질변경,00001, 토지형질변경,20260310,20260402,대지확장(노형동 2466-1 합병)
5011025324112920000,제주특별자치도 제주시 애월읍 구엄리 1292,도로,0,,,50110,제주특별자치도 제주시,00001, 토지형질변경,00001, 토지형질변경,20260223,20260303,국유도로 포장
5011025929200340018,제주특별자치도 제주시 조천읍 교래리 산34-18 ,임야,1033,,,50110,제주특별자치도 제주시,10001, 공작물설치 토지형질변경,00001, 토지형질변경,20260223,20260405,노외주차장 조성
5011025929102060000,제주특별자치도 제주시 조천읍 교래리 206,전,812,계획관리지역,,50110,제주특별자치도 제주시,00001, 토지형질변경,00001, 토지형질변경,20260224,20260325,노외주차장 조성
5011013200114300000,제주특별자치도 제주시 용강동  1430,전,1619,,,50110,제주특별자치도 제주시,00001, 토지형질변경,00001, 토지형질변경,20260202,20260227,임야 진입로 조성
5011031029102300001,제주특별자치도 제주시 한경면 낙천리 230-1,임야,2632,,,50110,제주특별자치도 제주시,00001, 토지형질변경,00001, 토지형질변경,20260211,20260226,농지 개간
5011010900119390001,제주특별자치도 제주시 용담이동  1939-1 ,전,0,,,50110,제주특별자치도 제주시,00001, 토지형질변경,00001, 토지형질변경,20260220,20260415,노외주차장 조성
5011011000111880003,제주특별자치도 제주시 용담삼동  1188-3,전,0,,,50110,제주특별자치도 제주시,00001, 토지형질변경,00001, 토지형질변경,20260219,20260504,노외주차장 조성
5011011000111940000,제주특별자치도 제주시 용담삼동  1194,전,0,,,50110,제주특별자치도 제주시,00001, 토지형질변경,00001, 토지형질변경,20260219,20260504,부설주차장 조성
5011025340102040011,제주특별자치도 제주시 애월읍 하귀1리 204-11,전,891,자연녹지 제2종일반주거,고도지구,50110,제주특별자치도 제주시,00001, 토지형질변경,00001, 토지형질변경,20260212,20260316,부설주차장 신설
5011012700119010003,제주특별자치도 제주시 도두일동  1901-3,전,0,,,50110,제주특별자치도 제주시,00001, 토지형질변경,00001, 토지형질변경,20260206,20260402,대지확장
5011012200104990000,제주특별자치도 제주시 노형동  499,임야,5366,,,50110,제주특별자치도 제주시,00001, 토지형질변경,00001, 토지형질변경,20260130,20260209,임시야적장 사업기간 변경
5011031023108110002,제주특별자치도 제주시 한경면 고산리 811-2 ,잡종지,0,,,50110,제주특별자치도 제주시,10000, 공작물설치,10000, 공작물설치,20260123,20260206,태양광 공작물 설치
5011025625114610004,제주특별자치도 제주시 구좌읍 송당리 1461-4,대,3803,계획관리지역,,50110,제주특별자치도 제주시,00001, 토지형질변경,00001, 토지형질변경,20260120,20260219,온천굴착
5011025324112920000,제주특별자치도 제주시 애월읍 구엄리 1292,도로,0,,,50110,제주특별자치도 제주시,00001, 토지형질변경,00001, 토지형질변경,20260119,20260129,국유도로 포장
5011031023101090002,제주특별자치도 제주시 한경면 고산리 109-2,임야,0,,,50110,제주특별자치도 제주시,00001, 토지형질변경,00001, 토지형질변경,20260109,20260120,농지개간
5011025321201360007,제주특별자치도 제주시 애월읍 광령리 산136-7 ,목장용지,0,,,50110,제주특별자치도 제주시,10000, 공작물설치,10000, 공작물설치,20260108,20260121,액비저장조 설치
5011025342104880000,제주특별자치도 제주시 애월읍 유수암리 488,잡종지,0,계획관리지역,,50110,제주특별자치도 제주시,10000, 공작물설치,10000, 공작물설치,20260106,20260316,액비저장조 설치
5011025924100700008,제주특별자치도 제주시 조천읍 함덕리 70-8 ,도로,0,,,50110,제주특별자치도 제주시,10001, 공작물설치 토지형질변경,10000, 공작물설치,20251124,20260405,지중송전선로 매설
5011025924102700000,제주특별자치도 제주시 조천읍 함덕리 270,대,555,제2종일반주거지역,,50110,제주특별자치도 제주시,00001, 토지형질변경,00001, 토지형질변경,20251113,20260210,공한지 주차장 조성
5011012200124890001,제주특별자치도 제주시 노형동  2489-1 ,전,261,,,50110,제주특별자치도 제주시,00001, 토지형질변경,00001, 토지형질변경,20260112,20260202,진출입로 아스팔트 포장
5011012500118120001,제주특별자치도 제주시 이호일동  1812-1,전,1253,자연녹지지역,,50110,제주특별자치도 제주시,00001, 토지형질변경,00001, 토지형질변경,20251230,20260209,노외주차장 조성
5011025342119170000,제주특별자치도 제주시 애월읍 유수암리 1917,임야,2060,,,50110,제주특별자치도 제주시,00001, 토지형질변경,00001, 토지형질변경,20251218,20260305,대지확장(토지경계 시정)
5011031030132580000,제주특별자치도 제주시 한경면 저지리 3258,도로,247359,,,50110,제주특별자치도 제주시,00001, 토지형질변경,00001, 토지형질변경,20251223,20260112,국유도로 포장
5011013400105060000,제주특별자치도 제주시 오등동  506,과수원,5210,,,50110,제주특별자치도 제주시,00010, 물건적치,00010, 물건적치,20251219,20260405,
5011013600102920000,제주특별자치도 제주시 영평동  292 ,과수원,1967,,,50110,제주특별자치도 제주시,00001, 토지형질변경,00001, 토지형질변경,20251219,20260208,화물자동차 차고지 조성
5011012300112880006,제주특별자치도 제주시 외도일동 1288-6,전,810,자연녹지지역,,50110,제주특별자치도 제주시,00001, 토지형질변경,00001, 토지형질변경,20251229,20260119,창고시설신축
5011025330106600004,제주특별자치도 제주시 애월읍 하가리 660-4,과수원,9103,계획관리지역,,50110,제주특별자치도 제주시,00001, 토지형질변경,00001, 토지형질변경,20251226,20260204,주차장 조성
5011012200118350000,제주특별자치도 제주시 노형동  1835 ,전,3233,,,50110,제주특별자치도 제주시,00010, 물건적치,00010, 물건적치,20251218,20260202,
5011025628136370000,제주특별자치도 제주시 구좌읍 세화리 3637,도로,615910,,,50110,제주특별자치도 제주시,00001, 토지형질변경,00001, 토지형질변경,20251209,20251228,구좌읍 세화리 3550-7번지 진입로 개설
5011031026123600001,제주특별자치도 제주시 한경면 조수리 2360-1,전,2069,계획관리지역,,50110,제주특별자치도 제주시,00001, 토지형질변경,00001, 토지형질변경,20251209,20260107,주기장 조성
5011012400120720005,제주특별자치도 제주시 외도이동  2072-5,도로,16,자연녹지지역,,50110,제주특별자치도 제주시,00001, 토지형질변경,00001, 토지형질변경,20251204,20260119,외도이동 2072-1 앞 국유재산(도로) 포장
5011014000102760001,제주특별자치도 제주시 내도동  276-1 ,전,661,자연녹지지역,,50110,제주특별자치도 제주시,00001, 토지형질변경,00001, 토지형질변경,20251204,20251224,(당초)노외주차장 조성 (변경)부설주차장 조성
5011025325200030003,제주특별자치도 제주시 애월읍 수산리 산 3-3,과수원,430,보전관리지역,,50110,제주특별자치도 제주시,00001, 토지형질변경,00001, 토지형질변경,20251204,20260119,대지확장
5011012700119040006,제주특별자치도 제주시 도두일동  1904-6 ,전,145,제1종일반주거지역,,50110,제주특별자치도 제주시,00001, 토지형질변경,00001, 토지형질변경,20251204,20260109,대지확장
5011013400111080000,제주특별자치도 제주시 오등동  1108,전,2408,,,50110,제주특별자치도 제주시,00010, 물건적치,00010, 물건적치,20251201,20251219,임시야적장 조성
5011012100123070000,제주특별자치도 제주시 오라삼동  2307 ,대,513,자연녹지지역,,50110,제주특별자치도 제주시,10000, 공작물설치,10000, 공작물설치,20251125,20251201,
5011012500103070009,제주특별자치도 제주시 이호일동  307-9 ,전,99,자연녹지지역,,50110,제주특별자치도 제주시,00001, 토지형질변경,00001, 토지형질변경,20251127,20260121,부설주차장 조성  대지확장
5011012800116810001,제주특별자치도 제주시 도두이동  1681-1,전,710,자연녹지지역,,50110,제주특별자치도 제주시,00001, 토지형질변경,00001, 토지형질변경,20251124,20260106,부설주차장 조성
5011033021126560000,제주특별자치도 제주시 우도면 연평리 2656,도로,497,가축사육제한구역  가축사육제한구역  가축사육제한구역  가축사육제한구역  가축사육제한구역  가축사육제한구역  가축사육제한구역  가축사육제한구역  가축사육제한구역 ,자연취락지구  자연취락지구  자연취락지구 ,50110,제주특별자치도 제주시,00001, 토지형질변경,00001, 토지형질변경,20220622,20220708,대지 진입로
5011025341129420001,제주특별자치도 제주시 애월읍 하귀2리 2942-1,임시,888,임시,임시,50110,제주특별자치도 제주시,00001, 토지형질변경,00001, 토지형질변경,20210909,20211108,일반음식점 영업에 필요한 주차장 설치
5011025625201670002,제주특별자치도 제주시 구좌읍 송당리 산 167-2,임야,1246,계획관리지역,경관보전지구3등급  경관보전지구3등급  경관보전지구3등급  경관보전지구3등급 ,50110,제주특별자치도 제주시,00001, 토지형질변경,00001, 토지형질변경,20200708,20200730,주차장조성
5011025621110350000,제주특별자치도 제주시 구좌읍 동복리 1035,전,1598,정보없음,정보없음,50110,제주특별자치도 제주시,10001, 공작물설치 토지형질변경,10000, 공작물설치,20200330,20200519,태양광발전소 신축공사
5011012200131220002,제주특별자치도 제주시 노형동  3122-2,임야,962,,,50110,제주특별자치도 제주시,00001, 토지형질변경,00001, 토지형질변경,20200312,20200323,
5011012700125430006,제주특별자치도 제주시 도두일동 2543-3,대,267,가축사육제한구역  가축사육제한구역  가축사육제한구역 ,고도지구,50110,제주특별자치도 제주시,00001, 토지형질변경,00001, 토지형질변경,20191126,20200323,근린생활시설 신축
5013010600100010001,제주특별자치도 서귀포시 서홍동 1-1,정보없음,12,정보없음,정보없음,50130,제주특별자치도 서귀포시,01000, 토석채취,01000, 토석채취,20181204,20181210,12
5011025630146380005,제주시 구좌읍 한동리 4638-5,,865,계획관리지역,,50110,제주특별자치도 제주시,00001, 토지형질변경,00001, 토지형질변경,20150310,20150310,-
5011010900109170012,제주시 용담이동  917-12,,371,자연녹지지역,,50110,제주특별자치도 제주시,00001, 토지형질변경,00001, 토지형질변경,20150304,20150306,-
5011025626101550002,제주시 구좌읍 월정리 155-2,,3047,계획관리지역,,50110,제주특별자치도 제주시,00001, 토지형질변경,00001, 토지형질변경,20150205,20150227,-
5011012000114210002,제주시 오라이동  1421-2,,3992,자연녹지지역,,50110,제주특별자치도 제주시,00001, 토지형질변경,00001, 토지형질변경,20150204,20150227,-
5011012100125470008,제주시 오라삼동  2547-8,,75,자연녹지지역,,50110,제주특별자치도 제주시,00001, 토지형질변경,00001, 토지형질변경,20150216,20150224,-
5011025025100520007,제주시 한림읍 금악리 52-7,,7540,생산관리지역,,50110,제주특별자치도 제주시,00001, 토지형질변경,00001, 토지형질변경,20150123,20150217,-
5011013900100230024,제주시 해안동  23-24,,73,생산녹지지역,,50110,제주특별자치도 제주시,00001, 토지형질변경,00001, 토지형질변경,20150122,20150213,-
5011010900106310010,제주시 용담이동  631-10,,665,제2종일반주거지역,,50110,제주특별자치도 제주시,00001, 토지형질변경,00001, 토지형질변경,20150119,20150209,-
5011025027103560001,제주시 한림읍 명월리 356-1,,2821,계획관리지역,,50110,제주특별자치도 제주시,00001, 토지형질변경,00001, 토지형질변경,20150108,20150205,-
5011025630124210002,제주시 구좌읍 한동리 2421-2,,1486,계획관리지역,,50110,제주특별자치도 제주시,00001, 토지형질변경,00001, 토지형질변경,20150115,20150126,-
5011025630124210001,제주시 구좌읍 한동리 2421-1,,1505,계획관리지역,,50110,제주특별자치도 제주시,00001, 토지형질변경,00001, 토지형질변경,20150115,20150126,-
5011031026128010001,제주시 한경면 조수리 2801-1,,416.12,생산관리지역,,50110,제주특별자치도 제주시,00001, 토지형질변경,00001, 토지형질변경,20150107,20150126,-
5011031026128010001,제주시 한경면 조수리 2801-1,,711.68,생산관리지역,,50110,제주특별자치도 제주시,00001, 토지형질변경,00001, 토지형질변경,20150107,20150126,-
5011014000102130001,제주시 내도동  213-1,,586,자연녹지지역,,50110,제주특별자치도 제주시,00001, 토지형질변경,00001, 토지형질변경,20141116,20150119,-
5011012600111120001,제주시 이호이동  1112-1,,1377,자연녹지지역,,50110,제주특별자치도 제주시,00001, 토지형질변경,00001, 토지형질변경,20141226,20150109,-
5011025625119010002,제주시 구좌읍 송당리 1901-2,,8058,계획관리지역,,50110,제주특별자치도 제주시,00001, 토지형질변경,00001, 토지형질변경,20141219,20150107,-
5011025924133040002,제주시 조천읍 함덕리 3304-2,,0,보전녹지지역,,50110,제주특별자치도 제주시,00001, 토지형질변경,00001, 토지형질변경,20141222,20150105,-
5011025025130420003,제주시 한림읍 금악리 3042-3,,2861,자연녹지지역,,50110,제주특별자치도 제주시,00001, 토지형질변경,00001, 토지형질변경,20150303,20150312,-
5011013900119430001,제주시 해안동  1943-1,,839,자연녹지지역,,50110,제주특별자치도 제주시,00001, 토지형질변경,00001, 토지형질변경,20150804,20150831,-
5011025924110390003,제주시 조천읍 함덕리 1039-3,,25,일반상업지역,,50110,제주특별자치도 제주시,00001, 토지형질변경,00001, 토지형질변경,20150713,20150821,-
5011025626115520002,제주시 구좌읍 월정리 1552-2,,2482.3,계획관리지역,,50110,제주특별자치도 제주시,00001, 토지형질변경,00001, 토지형질변경,20150810,20141013,-
5011013900100360044,제주시 해안동  36-44,,1654,계획관리지역,,50110,제주특별자치도 제주시,00001, 토지형질변경,00001, 토지형질변경,20150717,20150812,-
5011012700121960008,제주시 도두일동  2196-8,,5356,자연녹지지역,,50110,제주특별자치도 제주시,00001, 토지형질변경,00001, 토지형질변경,20150730,20150812,-
5011014000100150001,제주시 내도동  15-1,,18,자연녹지지역,,50110,제주특별자치도 제주시,00001, 토지형질변경,00001, 토지형질변경,20150730,20150804,-
5011025326128190003,제주시 애월읍 신엄리 2819-3,,640,보전녹지지역,,50110,제주특별자치도 제주시,00001, 토지형질변경,00001, 토지형질변경,20150720,20150731,-
5011012200134440001,제주시 노형동  3444-1,,650,자연녹지지역,,50110,제주특별자치도 제주시,00001, 토지형질변경,00001, 토지형질변경,20150713,20150730,-
5011025323106520005,제주시 애월읍 상귀리 652-5,,4592,계획관리지역,,50110,제주특별자치도 제주시,00001, 토지형질변경,00001, 토지형질변경,20150625,20150729,-
5011013900121750001,제주시 해안동  2175-1,,4917,자연녹지지역,,50110,제주특별자치도 제주시,00001, 토지형질변경,00001, 토지형질변경,20150617,20150723,-
5011025321106050007,제주시 애월읍 광령리 605-7,,6893,생산관리지역,,50110,제주특별자치도 제주시,00001, 토지형질변경,00001, 토지형질변경,20150707,20150723,-
5011011000111810001,제주시 용담삼동  1181-1,,3142,자연녹지지역,,50110,제주특별자치도 제주시,00001, 토지형질변경,00001, 토지형질변경,20150518,20150721,-
5011010900127890001,제주시 용담이동  2789-1,,980,자연녹지지역,,50110,제주특별자치도 제주시,00001, 토지형질변경,00001, 토지형질변경,20150707,20150720,-
5011025926113670015,제주시 조천읍 대흘리 1367-15,,709,생산녹지지역,,50110,제주특별자치도 제주시,00001, 토지형질변경,00001, 토지형질변경,20150703,20150716,-
5011012100124090001,제주시 오라삼동  2409-1,,23,자연녹지지역,,50110,제주특별자치도 제주시,00001, 토지형질변경,00001, 토지형질변경,20150618,20150716,-
5011013400117060001,제주시 오등동  1706-1,,1396,생산녹지지역,,50110,제주특별자치도 제주시,00001, 토지형질변경,00001, 토지형질변경,20150615,20150715,-
5011012900103510002,제주시 도남동  351-2,,9960,자연녹지지역,,50110,제주특별자치도 제주시,00001, 토지형질변경,00001, 토지형질변경,20150603,20150702,-
5011025321106050002,제주시 애월읍 광령리 605-2,,6844,생산관리지역,,50110,제주특별자치도 제주시,00001, 토지형질변경,00001, 토지형질변경,20150602,20150625,-
5011011300105680001,제주시 삼양일동  568-1,,2086,자연녹지지역,,50110,제주특별자치도 제주시,00001, 토지형질변경,00001, 토지형질변경,20150529,20150624,-
5011012200130860007,제주시 노형동  3086-7,,900,자연녹지지역,,50110,제주특별자치도 제주시,00001, 토지형질변경,00001, 토지형질변경,20150611,20150622,-
5011012000100650008,제주시 오라이동  65-8,,26,자연녹지지역,,50110,제주특별자치도 제주시,00001, 토지형질변경,00001, 토지형질변경,20150529,20150617,-
5011010900108810024,제주시 용담이동  881-24,,997,자연녹지지역,,50110,제주특별자치도 제주시,00001, 토지형질변경,00001, 토지형질변경,20150521,20150616,-
5011011200107420002,제주시 화북이동  742-2,,2112,자연녹지지역,,50110,제주특별자치도 제주시,00001, 토지형질변경,00001, 토지형질변경,20150515,20150611,-
5011012200123100001,제주시 노형동  2310-1,,2204,자연녹지지역,,50110,제주특별자치도 제주시,00001, 토지형질변경,00001, 토지형질변경,20150514,20150611,-
5011025335124880004,제주시 애월읍 납읍리 2488-4,,654,계획관리지역,,50110,제주특별자치도 제주시,00001, 토지형질변경,00001, 토지형질변경,20150403,20150609,-
5011025634100700012,제주시 구좌읍 김녕리 70-12,,200,생산관리지역,,50110,제주특별자치도 제주시,00001, 토지형질변경,00001, 토지형질변경,20150527,20150609,-
5011031026121720001,제주시 한경면 조수리 2172-1,,975,계획관리지역,,50110,제주특별자치도 제주시,00001, 토지형질변경,00001, 토지형질변경,20150515,20150604,-
5011025323100630001,제주시 애월읍 상귀리 63-1,,1050,보전관리지역,,50110,제주특별자치도 제주시,00001, 토지형질변경,00001, 토지형질변경,20150504,20150602,-
5011012700115570002,제주시 도두일동  1557-2,,3626,자연녹지지역,,50110,제주특별자치도 제주시,00001, 토지형질변경,00001, 토지형질변경,20150519,20150601,-
5011010900105930001,제주시 용담이동  593-1,,546,제2종일반주거지역,,50110,제주특별자치도 제주시,00001, 토지형질변경,00001, 토지형질변경,20150121,20150508,-
5011031023100120002,제주시 한경면 고산리 12-2,,1599,계획관리지역,,50110,제주특별자치도 제주시,00001, 토지형질변경,00001, 토지형질변경,20150402,20150501,-
5011031023100120003,제주시 한경면 고산리 12-3,,1712,계획관리지역,,50110,제주특별자치도 제주시,00001, 토지형질변경,00001, 토지형질변경,20150402,20150501,-
5011031023100120005,제주시 한경면 고산리 12-5,,1583,계획관리지역,,50110,제주특별자치도 제주시,00001, 토지형질변경,00001, 토지형질변경,20150402,20150501,-
5011031023100120006,제주시 한경면 고산리 12-6,,1531,계획관리지역,,50110,제주특별자치도 제주시,00001, 토지형질변경,00001, 토지형질변경,20150402,20150501,-
5011031023100120007,제주시 한경면 고산리 12-7,,1507,계획관리지역,,50110,제주특별자치도 제주시,00001, 토지형질변경,00001, 토지형질변경,20150402,20150501,-
5011031023100120008,제주시 한경면 고산리 12-8,,1524,계획관리지역,,50110,제주특별자치도 제주시,00001, 토지형질변경,00001, 토지형질변경,20150402,20150501,-
5011025624103080004,제주시 구좌읍 덕천리 308-4,,499,계획관리지역,,50110,제주특별자치도 제주시,00001, 토지형질변경,00001, 토지형질변경,20150410,20150430,-
5011025633100040006,제주시 구좌읍 평대리 4-6,,690,보전녹지지역,,50110,제주특별자치도 제주시,00001, 토지형질변경,00001, 토지형질변경,20150409,20150430,-
5011012700121590001,제주시 도두일동  2159-1,,4412,자연녹지지역,,50110,제주특별자치도 제주시,00001, 토지형질변경,00001, 토지형질변경,20150406,20150429,-
5011025630116960001,제주시 구좌읍 한동리 1696-1,,102.77,계획관리지역,,50110,제주특별자치도 제주시,00001, 토지형질변경,00001, 토지형질변경,20150311,20150429,-
5011031024103520001,제주시 한경면 판포리 352-1,,776,계획관리지역,,50110,제주특별자치도 제주시,00001, 토지형질변경,00001, 토지형질변경,20150401,20150428,-
5011031024103520001,제주시 한경면 판포리 352-1,,1869,계획관리지역,,50110,제주특별자치도 제주시,00001, 토지형질변경,00001, 토지형질변경,20150401,20150428,-
5011011100140470002,제주시 화북일동  4047-2,,131,자연녹지지역,,50110,제주특별자치도 제주시,00001, 토지형질변경,00001, 토지형질변경,20150406,20150416,-
5011025321109260003,제주시 애월읍 광령리 926-3,,2366,계획관리지역,,50110,제주특별자치도 제주시,00001, 토지형질변경,00001, 토지형질변경,20150320,20150413,-
5011011200123210001,제주시 화북이동  2321-1,,474.44,자연녹지지역,,50110,제주특별자치도 제주시,00001, 토지형질변경,00001, 토지형질변경,20150403,20150410,-
5011025321107940001,제주시 애월읍 광령리 794-1,,80,보전관리지역,,50110,제주특별자치도 제주시,00001, 토지형질변경,00001, 토지형질변경,20150320,20150408,-
5011025033102110008,제주시 한림읍 금능리 211-8,,2530,계획관리지역,,50110,제주특별자치도 제주시,00001, 토지형질변경,00001, 토지형질변경,20150324,20150408,-
5011025627125890024,제주시 구좌읍 행원리 2589-24,,1708,계획관리지역,,50110,제주특별자치도 제주시,00001, 토지형질변경,00001, 토지형질변경,20150305,20150408,-
5011025627125890023,제주시 구좌읍 행원리 2589-23,,1676,계획관리지역,,50110,제주특별자치도 제주시,00001, 토지형질변경,00001, 토지형질변경,20150305,20150408,-
5011025627125890019,제주시 구좌읍 행원리 2589-19,,1913,계획관리지역,,50110,제주특별자치도 제주시,00001, 토지형질변경,00001, 토지형질변경,20150305,20150408,-
5011025627125890021,제주시 구좌읍 행원리 2589-21,,1694,계획관리지역,,50110,제주특별자치도 제주시,00001, 토지형질변경,00001, 토지형질변경,20150304,20150407,-
5011025033104070027,제주시 한림읍 금능리 407-27,,613,계획관리지역,,50110,제주특별자치도 제주시,00001, 토지형질변경,00001, 토지형질변경,20150318,20150330,-
5011025025131490003,제주시 한림읍 금악리 3149-3,,2352,계획관리지역,,50110,제주특별자치도 제주시,00001, 토지형질변경,00001, 토지형질변경,20150302,20150324,-
5011025025130420001,제주시 한림읍 금악리 3042-1,,1720,자연녹지지역,,50110,제주특별자치도 제주시,00001, 토지형질변경,00001, 토지형질변경,20150303,20150312,-
5011025628107990001,제주시 구좌읍 세화리 799-1,,25,자연녹지지역,,50110,제주특별자치도 제주시,00001, 토지형질변경,00001, 토지형질변경,20160324,20160419,대지확장
5011013300102930012,제주시 회천동  293-12,,4917,생산관리지역,,50110,제주특별자치도 제주시,00001, 토지형질변경,00001, 토지형질변경,20160316,20160405,화물차고지
5011025326101370001,제주시 애월읍 신엄리 137-1,,505,계획관리지역,,50110,제주특별자치도 제주시,00001, 토지형질변경,00001, 토지형질변경,20160317,20160330,체육용지확장
5011025326110790001,제주시 애월읍 신엄리 1079-1,,294,제1종일반주거지역,,50110,제주특별자치도 제주시,00001, 토지형질변경,00001, 토지형질변경,20160317,20160328,대지확장
5011013200103090005,제주시 용강동  309-5,,4000,생산녹지지역,,50110,제주특별자치도 제주시,00001, 토지형질변경,00001, 토지형질변경,20160310,20160323,임시 적치장
5011011200133390001,제주시 화북이동  3339-1,,500,자연녹지지역,,50110,제주특별자치도 제주시,00001, 토지형질변경,00001, 토지형질변경,20160310,20160323,대지확장
5011025331107540006,제주시 애월읍 상가리 754-6,,258,보전관리지역,,50110,제주특별자치도 제주시,00001, 토지형질변경,00001, 토지형질변경,20160308,20160323,대지확장
5011013400111530002,제주시 오등동  1153-2,,3306,생산녹지지역,,50110,제주특별자치도 제주시,00001, 토지형질변경,00001, 토지형질변경,20160225,20160317,버스차고지
5011012000115210001,제주시 오라이동  1521-1,,2450,자연녹지지역,,50110,제주특별자치도 제주시,00001, 토지형질변경,00001, 토지형질변경,20160218,20160310,렌트카차고지
5011025630146380003,제주시 구좌읍 한동리 4638-3,,442,계획관리지역,,50110,제주특별자치도 제주시,00001, 토지형질변경,00001, 토지형질변경,20160215,20160303,문중묘지설치
5011011600123480002,제주시 봉개동  2348-2,,661,자연녹지지역,,50110,제주특별자치도 제주시,00001, 토지형질변경,00001, 토지형질변경,20160217,20160229,임시야적정
5011010700106360004,제주시 건입동  636-4,,2433,자연녹지지역,,50110,제주특별자치도 제주시,00001, 토지형질변경,00001, 토지형질변경,20160217,20160229,임시물류창고조성
5011013800108140007,제주시 도평동  814-7,,4363,자연녹지지역,,50110,제주특별자치도 제주시,00001, 토지형질변경,00001, 토지형질변경,20160203,,노외 주차장
5011025331106080002,제주시 애월읍 상가리 608-2,,1182,계획관리지역,,50110,제주특별자치도 제주시,00001, 토지형질변경,00001, 토지형질변경,20151223,20160205,렌트카차고지
5011011000109700003,제주시 용담삼동  970-3,,1745,자연녹지지역,,50110,제주특별자치도 제주시,00001, 토지형질변경,00001, 토지형질변경,20160112,20160202,렌트카차고지
5011013800105230003,제주시 도평동  523-3,,82,자연녹지지역,,50110,제주특별자치도 제주시,00001, 토지형질변경,00001, 토지형질변경,20151230,20160118,대지확장
5011025923102030001,제주시 조천읍 조천리 203-1,,3941,계획관리지역,,50110,제주특별자치도 제주시,00001, 토지형질변경,00001, 토지형질변경,20160107,20160115,임시야적장
5011013800103790002,제주시 도평동  379-2,,1709,자연녹지지역,,50110,제주특별자치도 제주시,00001, 토지형질변경,00001, 토지형질변경,20160105,20160226,렌트카차고지 조성
5011031025107610001,제주시 한경면 금등리 761-1,,526,계획관리지역,,50110,제주특별자치도 제주시,00001, 토지형질변경,00001, 토지형질변경,20151026,20160112,육상양식장 수조 증설
5011012000101730002,제주시 오라이동  173-2,,647,생산녹지지역,,50110,제주특별자치도 제주시,00001, 토지형질변경,00001, 토지형질변경,20151224,20160106,임시야적장
5011025929106360001,제주시 조천읍 교래리 636-1,,3481,계획관리지역,,50110,제주특별자치도 제주시,00001, 토지형질변경,00001, 토지형질변경,20151224,20160105,야영장 확장 조성
5011012600101330001,제주시 이호이동  133-1,,1243.78,자연녹지지역,,50110,제주특별자치도 제주시,00001, 토지형질변경,00001, 토지형질변경,20160907,20160925,태양광발전시설
5011025030108560001,제주시 한림읍 상명리 856-1,,7,계획관리지역,,50110,제주특별자치도 제주시,00001, 토지형질변경,00001, 토지형질변경,20160804,20160912,대지확장
5011025921113290010,제주시 조천읍 신촌리 1329-10,,87,계획관리지역,,50110,제주특별자치도 제주시,00001, 토지형질변경,00001, 토지형질변경,20160816,,대지확장
5011010900107260002,제주시 용담이동  726-2,,2714,자연녹지지역,,50110,제주특별자치도 제주시,00001, 토지형질변경,00001, 토지형질변경,20160816,20160908,렌트카차고지
5011010900115540002,제주시 용담이동  1554-2,,1950,자연녹지지역,,50110,제주특별자치도 제주시,00001, 토지형질변경,00001, 토지형질변경,20160802,20160907,렌트카차고지
5011025337120600016,제주시 애월읍 곽지리 2060-16,,285,계획관리지역,,50110,제주특별자치도 제주시,00001, 토지형질변경,00001, 토지형질변경,20160714,20160830,대지확장
5011014000100600041,제주시 내도동  60-41,,1945,자연녹지지역,,50110,제주특별자치도 제주시,00001, 토지형질변경,00001, 토지형질변경,20160802,20160828,임시야적장
5011025929100700003,제주시 조천읍 교래리 70-3,,7465,보전관리지역,,50110,제주특별자치도 제주시,00001, 토지형질변경,00001, 토지형질변경,20160717,20160818,제주목장 직선주로(말조련용) 설치
5011025022102690014,제주시 한림읍 수원리 269-14,,2803,생산녹지지역,,50110,제주특별자치도 제주시,00001, 토지형질변경,00001, 토지형질변경,20160804,20160818,육상양식장 조성
5011012700112850006,제주시 도두일동  1285-6,,606,자연녹지지역,,50110,제주특별자치도 제주시,00001, 토지형질변경,00001, 토지형질변경,20160718,20160816,렌트카차고지
5011025029125360001,제주시 한림읍 상대리 2536-1,,363,보전관리지역,,50110,제주특별자치도 제주시,00001, 토지형질변경,00001, 토지형질변경,20160624,20160811,액비저장조
5011031028113130003,제주시 한경면 신창리 1313-3,,2259,자연녹지지역,,50110,제주특별자치도 제주시,00001, 토지형질변경,00001, 토지형질변경,20160718,20160811,야영장조성
5011012900108330001,제주시 도남동  833-1,,0,자연녹지지역,,50110,제주특별자치도 제주시,00001, 토지형질변경,00001, 토지형질변경,20160712,20160810,태양광발전시설
5011010700106850001,제주시 건입동  685-1,,493,자연녹지지역,,50110,제주특별자치도 제주시,00001, 토지형질변경,00001, 토지형질변경,20160711,20160808,노외주차장
5011010700106880014,제주시 건입동  688-14,,610,자연녹지지역,,50110,제주특별자치도 제주시,00001, 토지형질변경,00001, 토지형질변경,20160711,20160808,노외주차장
5011013900100430025,제주시 해안동  43-25,,6958,생산관리지역,,50110,제주특별자치도 제주시,00001, 토지형질변경,00001, 토지형질변경,20160712,20160801,임시야적장
5011012600101630003,제주시 이호이동  163-3,,4543,자연녹지지역,,50110,제주특별자치도 제주시,00001, 토지형질변경,00001, 토지형질변경,20160627,20160727,버스차고지
5011012600108620002,제주시 이호이동  862-2,,1731,자연녹지지역,,50110,제주특별자치도 제주시,00001, 토지형질변경,00001, 토지형질변경,20160714,20160727,노외주차장
5011025927121090013,제주시 조천읍 북촌리 2109-13,,2824,계획관리지역,,50110,제주특별자치도 제주시,00001, 토지형질변경,00001, 토지형질변경,20160607,20160722,우량농지조성
5011025633131590001,제주시 구좌읍 평대리 3159-1,,2526,계획관리지역,,50110,제주특별자치도 제주시,00001, 토지형질변경,00001, 토지형질변경,20160628,20160722,노외주차장
5011013900110910001,제주시 해안동  1091-1,,4523,자연녹지지역,,50110,제주특별자치도 제주시,00001, 토지형질변경,00001, 토지형질변경,20160707,20160722,임시야적장
5011025328113370001,제주시 애월읍 소길리 1337-1,,7490,보전관리지역,,50110,제주특별자치도 제주시,00001, 토지형질변경,00001, 토지형질변경,20160617,20160715,임시야적장
5011025030118850005,제주시 한림읍 상명리 1885-5,,334,계획관리지역,,50110,제주특별자치도 제주시,00001, 토지형질변경,00001, 토지형질변경,20160705,20160715,액비저장조
5011012200115830003,제주시 노형동  1583-3,,3542,자연녹지지역,,50110,제주특별자치도 제주시,00001, 토지형질변경,00001, 토지형질변경,20160622,20160715,부설주차장
5011025342121590009,제주시 애월읍 유수암리 2159-9,,573,계획관리지역,,50110,제주특별자치도 제주시,00001, 토지형질변경,00001, 토지형질변경,20160616,20160714,노외주차장
5011025325106700006,제주시 애월읍 수산리 670-6,,28,자연녹지지역,,50110,제주특별자치도 제주시,00001, 토지형질변경,00001, 토지형질변경,20160518,20160714,대지확장
5011013900115690001,제주시 해안동  1569-1,,66,계획관리지역,,50110,제주특별자치도 제주시,00001, 토지형질변경,00001, 토지형질변경,20160629,20160713,유류저장소
5011013800101740001,제주시 도평동  174-1,,3475,자연녹지지역,,50110,제주특별자치도 제주시,00001, 토지형질변경,00001, 토지형질변경,20160629,20160704,노외주차장조성
5011011600126890010,제주시 봉개동  2689-10,,3571,자연녹지지역,,50110,제주특별자치도 제주시,00001, 토지형질변경,00001, 토지형질변경,20160616,20160707,노외주차장조성
5011025930104500001,제주시 조천읍 선흘리 450-1,,682,생산관리지역,,50110,제주특별자치도 제주시,00001, 토지형질변경,00001, 토지형질변경,20160616,20160712,공작물설치(말조련용 자동보행기)
5011013900113730001,제주시 해안동  1373-1,,1487,보전관리지역,,50110,제주특별자치도 제주시,00001, 토지형질변경,00001, 토지형질변경,20160629,20160705,임시야적장조성
5011012200134270007,제주시 노형동  3427-7,,20,자연녹지지역,,50110,제주특별자치도 제주시,00001, 토지형질변경,00001, 토지형질변경,20160601,20160617,대지확장
5011013600115990002,제주시 영평동  1599-2,,982,자연녹지지역,,50110,제주특별자치도 제주시,00001, 토지형질변경,00001, 토지형질변경,20160601,20160616,임시야적장
5011025022102690010,제주시 한림읍 수원리 269-10,,9998,생산녹지지역,,50110,제주특별자치도 제주시,00001, 토지형질변경,00001, 토지형질변경,20160526,20160615,육상양식장 수조
5011025321113610004,제주시 애월읍 광령리 1361-4,,100,계획관리지역,,50110,제주특별자치도 제주시,00001, 토지형질변경,00001, 토지형질변경,20160512,20160602,대지확장
5011012700113790003,제주시 도두일동  1379-3,,3957,자연녹지지역,,50110,제주특별자치도 제주시,00001, 토지형질변경,00001, 토지형질변경,20160406,20160526,렌트카차고지
5011025633100040015,제주시 구좌읍 평대리 4-15,,9050,보전녹지지역,,50110,제주특별자치도 제주시,00001, 토지형질변경,00001, 토지형질변경,20160512,20160524,양어장조성
5011025929101370001,제주시 조천읍 교래리 137-1,,54,농림지역,,50110,제주특별자치도 제주시,00001, 토지형질변경,00001, 토지형질변경,20160512,20160524,통신주설치
5011014000100600003,제주시 내도동  60-3,,2478,자연녹지지역,,50110,제주특별자치도 제주시,00001, 토지형질변경,00001, 토지형질변경,20160427,20160517,렌트카차고지
5011025028103400002,제주시 한림읍 옹포리 340-2,,35,제2종일반주거지역,,50110,제주특별자치도 제주시,00001, 토지형질변경,00001, 토지형질변경,20160427,20160510,대지확장
5011013800107470002,제주시 도평동  747-2,,1487,자연녹지지역,,50110,제주특별자치도 제주시,00001, 토지형질변경,00001, 토지형질변경,20160419,20160429,임시야적장조성
5013025928109320000,제주특별자치도 서귀포시 성산읍 삼달리 932 ,임야,0,,,50130,제주특별자치도 서귀포시,00001, 토지형질변경,00001, 토지형질변경,20170219,20170219,묘지조성(가족사설묘)
