sample_id,release_id,timestamp_track,input_bundle_identity,status
legacy_mosaic_12_period__2023__22528_-367616,olmoearth_v1_base,legacy_timestamps,d7afa4cfe4d76f83f0151e76995d4d9ec3704f456a860845f1f751922b3fa47a,not_run
legacy_mosaic_12_period__2023__22528_-367616,olmoearth_v1_2_base,legacy_timestamps,d7afa4cfe4d76f83f0151e76995d4d9ec3704f456a860845f1f751922b3fa47a,not_run
legacy_mosaic_12_period__2023__22528_-368640,olmoearth_v1_base,legacy_timestamps,587b4f901a6aa7cb56afb391b5e58e3bf61a7b575ec987079e4dd955b6fd40bf,not_run
legacy_mosaic_12_period__2023__22528_-368640,olmoearth_v1_2_base,legacy_timestamps,587b4f901a6aa7cb56afb391b5e58e3bf61a7b575ec987079e4dd955b6fd40bf,not_run
legacy_mosaic_12_period__2023__22528_-369664,olmoearth_v1_base,legacy_timestamps,3b13d35282c07ab76f65db2cf710e0805a4c75bcd8d71728e7e2d58de1d0cd70,not_run
legacy_mosaic_12_period__2023__22528_-369664,olmoearth_v1_2_base,legacy_timestamps,3b13d35282c07ab76f65db2cf710e0805a4c75bcd8d71728e7e2d58de1d0cd70,not_run
legacy_mosaic_12_period__2023__22528_-370688,olmoearth_v1_base,legacy_timestamps,8dca0639fda02fb290e0e2e51e8ee09082f785aa656cd291112de6ba2e02147b,not_run
legacy_mosaic_12_period__2023__22528_-370688,olmoearth_v1_2_base,legacy_timestamps,8dca0639fda02fb290e0e2e51e8ee09082f785aa656cd291112de6ba2e02147b,not_run
legacy_mosaic_12_period__2023__22528_-371712,olmoearth_v1_base,legacy_timestamps,e078b5be6a82f358508a8ee6540f1de41c29dcd1e8a889446128f81c3c15f48e,not_run
legacy_mosaic_12_period__2023__22528_-371712,olmoearth_v1_2_base,legacy_timestamps,e078b5be6a82f358508a8ee6540f1de41c29dcd1e8a889446128f81c3c15f48e,not_run
legacy_mosaic_12_period__2023__22528_-372736,olmoearth_v1_base,legacy_timestamps,4f88bceecb28cf05889c7ad422fd5cf2ba7f1c661c06a5433bf066f704f3fbe8,not_run
legacy_mosaic_12_period__2023__22528_-372736,olmoearth_v1_2_base,legacy_timestamps,4f88bceecb28cf05889c7ad422fd5cf2ba7f1c661c06a5433bf066f704f3fbe8,not_run
legacy_mosaic_12_period__2023__23552_-367616,olmoearth_v1_base,legacy_timestamps,4d6220b6040be9205877c6b0781f75d7cb7714a87944af57f647440a536c8a21,not_run
legacy_mosaic_12_period__2023__23552_-367616,olmoearth_v1_2_base,legacy_timestamps,4d6220b6040be9205877c6b0781f75d7cb7714a87944af57f647440a536c8a21,not_run
legacy_mosaic_12_period__2023__23552_-368640,olmoearth_v1_base,legacy_timestamps,ec4498f6186c3786e4a69a3d817c650d2ba585aa72281b66d463a834fd37ea29,not_run
legacy_mosaic_12_period__2023__23552_-368640,olmoearth_v1_2_base,legacy_timestamps,ec4498f6186c3786e4a69a3d817c650d2ba585aa72281b66d463a834fd37ea29,not_run
legacy_mosaic_12_period__2023__23552_-369664,olmoearth_v1_base,legacy_timestamps,a8574834e17e8cc3fabc8203d13284c23a1cc5f0c4f0a95a720a20f5fea66970,not_run
legacy_mosaic_12_period__2023__23552_-369664,olmoearth_v1_2_base,legacy_timestamps,a8574834e17e8cc3fabc8203d13284c23a1cc5f0c4f0a95a720a20f5fea66970,not_run
legacy_mosaic_12_period__2023__23552_-370688,olmoearth_v1_base,legacy_timestamps,22ade87bc8636a7226967135c165f5a3eb822c00f3e1c885326d9e439c77ac50,not_run
legacy_mosaic_12_period__2023__23552_-370688,olmoearth_v1_2_base,legacy_timestamps,22ade87bc8636a7226967135c165f5a3eb822c00f3e1c885326d9e439c77ac50,not_run
legacy_mosaic_12_period__2023__23552_-371712,olmoearth_v1_base,legacy_timestamps,df573f1554b76c8a872d12dd0da533f3c50fe1976e84f7028e22cbd8b5b5ed11,not_run
legacy_mosaic_12_period__2023__23552_-371712,olmoearth_v1_2_base,legacy_timestamps,df573f1554b76c8a872d12dd0da533f3c50fe1976e84f7028e22cbd8b5b5ed11,not_run
legacy_mosaic_12_period__2023__23552_-372736,olmoearth_v1_base,legacy_timestamps,98c5dde85b6d33071d457ec990a638970504af864ed14973ed8b5c51936843bf,not_run
legacy_mosaic_12_period__2023__23552_-372736,olmoearth_v1_2_base,legacy_timestamps,98c5dde85b6d33071d457ec990a638970504af864ed14973ed8b5c51936843bf,not_run
legacy_mosaic_12_period__2023__24576_-367616,olmoearth_v1_base,legacy_timestamps,42768342aae87462ca978334c7e7b62d4aa3317c33c5b1d4e9a321cddeb81b75,not_run
legacy_mosaic_12_period__2023__24576_-367616,olmoearth_v1_2_base,legacy_timestamps,42768342aae87462ca978334c7e7b62d4aa3317c33c5b1d4e9a321cddeb81b75,not_run
legacy_mosaic_12_period__2023__24576_-368640,olmoearth_v1_base,legacy_timestamps,03dcf82bd27afbdbbbb8c0abeaeeba853cf705afef939ae6133cc6186f49eb71,not_run
legacy_mosaic_12_period__2023__24576_-368640,olmoearth_v1_2_base,legacy_timestamps,03dcf82bd27afbdbbbb8c0abeaeeba853cf705afef939ae6133cc6186f49eb71,not_run
legacy_mosaic_12_period__2023__24576_-369664,olmoearth_v1_base,legacy_timestamps,d2f26dbfde9e8356ca383be276c270eda00c3638fbaccb5576b3ce4fd06f5deb,not_run
legacy_mosaic_12_period__2023__24576_-369664,olmoearth_v1_2_base,legacy_timestamps,d2f26dbfde9e8356ca383be276c270eda00c3638fbaccb5576b3ce4fd06f5deb,not_run
legacy_mosaic_12_period__2023__24576_-370688,olmoearth_v1_base,legacy_timestamps,fe13911ae5354255ee335bbcdc34a885bf4f90c7c385eeb3775f9d48505bcd05,not_run
legacy_mosaic_12_period__2023__24576_-370688,olmoearth_v1_2_base,legacy_timestamps,fe13911ae5354255ee335bbcdc34a885bf4f90c7c385eeb3775f9d48505bcd05,not_run
legacy_mosaic_12_period__2023__24576_-371712,olmoearth_v1_base,legacy_timestamps,30da320fa63c1687f6d0cdbe1997657e92fa56b315de4179e408c2348c45b53b,not_run
legacy_mosaic_12_period__2023__24576_-371712,olmoearth_v1_2_base,legacy_timestamps,30da320fa63c1687f6d0cdbe1997657e92fa56b315de4179e408c2348c45b53b,not_run
legacy_mosaic_12_period__2023__24576_-372736,olmoearth_v1_base,legacy_timestamps,69c8fb3ed77a019ff2a2f006c641dbee66751fc2e32f7c6409ef297b633c12e0,not_run
legacy_mosaic_12_period__2023__24576_-372736,olmoearth_v1_2_base,legacy_timestamps,69c8fb3ed77a019ff2a2f006c641dbee66751fc2e32f7c6409ef297b633c12e0,not_run
legacy_mosaic_12_period__2023__25600_-367616,olmoearth_v1_base,legacy_timestamps,08e89c3932c8e8537630d753b4d0dca35b1b0e4250f6627079050e757795404b,not_run
legacy_mosaic_12_period__2023__25600_-367616,olmoearth_v1_2_base,legacy_timestamps,08e89c3932c8e8537630d753b4d0dca35b1b0e4250f6627079050e757795404b,not_run
legacy_mosaic_12_period__2023__25600_-368640,olmoearth_v1_base,legacy_timestamps,827ab159819efd6ea074a2cf6a3e3da7c6ac23695b817bc583e53c8e3ca02e7e,not_run
legacy_mosaic_12_period__2023__25600_-368640,olmoearth_v1_2_base,legacy_timestamps,827ab159819efd6ea074a2cf6a3e3da7c6ac23695b817bc583e53c8e3ca02e7e,not_run
legacy_mosaic_12_period__2023__25600_-369664,olmoearth_v1_base,legacy_timestamps,169ac21ce1093d1b0a0c70c88c4505c7b14cbbf217ccef631c1defb875147485,not_run
legacy_mosaic_12_period__2023__25600_-369664,olmoearth_v1_2_base,legacy_timestamps,169ac21ce1093d1b0a0c70c88c4505c7b14cbbf217ccef631c1defb875147485,not_run
legacy_mosaic_12_period__2023__25600_-370688,olmoearth_v1_base,legacy_timestamps,50869337eef6166468738fb0ac99493148ff1e2eaade9a04ce930c1d5dbd660e,not_run
legacy_mosaic_12_period__2023__25600_-370688,olmoearth_v1_2_base,legacy_timestamps,50869337eef6166468738fb0ac99493148ff1e2eaade9a04ce930c1d5dbd660e,not_run
legacy_mosaic_12_period__2023__25600_-371712,olmoearth_v1_base,legacy_timestamps,16b1687c2aa7b00554485b532df4e78b22fbe95c92ba7bd5f61de079967a76eb,not_run
legacy_mosaic_12_period__2023__25600_-371712,olmoearth_v1_2_base,legacy_timestamps,16b1687c2aa7b00554485b532df4e78b22fbe95c92ba7bd5f61de079967a76eb,not_run
legacy_mosaic_12_period__2023__25600_-372736,olmoearth_v1_base,legacy_timestamps,2264a61fb1be9d2a48c668616a6f79eea7dba0eb08aa0a9304a82fa48a11bf09,not_run
legacy_mosaic_12_period__2023__25600_-372736,olmoearth_v1_2_base,legacy_timestamps,2264a61fb1be9d2a48c668616a6f79eea7dba0eb08aa0a9304a82fa48a11bf09,not_run
legacy_mosaic_12_period__2023__26624_-367616,olmoearth_v1_base,legacy_timestamps,66c88e4905d62254430b326d8f35c8fbf3cdd00b23145ee44ede2ea482882829,not_run
legacy_mosaic_12_period__2023__26624_-367616,olmoearth_v1_2_base,legacy_timestamps,66c88e4905d62254430b326d8f35c8fbf3cdd00b23145ee44ede2ea482882829,not_run
legacy_mosaic_12_period__2023__26624_-368640,olmoearth_v1_base,legacy_timestamps,5502e73bafaa70753301371278a8878d0bbce0d35d5e4c7009bbd777ec1c7836,not_run
legacy_mosaic_12_period__2023__26624_-368640,olmoearth_v1_2_base,legacy_timestamps,5502e73bafaa70753301371278a8878d0bbce0d35d5e4c7009bbd777ec1c7836,not_run
legacy_mosaic_12_period__2023__26624_-369664,olmoearth_v1_base,legacy_timestamps,d1e6d61112ab3f0481ddb963b903f03d215dd7db4845a6513d34b01c0d596312,not_run
legacy_mosaic_12_period__2023__26624_-369664,olmoearth_v1_2_base,legacy_timestamps,d1e6d61112ab3f0481ddb963b903f03d215dd7db4845a6513d34b01c0d596312,not_run
legacy_mosaic_12_period__2023__26624_-370688,olmoearth_v1_base,legacy_timestamps,5888ff92eadb873cb987fc7a04586f6cc1b7ef779587a98f44d3bc6d28988781,not_run
legacy_mosaic_12_period__2023__26624_-370688,olmoearth_v1_2_base,legacy_timestamps,5888ff92eadb873cb987fc7a04586f6cc1b7ef779587a98f44d3bc6d28988781,not_run
legacy_mosaic_12_period__2023__26624_-371712,olmoearth_v1_base,legacy_timestamps,9b31f0859d8a56919d370e02d2063d1b374e5a4e7ad78348efe079e9e90da06d,not_run
legacy_mosaic_12_period__2023__26624_-371712,olmoearth_v1_2_base,legacy_timestamps,9b31f0859d8a56919d370e02d2063d1b374e5a4e7ad78348efe079e9e90da06d,not_run
legacy_mosaic_12_period__2023__26624_-372736,olmoearth_v1_base,legacy_timestamps,f43e06aff378073259ce913d071800e863479515527d37b1a50f9facad3da35a,not_run
legacy_mosaic_12_period__2023__26624_-372736,olmoearth_v1_2_base,legacy_timestamps,f43e06aff378073259ce913d071800e863479515527d37b1a50f9facad3da35a,not_run
legacy_mosaic_12_period__2023__27648_-367616,olmoearth_v1_base,legacy_timestamps,09c04551a38c1859a83e671083cc3c5b470dc733413bb94d337dd67915510e4e,not_run
legacy_mosaic_12_period__2023__27648_-367616,olmoearth_v1_2_base,legacy_timestamps,09c04551a38c1859a83e671083cc3c5b470dc733413bb94d337dd67915510e4e,not_run
legacy_mosaic_12_period__2023__27648_-368640,olmoearth_v1_base,legacy_timestamps,41ed6d73322a35bf8112dea6530a63650a2d891895cec995438c273ebac674e6,not_run
legacy_mosaic_12_period__2023__27648_-368640,olmoearth_v1_2_base,legacy_timestamps,41ed6d73322a35bf8112dea6530a63650a2d891895cec995438c273ebac674e6,not_run
legacy_mosaic_12_period__2023__27648_-369664,olmoearth_v1_base,legacy_timestamps,1736343a66b148a1922c22b1ddca5ed2b40fada4ed28fd8bbe5982bb79321924,not_run
legacy_mosaic_12_period__2023__27648_-369664,olmoearth_v1_2_base,legacy_timestamps,1736343a66b148a1922c22b1ddca5ed2b40fada4ed28fd8bbe5982bb79321924,not_run
legacy_mosaic_12_period__2023__27648_-370688,olmoearth_v1_base,legacy_timestamps,ac5528453fa159739d08d029415f8ed59efb5eaefb599f801643c8e4a7618aa0,not_run
legacy_mosaic_12_period__2023__27648_-370688,olmoearth_v1_2_base,legacy_timestamps,ac5528453fa159739d08d029415f8ed59efb5eaefb599f801643c8e4a7618aa0,not_run
legacy_mosaic_12_period__2023__27648_-371712,olmoearth_v1_base,legacy_timestamps,52e34eaab2cdb77c6ae0028f4b2375799385852fb057f40900dd06a8d6be6234,not_run
legacy_mosaic_12_period__2023__27648_-371712,olmoearth_v1_2_base,legacy_timestamps,52e34eaab2cdb77c6ae0028f4b2375799385852fb057f40900dd06a8d6be6234,not_run
legacy_mosaic_12_period__2023__27648_-372736,olmoearth_v1_base,legacy_timestamps,d40bd60d42f068f149928dea74c7dc2d5c99c96f582661709122126fb96a8661,not_run
legacy_mosaic_12_period__2023__27648_-372736,olmoearth_v1_2_base,legacy_timestamps,d40bd60d42f068f149928dea74c7dc2d5c99c96f582661709122126fb96a8661,not_run
legacy_mosaic_12_period__2023__28672_-367616,olmoearth_v1_base,legacy_timestamps,a9b95408c0d6c73f4d31007b2330843ce438ec44e28fb0add5fdc487bf535a55,not_run
legacy_mosaic_12_period__2023__28672_-367616,olmoearth_v1_2_base,legacy_timestamps,a9b95408c0d6c73f4d31007b2330843ce438ec44e28fb0add5fdc487bf535a55,not_run
legacy_mosaic_12_period__2023__28672_-368640,olmoearth_v1_base,legacy_timestamps,ecdf4ec847a6c903596269baadb42ba8beab96c73c4edaa2f75c68c2ca6f30c5,not_run
legacy_mosaic_12_period__2023__28672_-368640,olmoearth_v1_2_base,legacy_timestamps,ecdf4ec847a6c903596269baadb42ba8beab96c73c4edaa2f75c68c2ca6f30c5,not_run
legacy_mosaic_12_period__2023__28672_-369664,olmoearth_v1_base,legacy_timestamps,a6eb54f62fe7454e234bf93bce65649e64087d8fb57a1368785421315a7960bd,not_run
legacy_mosaic_12_period__2023__28672_-369664,olmoearth_v1_2_base,legacy_timestamps,a6eb54f62fe7454e234bf93bce65649e64087d8fb57a1368785421315a7960bd,not_run
legacy_mosaic_12_period__2023__28672_-370688,olmoearth_v1_base,legacy_timestamps,c79105647b7ffc5fe01d35192e7f3b8975812e5f7f5592afd3947eb7998002c8,not_run
legacy_mosaic_12_period__2023__28672_-370688,olmoearth_v1_2_base,legacy_timestamps,c79105647b7ffc5fe01d35192e7f3b8975812e5f7f5592afd3947eb7998002c8,not_run
legacy_mosaic_12_period__2023__28672_-371712,olmoearth_v1_base,legacy_timestamps,5cafdb85c2db43cb5d7a41c6ac05fa6d72d639d517610a9a56b101b6f09340ac,not_run
legacy_mosaic_12_period__2023__28672_-371712,olmoearth_v1_2_base,legacy_timestamps,5cafdb85c2db43cb5d7a41c6ac05fa6d72d639d517610a9a56b101b6f09340ac,not_run
legacy_mosaic_12_period__2023__28672_-372736,olmoearth_v1_base,legacy_timestamps,a5abf336b538571bd3561a4483e3f24354184523ee4f05779abfdac53fdc2de1,not_run
legacy_mosaic_12_period__2023__28672_-372736,olmoearth_v1_2_base,legacy_timestamps,a5abf336b538571bd3561a4483e3f24354184523ee4f05779abfdac53fdc2de1,not_run
legacy_mosaic_12_period__2023__29696_-367616,olmoearth_v1_base,legacy_timestamps,c77975240b097e525210229b5b536d72988209f8a61dab43e33a7f6ccac2fcbf,not_run
legacy_mosaic_12_period__2023__29696_-367616,olmoearth_v1_2_base,legacy_timestamps,c77975240b097e525210229b5b536d72988209f8a61dab43e33a7f6ccac2fcbf,not_run
legacy_mosaic_12_period__2023__29696_-368640,olmoearth_v1_base,legacy_timestamps,1eb840a7bfa754b72f660cfbbeebe4de804d0028289f8c99d55cc3c06e62216f,not_run
legacy_mosaic_12_period__2023__29696_-368640,olmoearth_v1_2_base,legacy_timestamps,1eb840a7bfa754b72f660cfbbeebe4de804d0028289f8c99d55cc3c06e62216f,not_run
legacy_mosaic_12_period__2023__29696_-369664,olmoearth_v1_base,legacy_timestamps,23c379a26a8da8b51f5e2e9a1f9b719ef0dad8a474ab500880d3850d3b652c4a,not_run
legacy_mosaic_12_period__2023__29696_-369664,olmoearth_v1_2_base,legacy_timestamps,23c379a26a8da8b51f5e2e9a1f9b719ef0dad8a474ab500880d3850d3b652c4a,not_run
legacy_mosaic_12_period__2023__29696_-370688,olmoearth_v1_base,legacy_timestamps,d4afb3971b6e6032d083784b3a21f939b4f287419117c789948709eb200ad09c,not_run
legacy_mosaic_12_period__2023__29696_-370688,olmoearth_v1_2_base,legacy_timestamps,d4afb3971b6e6032d083784b3a21f939b4f287419117c789948709eb200ad09c,not_run
legacy_mosaic_12_period__2023__29696_-371712,olmoearth_v1_base,legacy_timestamps,15c2169e1d42c774e5c6b42f6d2540a6f9b2e50b4729df8d9d76a4bec1448a73,not_run
legacy_mosaic_12_period__2023__29696_-371712,olmoearth_v1_2_base,legacy_timestamps,15c2169e1d42c774e5c6b42f6d2540a6f9b2e50b4729df8d9d76a4bec1448a73,not_run
legacy_mosaic_12_period__2023__29696_-372736,olmoearth_v1_base,legacy_timestamps,a17fcbd195f13fb6b2a0221aa86f0314d920e76f9ecd90d7415874a1857e508b,not_run
legacy_mosaic_12_period__2023__29696_-372736,olmoearth_v1_2_base,legacy_timestamps,a17fcbd195f13fb6b2a0221aa86f0314d920e76f9ecd90d7415874a1857e508b,not_run
legacy_mosaic_12_period__2023__30720_-367616,olmoearth_v1_base,legacy_timestamps,0e931e10d9b462eb3f2adfb73292846ad6dd9c13df7e8c705e003ce6f40b92f6,not_run
legacy_mosaic_12_period__2023__30720_-367616,olmoearth_v1_2_base,legacy_timestamps,0e931e10d9b462eb3f2adfb73292846ad6dd9c13df7e8c705e003ce6f40b92f6,not_run
legacy_mosaic_12_period__2023__30720_-368640,olmoearth_v1_base,legacy_timestamps,ecbe8678ff4d8218e8cfa2f6c5c012514a26668bf87e1bcc3b6f456377483154,not_run
legacy_mosaic_12_period__2023__30720_-368640,olmoearth_v1_2_base,legacy_timestamps,ecbe8678ff4d8218e8cfa2f6c5c012514a26668bf87e1bcc3b6f456377483154,not_run
legacy_mosaic_12_period__2023__30720_-369664,olmoearth_v1_base,legacy_timestamps,d8b93f302bad2b2e8f86641767a93fc0c7fdc554bb568f99e8db8b6b2885f5e2,not_run
legacy_mosaic_12_period__2023__30720_-369664,olmoearth_v1_2_base,legacy_timestamps,d8b93f302bad2b2e8f86641767a93fc0c7fdc554bb568f99e8db8b6b2885f5e2,not_run
legacy_mosaic_12_period__2023__30720_-370688,olmoearth_v1_base,legacy_timestamps,6c2e9353cd2a671d5789d45b51f6839a2eb0d099a0027b51c286adac5830e2b9,not_run
legacy_mosaic_12_period__2023__30720_-370688,olmoearth_v1_2_base,legacy_timestamps,6c2e9353cd2a671d5789d45b51f6839a2eb0d099a0027b51c286adac5830e2b9,not_run
legacy_mosaic_12_period__2023__30720_-371712,olmoearth_v1_base,legacy_timestamps,941a28419b1c5a09232be148968523ba68f8ebbb3599a28194a248d900a77d38,not_run
legacy_mosaic_12_period__2023__30720_-371712,olmoearth_v1_2_base,legacy_timestamps,941a28419b1c5a09232be148968523ba68f8ebbb3599a28194a248d900a77d38,not_run
legacy_mosaic_12_period__2023__30720_-372736,olmoearth_v1_base,legacy_timestamps,d57b3cf5785d863ba8b993b4470fc49122997a76851596b23bec6a8ba703e8a5,not_run
legacy_mosaic_12_period__2023__30720_-372736,olmoearth_v1_2_base,legacy_timestamps,d57b3cf5785d863ba8b993b4470fc49122997a76851596b23bec6a8ba703e8a5,not_run
legacy_mosaic_12_period__2024__22528_-367616,olmoearth_v1_base,legacy_timestamps,36927072539f7fb6456ea354900cac11f65af9278a68ed62b78e7ffdc166b9f3,not_run
legacy_mosaic_12_period__2024__22528_-367616,olmoearth_v1_2_base,legacy_timestamps,36927072539f7fb6456ea354900cac11f65af9278a68ed62b78e7ffdc166b9f3,not_run
legacy_mosaic_12_period__2024__22528_-368640,olmoearth_v1_base,legacy_timestamps,1c0cc96979694e449b8cbc9e59d75f1515e0aae250e3fd6f04a56d359a288399,not_run
legacy_mosaic_12_period__2024__22528_-368640,olmoearth_v1_2_base,legacy_timestamps,1c0cc96979694e449b8cbc9e59d75f1515e0aae250e3fd6f04a56d359a288399,not_run
legacy_mosaic_12_period__2024__22528_-369664,olmoearth_v1_base,legacy_timestamps,f18e2aafbe903603f557b323e5620eb25bdcd91515d02978f9ebaab26cd2fbbd,not_run
legacy_mosaic_12_period__2024__22528_-369664,olmoearth_v1_2_base,legacy_timestamps,f18e2aafbe903603f557b323e5620eb25bdcd91515d02978f9ebaab26cd2fbbd,not_run
legacy_mosaic_12_period__2024__22528_-370688,olmoearth_v1_base,legacy_timestamps,f82895c5a8f5e6fe5bece23df6fe37f97c0cafccae7e7326eecf47ac34690fa8,not_run
legacy_mosaic_12_period__2024__22528_-370688,olmoearth_v1_2_base,legacy_timestamps,f82895c5a8f5e6fe5bece23df6fe37f97c0cafccae7e7326eecf47ac34690fa8,not_run
legacy_mosaic_12_period__2024__22528_-371712,olmoearth_v1_base,legacy_timestamps,8ea4e7c820f86312da20b603fddab8abc7bcacc61d6e68de278496e68756d51c,not_run
legacy_mosaic_12_period__2024__22528_-371712,olmoearth_v1_2_base,legacy_timestamps,8ea4e7c820f86312da20b603fddab8abc7bcacc61d6e68de278496e68756d51c,not_run
legacy_mosaic_12_period__2024__22528_-372736,olmoearth_v1_base,legacy_timestamps,f9641c19597f2792ed84f076135fdbc5daefa0a71c0af0fbf8296fdc90519608,not_run
legacy_mosaic_12_period__2024__22528_-372736,olmoearth_v1_2_base,legacy_timestamps,f9641c19597f2792ed84f076135fdbc5daefa0a71c0af0fbf8296fdc90519608,not_run
legacy_mosaic_12_period__2024__23552_-367616,olmoearth_v1_base,legacy_timestamps,aefeab2ff7acd077ba4f319053bc8e11ad6342796d5bca8268598be3fd570da2,not_run
legacy_mosaic_12_period__2024__23552_-367616,olmoearth_v1_2_base,legacy_timestamps,aefeab2ff7acd077ba4f319053bc8e11ad6342796d5bca8268598be3fd570da2,not_run
legacy_mosaic_12_period__2024__23552_-368640,olmoearth_v1_base,legacy_timestamps,7286082568ffb7ee6f0d74aacc9991e0dd9472388bd56c75345306244aa7ed33,not_run
legacy_mosaic_12_period__2024__23552_-368640,olmoearth_v1_2_base,legacy_timestamps,7286082568ffb7ee6f0d74aacc9991e0dd9472388bd56c75345306244aa7ed33,not_run
legacy_mosaic_12_period__2024__23552_-369664,olmoearth_v1_base,legacy_timestamps,97f3512fb9428d3144181fc72d6d1bbf7f865ce0b9cfe6714d0fbdb7a29f5aea,not_run
legacy_mosaic_12_period__2024__23552_-369664,olmoearth_v1_2_base,legacy_timestamps,97f3512fb9428d3144181fc72d6d1bbf7f865ce0b9cfe6714d0fbdb7a29f5aea,not_run
legacy_mosaic_12_period__2024__23552_-370688,olmoearth_v1_base,legacy_timestamps,35dd931646d19971c03363b0fa998ca25b82be915e86e16982e1a76441bc69d9,not_run
legacy_mosaic_12_period__2024__23552_-370688,olmoearth_v1_2_base,legacy_timestamps,35dd931646d19971c03363b0fa998ca25b82be915e86e16982e1a76441bc69d9,not_run
legacy_mosaic_12_period__2024__23552_-371712,olmoearth_v1_base,legacy_timestamps,1efc2b0819bdcacc4c673b8f78324ca62003706a1e99f7ca75b19091863c2a7c,not_run
legacy_mosaic_12_period__2024__23552_-371712,olmoearth_v1_2_base,legacy_timestamps,1efc2b0819bdcacc4c673b8f78324ca62003706a1e99f7ca75b19091863c2a7c,not_run
legacy_mosaic_12_period__2024__23552_-372736,olmoearth_v1_base,legacy_timestamps,3aa670095ad4a2e3e6e6fca37d89ce27bf01561d76364a46233d8aabc8655f7f,not_run
legacy_mosaic_12_period__2024__23552_-372736,olmoearth_v1_2_base,legacy_timestamps,3aa670095ad4a2e3e6e6fca37d89ce27bf01561d76364a46233d8aabc8655f7f,not_run
legacy_mosaic_12_period__2024__24576_-367616,olmoearth_v1_base,legacy_timestamps,8968d4087afe9fa55c5dc2b30363179f613647256c5ac82e1fff91fc705ea211,not_run
legacy_mosaic_12_period__2024__24576_-367616,olmoearth_v1_2_base,legacy_timestamps,8968d4087afe9fa55c5dc2b30363179f613647256c5ac82e1fff91fc705ea211,not_run
legacy_mosaic_12_period__2024__24576_-368640,olmoearth_v1_base,legacy_timestamps,f880d3e063d094aed021e3e9f80ac3e0fe0d2d5db19023e3c77f5c75003db2aa,not_run
legacy_mosaic_12_period__2024__24576_-368640,olmoearth_v1_2_base,legacy_timestamps,f880d3e063d094aed021e3e9f80ac3e0fe0d2d5db19023e3c77f5c75003db2aa,not_run
legacy_mosaic_12_period__2024__24576_-369664,olmoearth_v1_base,legacy_timestamps,3f3a36bde5c14b8a6419440f5fef8b10c48fb09f107065a396727b4957e3e1ed,not_run
legacy_mosaic_12_period__2024__24576_-369664,olmoearth_v1_2_base,legacy_timestamps,3f3a36bde5c14b8a6419440f5fef8b10c48fb09f107065a396727b4957e3e1ed,not_run
legacy_mosaic_12_period__2024__24576_-370688,olmoearth_v1_base,legacy_timestamps,c9dadb9567045da781c2f7487285872ea0c55e36d8ad4961d429eb48d3574a0a,not_run
legacy_mosaic_12_period__2024__24576_-370688,olmoearth_v1_2_base,legacy_timestamps,c9dadb9567045da781c2f7487285872ea0c55e36d8ad4961d429eb48d3574a0a,not_run
legacy_mosaic_12_period__2024__24576_-371712,olmoearth_v1_base,legacy_timestamps,11f2e1586dab984c454d8d47e4e3fc2e173d52a69e8d8f5d7e260dfe47b5d937,not_run
legacy_mosaic_12_period__2024__24576_-371712,olmoearth_v1_2_base,legacy_timestamps,11f2e1586dab984c454d8d47e4e3fc2e173d52a69e8d8f5d7e260dfe47b5d937,not_run
legacy_mosaic_12_period__2024__24576_-372736,olmoearth_v1_base,legacy_timestamps,bf107dfebd251501d608b8eee19b567ea145b6c257d8c71b1839f86750e0aaa0,not_run
legacy_mosaic_12_period__2024__24576_-372736,olmoearth_v1_2_base,legacy_timestamps,bf107dfebd251501d608b8eee19b567ea145b6c257d8c71b1839f86750e0aaa0,not_run
legacy_mosaic_12_period__2024__25600_-367616,olmoearth_v1_base,legacy_timestamps,e912ce65296ab18a03c99dd3028d3bf916ea2fd12902e4071c699735c7a234f9,not_run
legacy_mosaic_12_period__2024__25600_-367616,olmoearth_v1_2_base,legacy_timestamps,e912ce65296ab18a03c99dd3028d3bf916ea2fd12902e4071c699735c7a234f9,not_run
legacy_mosaic_12_period__2024__25600_-368640,olmoearth_v1_base,legacy_timestamps,2c6938d755c4f75730e642dbf04c0dcb86551420382dfb931cebb40fd96d0d71,not_run
legacy_mosaic_12_period__2024__25600_-368640,olmoearth_v1_2_base,legacy_timestamps,2c6938d755c4f75730e642dbf04c0dcb86551420382dfb931cebb40fd96d0d71,not_run
legacy_mosaic_12_period__2024__25600_-369664,olmoearth_v1_base,legacy_timestamps,7c1c2e11ec57e588eb4a5f8987b3d6e048b436c3eda880e3ae55cc4b12c40d0a,not_run
legacy_mosaic_12_period__2024__25600_-369664,olmoearth_v1_2_base,legacy_timestamps,7c1c2e11ec57e588eb4a5f8987b3d6e048b436c3eda880e3ae55cc4b12c40d0a,not_run
legacy_mosaic_12_period__2024__25600_-370688,olmoearth_v1_base,legacy_timestamps,50ee2c6147ed278f90d61979734a83edc18857da7e212cccdff89cd1a6b87702,not_run
legacy_mosaic_12_period__2024__25600_-370688,olmoearth_v1_2_base,legacy_timestamps,50ee2c6147ed278f90d61979734a83edc18857da7e212cccdff89cd1a6b87702,not_run
legacy_mosaic_12_period__2024__25600_-371712,olmoearth_v1_base,legacy_timestamps,513736e131b6236359c690775f2cd5dbf23020bad2d619a8150fcb12fc6ad540,not_run
legacy_mosaic_12_period__2024__25600_-371712,olmoearth_v1_2_base,legacy_timestamps,513736e131b6236359c690775f2cd5dbf23020bad2d619a8150fcb12fc6ad540,not_run
legacy_mosaic_12_period__2024__25600_-372736,olmoearth_v1_base,legacy_timestamps,02df0630622677a7f93d4758710eab8ef3db0700612bbdf6a40bb6d23ed257b3,not_run
legacy_mosaic_12_period__2024__25600_-372736,olmoearth_v1_2_base,legacy_timestamps,02df0630622677a7f93d4758710eab8ef3db0700612bbdf6a40bb6d23ed257b3,not_run
legacy_mosaic_12_period__2024__26624_-367616,olmoearth_v1_base,legacy_timestamps,e04334ccbbdb57b70b89b06ca43994c3972340bd075f1eb8636fe069ef561e75,not_run
legacy_mosaic_12_period__2024__26624_-367616,olmoearth_v1_2_base,legacy_timestamps,e04334ccbbdb57b70b89b06ca43994c3972340bd075f1eb8636fe069ef561e75,not_run
legacy_mosaic_12_period__2024__26624_-368640,olmoearth_v1_base,legacy_timestamps,ba45c127a972fb1b9c068b84d1ce6d31ac8c2352b22769065499edba779218a5,not_run
legacy_mosaic_12_period__2024__26624_-368640,olmoearth_v1_2_base,legacy_timestamps,ba45c127a972fb1b9c068b84d1ce6d31ac8c2352b22769065499edba779218a5,not_run
legacy_mosaic_12_period__2024__26624_-369664,olmoearth_v1_base,legacy_timestamps,d22421caf8f81c3913183087cd2ab90395ba38d2795ab91d9c330602ada2f099,not_run
legacy_mosaic_12_period__2024__26624_-369664,olmoearth_v1_2_base,legacy_timestamps,d22421caf8f81c3913183087cd2ab90395ba38d2795ab91d9c330602ada2f099,not_run
legacy_mosaic_12_period__2024__26624_-370688,olmoearth_v1_base,legacy_timestamps,373b0050652dc738bda7ef45bfe372cdf209f824063eb6764e5824a09d2fbb04,not_run
legacy_mosaic_12_period__2024__26624_-370688,olmoearth_v1_2_base,legacy_timestamps,373b0050652dc738bda7ef45bfe372cdf209f824063eb6764e5824a09d2fbb04,not_run
legacy_mosaic_12_period__2024__26624_-371712,olmoearth_v1_base,legacy_timestamps,9d9f60ae875850a813d34588ea09d0d8645c8296b501fe5eb35130d09cdf6f48,not_run
legacy_mosaic_12_period__2024__26624_-371712,olmoearth_v1_2_base,legacy_timestamps,9d9f60ae875850a813d34588ea09d0d8645c8296b501fe5eb35130d09cdf6f48,not_run
legacy_mosaic_12_period__2024__26624_-372736,olmoearth_v1_base,legacy_timestamps,1beeeb65877e7c3957903c2b0ea7b0353e3b4e1789c00cc3fb61130fb0db8837,not_run
legacy_mosaic_12_period__2024__26624_-372736,olmoearth_v1_2_base,legacy_timestamps,1beeeb65877e7c3957903c2b0ea7b0353e3b4e1789c00cc3fb61130fb0db8837,not_run
legacy_mosaic_12_period__2024__27648_-367616,olmoearth_v1_base,legacy_timestamps,27af51654171b49691b12e4d805c9f62e795bffe7fa3eef84d710f8ad4ff9bbf,not_run
legacy_mosaic_12_period__2024__27648_-367616,olmoearth_v1_2_base,legacy_timestamps,27af51654171b49691b12e4d805c9f62e795bffe7fa3eef84d710f8ad4ff9bbf,not_run
legacy_mosaic_12_period__2024__27648_-368640,olmoearth_v1_base,legacy_timestamps,2ff4ebd2a5b8acccc4db4e51b3e4f7ed9995937ebd303faf73f9ddc354a4e8a2,not_run
legacy_mosaic_12_period__2024__27648_-368640,olmoearth_v1_2_base,legacy_timestamps,2ff4ebd2a5b8acccc4db4e51b3e4f7ed9995937ebd303faf73f9ddc354a4e8a2,not_run
legacy_mosaic_12_period__2024__27648_-369664,olmoearth_v1_base,legacy_timestamps,3e675aec3905c2f552d5d97d19a2a684e05ea108ae3970eb7e40977f31806f28,not_run
legacy_mosaic_12_period__2024__27648_-369664,olmoearth_v1_2_base,legacy_timestamps,3e675aec3905c2f552d5d97d19a2a684e05ea108ae3970eb7e40977f31806f28,not_run
legacy_mosaic_12_period__2024__27648_-370688,olmoearth_v1_base,legacy_timestamps,919a6c20c839f85920faccc6a700ec158ecb73f9ad86ce80f1c404ba5acd5c22,not_run
legacy_mosaic_12_period__2024__27648_-370688,olmoearth_v1_2_base,legacy_timestamps,919a6c20c839f85920faccc6a700ec158ecb73f9ad86ce80f1c404ba5acd5c22,not_run
legacy_mosaic_12_period__2024__27648_-371712,olmoearth_v1_base,legacy_timestamps,81ed546f5997dc84358074b53c73b67b8ae15f5bb5f9a2cf09e21ab0ffd1e68d,not_run
legacy_mosaic_12_period__2024__27648_-371712,olmoearth_v1_2_base,legacy_timestamps,81ed546f5997dc84358074b53c73b67b8ae15f5bb5f9a2cf09e21ab0ffd1e68d,not_run
legacy_mosaic_12_period__2024__27648_-372736,olmoearth_v1_base,legacy_timestamps,3e7b5c370cd9dcf68286fb36ac0d74f0583e1da659052eff394ac44dad142f13,not_run
legacy_mosaic_12_period__2024__27648_-372736,olmoearth_v1_2_base,legacy_timestamps,3e7b5c370cd9dcf68286fb36ac0d74f0583e1da659052eff394ac44dad142f13,not_run
legacy_mosaic_12_period__2024__28672_-367616,olmoearth_v1_base,legacy_timestamps,c1fc12ebc1684f00a1a1eb4fa55d6eab466f8f81efd1622bc7c18aa9e8721028,not_run
legacy_mosaic_12_period__2024__28672_-367616,olmoearth_v1_2_base,legacy_timestamps,c1fc12ebc1684f00a1a1eb4fa55d6eab466f8f81efd1622bc7c18aa9e8721028,not_run
legacy_mosaic_12_period__2024__28672_-368640,olmoearth_v1_base,legacy_timestamps,80b7b2042f40ae11fdcd44a8ce033c5d953be1e58f959f17911d814dde3f83fe,not_run
legacy_mosaic_12_period__2024__28672_-368640,olmoearth_v1_2_base,legacy_timestamps,80b7b2042f40ae11fdcd44a8ce033c5d953be1e58f959f17911d814dde3f83fe,not_run
legacy_mosaic_12_period__2024__28672_-369664,olmoearth_v1_base,legacy_timestamps,17f03cd593c1cf83f58ff23ff981d2c5a830394a75ecf1348b709c47e6d4429c,not_run
legacy_mosaic_12_period__2024__28672_-369664,olmoearth_v1_2_base,legacy_timestamps,17f03cd593c1cf83f58ff23ff981d2c5a830394a75ecf1348b709c47e6d4429c,not_run
legacy_mosaic_12_period__2024__28672_-370688,olmoearth_v1_base,legacy_timestamps,05b94203475653ea54ea4698cae3b002dcbf9ee9fc3d3581e8c4ab69f8c335b6,not_run
legacy_mosaic_12_period__2024__28672_-370688,olmoearth_v1_2_base,legacy_timestamps,05b94203475653ea54ea4698cae3b002dcbf9ee9fc3d3581e8c4ab69f8c335b6,not_run
legacy_mosaic_12_period__2024__28672_-371712,olmoearth_v1_base,legacy_timestamps,2013b2a3d2877de882370f18135b788fb971d275b3322724047ac06efd6dd226,not_run
legacy_mosaic_12_period__2024__28672_-371712,olmoearth_v1_2_base,legacy_timestamps,2013b2a3d2877de882370f18135b788fb971d275b3322724047ac06efd6dd226,not_run
legacy_mosaic_12_period__2024__28672_-372736,olmoearth_v1_base,legacy_timestamps,1ee553947e6aea8db46887afad1456b820251368dd06e423712f36cf86c65c92,not_run
legacy_mosaic_12_period__2024__28672_-372736,olmoearth_v1_2_base,legacy_timestamps,1ee553947e6aea8db46887afad1456b820251368dd06e423712f36cf86c65c92,not_run
legacy_mosaic_12_period__2024__29696_-367616,olmoearth_v1_base,legacy_timestamps,5348990cb72fb94a05654509f579286ba5fff0ad1af2d188c5cb7e1a43126920,not_run
legacy_mosaic_12_period__2024__29696_-367616,olmoearth_v1_2_base,legacy_timestamps,5348990cb72fb94a05654509f579286ba5fff0ad1af2d188c5cb7e1a43126920,not_run
legacy_mosaic_12_period__2024__29696_-368640,olmoearth_v1_base,legacy_timestamps,d1785afd03e9e687a6f003cbb506f324a2b21d819de6f571e44a90fe32ce16c2,not_run
legacy_mosaic_12_period__2024__29696_-368640,olmoearth_v1_2_base,legacy_timestamps,d1785afd03e9e687a6f003cbb506f324a2b21d819de6f571e44a90fe32ce16c2,not_run
legacy_mosaic_12_period__2024__29696_-369664,olmoearth_v1_base,legacy_timestamps,6f29447c5aac9bf301276b2305c3498032d287571dce8ad5a04deb6e76940f80,not_run
legacy_mosaic_12_period__2024__29696_-369664,olmoearth_v1_2_base,legacy_timestamps,6f29447c5aac9bf301276b2305c3498032d287571dce8ad5a04deb6e76940f80,not_run
legacy_mosaic_12_period__2024__29696_-370688,olmoearth_v1_base,legacy_timestamps,19f50c710ab2ba349d7aa7485266221fe87e3f0e87008c917184a26fd961e704,not_run
legacy_mosaic_12_period__2024__29696_-370688,olmoearth_v1_2_base,legacy_timestamps,19f50c710ab2ba349d7aa7485266221fe87e3f0e87008c917184a26fd961e704,not_run
legacy_mosaic_12_period__2024__29696_-371712,olmoearth_v1_base,legacy_timestamps,f58cdbbb4a6874aaaa7987b58050babee9d8cd18b1dd98c19665dd548ed7e1cc,not_run
legacy_mosaic_12_period__2024__29696_-371712,olmoearth_v1_2_base,legacy_timestamps,f58cdbbb4a6874aaaa7987b58050babee9d8cd18b1dd98c19665dd548ed7e1cc,not_run
legacy_mosaic_12_period__2024__29696_-372736,olmoearth_v1_base,legacy_timestamps,84c09fac42d76531e56912e36633fa2bd5395973bd34dcf1d4563551bf911279,not_run
legacy_mosaic_12_period__2024__29696_-372736,olmoearth_v1_2_base,legacy_timestamps,84c09fac42d76531e56912e36633fa2bd5395973bd34dcf1d4563551bf911279,not_run
legacy_mosaic_12_period__2024__30720_-367616,olmoearth_v1_base,legacy_timestamps,e8899a7ec5db99d1af730d71bec7ac34f9afdb741ea030215b5f62e9710e4b6c,not_run
legacy_mosaic_12_period__2024__30720_-367616,olmoearth_v1_2_base,legacy_timestamps,e8899a7ec5db99d1af730d71bec7ac34f9afdb741ea030215b5f62e9710e4b6c,not_run
legacy_mosaic_12_period__2024__30720_-368640,olmoearth_v1_base,legacy_timestamps,3bdb9bddbb946ec645387571057eca8c21bfd77fb71ae81e40658ceb6a397c4f,not_run
legacy_mosaic_12_period__2024__30720_-368640,olmoearth_v1_2_base,legacy_timestamps,3bdb9bddbb946ec645387571057eca8c21bfd77fb71ae81e40658ceb6a397c4f,not_run
legacy_mosaic_12_period__2024__30720_-369664,olmoearth_v1_base,legacy_timestamps,8862b91ebf4045580ada2d1a112885d7857b05e1ec1f8a1ffba81f0d1b82733f,not_run
legacy_mosaic_12_period__2024__30720_-369664,olmoearth_v1_2_base,legacy_timestamps,8862b91ebf4045580ada2d1a112885d7857b05e1ec1f8a1ffba81f0d1b82733f,not_run
legacy_mosaic_12_period__2024__30720_-370688,olmoearth_v1_base,legacy_timestamps,22f5ce76b0ecdac07f8989896f3781fd33777f148654fdaa15becdf44407c94d,not_run
legacy_mosaic_12_period__2024__30720_-370688,olmoearth_v1_2_base,legacy_timestamps,22f5ce76b0ecdac07f8989896f3781fd33777f148654fdaa15becdf44407c94d,not_run
legacy_mosaic_12_period__2024__30720_-371712,olmoearth_v1_base,legacy_timestamps,4b5fd4102402f55347a2be5e2074be81142668b362079064cddc7f1a1f90ba12,not_run
legacy_mosaic_12_period__2024__30720_-371712,olmoearth_v1_2_base,legacy_timestamps,4b5fd4102402f55347a2be5e2074be81142668b362079064cddc7f1a1f90ba12,not_run
legacy_mosaic_12_period__2024__30720_-372736,olmoearth_v1_base,legacy_timestamps,06357ab23538c8016951fe5784022ef57e1324001486db448c3a5184cf746de8,not_run
legacy_mosaic_12_period__2024__30720_-372736,olmoearth_v1_2_base,legacy_timestamps,06357ab23538c8016951fe5784022ef57e1324001486db448c3a5184cf746de8,not_run
legacy_mosaic_12_period__2025__22528_-367616,olmoearth_v1_base,legacy_timestamps,69898a9b27cbc31ddd6a30a1268ee9a2185e690533b626054a52368c186bf926,not_run
legacy_mosaic_12_period__2025__22528_-367616,olmoearth_v1_2_base,legacy_timestamps,69898a9b27cbc31ddd6a30a1268ee9a2185e690533b626054a52368c186bf926,not_run
legacy_mosaic_12_period__2025__22528_-368640,olmoearth_v1_base,legacy_timestamps,46ce35152821a9f9cba9f3b81b1b714aff83bea2863ebfc88de8fbad0e6c03a8,not_run
legacy_mosaic_12_period__2025__22528_-368640,olmoearth_v1_2_base,legacy_timestamps,46ce35152821a9f9cba9f3b81b1b714aff83bea2863ebfc88de8fbad0e6c03a8,not_run
legacy_mosaic_12_period__2025__22528_-369664,olmoearth_v1_base,legacy_timestamps,37509a52e1f46c4a86a7c59586ba8c7617b73753301fdad1a414186f8f654b95,not_run
legacy_mosaic_12_period__2025__22528_-369664,olmoearth_v1_2_base,legacy_timestamps,37509a52e1f46c4a86a7c59586ba8c7617b73753301fdad1a414186f8f654b95,not_run
legacy_mosaic_12_period__2025__22528_-370688,olmoearth_v1_base,legacy_timestamps,42c15d77cdb002aa9d54a4f9bc78a585e052a2e8e61e063c41236c244c79c2ed,not_run
legacy_mosaic_12_period__2025__22528_-370688,olmoearth_v1_2_base,legacy_timestamps,42c15d77cdb002aa9d54a4f9bc78a585e052a2e8e61e063c41236c244c79c2ed,not_run
legacy_mosaic_12_period__2025__22528_-371712,olmoearth_v1_base,legacy_timestamps,ac4e2ee6017bd41fb0996662475020df1d168a02c8dee4b18461229478b5607e,not_run
legacy_mosaic_12_period__2025__22528_-371712,olmoearth_v1_2_base,legacy_timestamps,ac4e2ee6017bd41fb0996662475020df1d168a02c8dee4b18461229478b5607e,not_run
legacy_mosaic_12_period__2025__22528_-372736,olmoearth_v1_base,legacy_timestamps,9e54210f6b76bceb06e30d81433062653fb848e77e06cc495a55f339230564af,not_run
legacy_mosaic_12_period__2025__22528_-372736,olmoearth_v1_2_base,legacy_timestamps,9e54210f6b76bceb06e30d81433062653fb848e77e06cc495a55f339230564af,not_run
legacy_mosaic_12_period__2025__23552_-367616,olmoearth_v1_base,legacy_timestamps,47643b6af35be9b0f846a5e7f370d89fb97c3a404c1b59e4c90d29a585ee0052,not_run
legacy_mosaic_12_period__2025__23552_-367616,olmoearth_v1_2_base,legacy_timestamps,47643b6af35be9b0f846a5e7f370d89fb97c3a404c1b59e4c90d29a585ee0052,not_run
legacy_mosaic_12_period__2025__23552_-368640,olmoearth_v1_base,legacy_timestamps,688a9e0dc82d930ebb6d18993ab5c9dc16138fa957213f68335654657a1b4376,not_run
legacy_mosaic_12_period__2025__23552_-368640,olmoearth_v1_2_base,legacy_timestamps,688a9e0dc82d930ebb6d18993ab5c9dc16138fa957213f68335654657a1b4376,not_run
legacy_mosaic_12_period__2025__23552_-369664,olmoearth_v1_base,legacy_timestamps,6d223910d5cf71f8ca480259073879110be123800171062b8c012ebbfae22b0f,not_run
legacy_mosaic_12_period__2025__23552_-369664,olmoearth_v1_2_base,legacy_timestamps,6d223910d5cf71f8ca480259073879110be123800171062b8c012ebbfae22b0f,not_run
legacy_mosaic_12_period__2025__23552_-370688,olmoearth_v1_base,legacy_timestamps,277ae53185cdaf1230d1742acfc1960f347974b3f6aa7686cde58b8fd24fcb6c,not_run
legacy_mosaic_12_period__2025__23552_-370688,olmoearth_v1_2_base,legacy_timestamps,277ae53185cdaf1230d1742acfc1960f347974b3f6aa7686cde58b8fd24fcb6c,not_run
legacy_mosaic_12_period__2025__23552_-371712,olmoearth_v1_base,legacy_timestamps,c2191030f53578febc85f2c30706ddb4e193974ca8aa561fb1d068943e1fb736,not_run
legacy_mosaic_12_period__2025__23552_-371712,olmoearth_v1_2_base,legacy_timestamps,c2191030f53578febc85f2c30706ddb4e193974ca8aa561fb1d068943e1fb736,not_run
legacy_mosaic_12_period__2025__23552_-372736,olmoearth_v1_base,legacy_timestamps,57a3e6b3cc134cd11f05568927664d0b6d27f644f22aff267dd35956465e64f6,not_run
legacy_mosaic_12_period__2025__23552_-372736,olmoearth_v1_2_base,legacy_timestamps,57a3e6b3cc134cd11f05568927664d0b6d27f644f22aff267dd35956465e64f6,not_run
legacy_mosaic_12_period__2025__24576_-367616,olmoearth_v1_base,legacy_timestamps,cef4c296f8aed6774ceab7f0b80a69f00234b606cc5ff10661edf357105995d6,not_run
legacy_mosaic_12_period__2025__24576_-367616,olmoearth_v1_2_base,legacy_timestamps,cef4c296f8aed6774ceab7f0b80a69f00234b606cc5ff10661edf357105995d6,not_run
legacy_mosaic_12_period__2025__24576_-368640,olmoearth_v1_base,legacy_timestamps,15f04411ca70cec36b0473078213c3a1478857dee8e380ed9b007f89c53396dc,not_run
legacy_mosaic_12_period__2025__24576_-368640,olmoearth_v1_2_base,legacy_timestamps,15f04411ca70cec36b0473078213c3a1478857dee8e380ed9b007f89c53396dc,not_run
legacy_mosaic_12_period__2025__24576_-369664,olmoearth_v1_base,legacy_timestamps,a21c08d85b378f7c326e70b61f90620cb416e58909ba17849f1355f9fcec033d,not_run
legacy_mosaic_12_period__2025__24576_-369664,olmoearth_v1_2_base,legacy_timestamps,a21c08d85b378f7c326e70b61f90620cb416e58909ba17849f1355f9fcec033d,not_run
legacy_mosaic_12_period__2025__24576_-370688,olmoearth_v1_base,legacy_timestamps,ad7043ee05b44970d21b7fa58c58831007eeeec8b102bc5484209839557632c8,not_run
legacy_mosaic_12_period__2025__24576_-370688,olmoearth_v1_2_base,legacy_timestamps,ad7043ee05b44970d21b7fa58c58831007eeeec8b102bc5484209839557632c8,not_run
legacy_mosaic_12_period__2025__24576_-371712,olmoearth_v1_base,legacy_timestamps,42aa36fda4ab0fabad8dab25f13ca49a38e32d96b500701cc619e1752676ea97,not_run
legacy_mosaic_12_period__2025__24576_-371712,olmoearth_v1_2_base,legacy_timestamps,42aa36fda4ab0fabad8dab25f13ca49a38e32d96b500701cc619e1752676ea97,not_run
legacy_mosaic_12_period__2025__24576_-372736,olmoearth_v1_base,legacy_timestamps,aeddf4fb920adaae4aab39affe9b93f77caa7d74aefd2464b7ebe35b5d071e50,not_run
legacy_mosaic_12_period__2025__24576_-372736,olmoearth_v1_2_base,legacy_timestamps,aeddf4fb920adaae4aab39affe9b93f77caa7d74aefd2464b7ebe35b5d071e50,not_run
legacy_mosaic_12_period__2025__25600_-367616,olmoearth_v1_base,legacy_timestamps,4373c3aa7beec9f69941c7d0ca23310c1f50931318ed9187956721e288bef745,not_run
legacy_mosaic_12_period__2025__25600_-367616,olmoearth_v1_2_base,legacy_timestamps,4373c3aa7beec9f69941c7d0ca23310c1f50931318ed9187956721e288bef745,not_run
legacy_mosaic_12_period__2025__25600_-368640,olmoearth_v1_base,legacy_timestamps,f9043a8fc185fd32b69f2312cc2770d8cf93ec92cb2e35fa033c8c641cb51d5e,not_run
legacy_mosaic_12_period__2025__25600_-368640,olmoearth_v1_2_base,legacy_timestamps,f9043a8fc185fd32b69f2312cc2770d8cf93ec92cb2e35fa033c8c641cb51d5e,not_run
legacy_mosaic_12_period__2025__25600_-369664,olmoearth_v1_base,legacy_timestamps,8a6e8b06ce116bedee3fd6ef73aa6ec95e77bc66dcc90b06ae1113c3eed73336,not_run
legacy_mosaic_12_period__2025__25600_-369664,olmoearth_v1_2_base,legacy_timestamps,8a6e8b06ce116bedee3fd6ef73aa6ec95e77bc66dcc90b06ae1113c3eed73336,not_run
legacy_mosaic_12_period__2025__25600_-370688,olmoearth_v1_base,legacy_timestamps,da71e6bc9a5cecd1de89f298b48271c082a4d5eba923125b9b9cbff25d73b922,not_run
legacy_mosaic_12_period__2025__25600_-370688,olmoearth_v1_2_base,legacy_timestamps,da71e6bc9a5cecd1de89f298b48271c082a4d5eba923125b9b9cbff25d73b922,not_run
legacy_mosaic_12_period__2025__25600_-371712,olmoearth_v1_base,legacy_timestamps,14613c6ead5d96a48c318b18971e346403624250aa3429fc2d902f8f8b136927,not_run
legacy_mosaic_12_period__2025__25600_-371712,olmoearth_v1_2_base,legacy_timestamps,14613c6ead5d96a48c318b18971e346403624250aa3429fc2d902f8f8b136927,not_run
legacy_mosaic_12_period__2025__25600_-372736,olmoearth_v1_base,legacy_timestamps,4132ad8c2607adf6034032ded5f66c8b3bd89106746d0551c221f7c3c1e215c5,not_run
legacy_mosaic_12_period__2025__25600_-372736,olmoearth_v1_2_base,legacy_timestamps,4132ad8c2607adf6034032ded5f66c8b3bd89106746d0551c221f7c3c1e215c5,not_run
legacy_mosaic_12_period__2025__26624_-367616,olmoearth_v1_base,legacy_timestamps,5c80ac940b0eadf4a976a6c99c69eac3bfd832ef1f865c7c74d7b1f3fce24299,not_run
legacy_mosaic_12_period__2025__26624_-367616,olmoearth_v1_2_base,legacy_timestamps,5c80ac940b0eadf4a976a6c99c69eac3bfd832ef1f865c7c74d7b1f3fce24299,not_run
legacy_mosaic_12_period__2025__26624_-368640,olmoearth_v1_base,legacy_timestamps,7889cfd2e8b533346fa458561eac65a86db4e37cf2dbeb019a6cfae5520321ee,not_run
legacy_mosaic_12_period__2025__26624_-368640,olmoearth_v1_2_base,legacy_timestamps,7889cfd2e8b533346fa458561eac65a86db4e37cf2dbeb019a6cfae5520321ee,not_run
legacy_mosaic_12_period__2025__26624_-369664,olmoearth_v1_base,legacy_timestamps,1f6576e3b375d5e7bf0b10044d938d983c5bc06f540a43e9c941d921ed331cdf,not_run
legacy_mosaic_12_period__2025__26624_-369664,olmoearth_v1_2_base,legacy_timestamps,1f6576e3b375d5e7bf0b10044d938d983c5bc06f540a43e9c941d921ed331cdf,not_run
legacy_mosaic_12_period__2025__26624_-370688,olmoearth_v1_base,legacy_timestamps,86c21452ca1ec9b78bc77805c525ab2345188592c2c81ada1f9c1ccfdeadf71b,not_run
legacy_mosaic_12_period__2025__26624_-370688,olmoearth_v1_2_base,legacy_timestamps,86c21452ca1ec9b78bc77805c525ab2345188592c2c81ada1f9c1ccfdeadf71b,not_run
legacy_mosaic_12_period__2025__26624_-371712,olmoearth_v1_base,legacy_timestamps,800ece6683b8206cd58067fab4f88e15a2504fda8f2d70304512439ce27c987a,not_run
legacy_mosaic_12_period__2025__26624_-371712,olmoearth_v1_2_base,legacy_timestamps,800ece6683b8206cd58067fab4f88e15a2504fda8f2d70304512439ce27c987a,not_run
legacy_mosaic_12_period__2025__26624_-372736,olmoearth_v1_base,legacy_timestamps,bcaca8c7c9805843a9c399c7418be21bff308b82f0b1bbaa4f9e631e8b7702cb,not_run
legacy_mosaic_12_period__2025__26624_-372736,olmoearth_v1_2_base,legacy_timestamps,bcaca8c7c9805843a9c399c7418be21bff308b82f0b1bbaa4f9e631e8b7702cb,not_run
legacy_mosaic_12_period__2025__27648_-367616,olmoearth_v1_base,legacy_timestamps,ad11af2372a7f35e84fa48c02d35b59e979c3f44535313594cad70d61716c018,not_run
legacy_mosaic_12_period__2025__27648_-367616,olmoearth_v1_2_base,legacy_timestamps,ad11af2372a7f35e84fa48c02d35b59e979c3f44535313594cad70d61716c018,not_run
legacy_mosaic_12_period__2025__27648_-368640,olmoearth_v1_base,legacy_timestamps,ed0a3bf4ac057a9b8ab0239456579d3a5c7e1a4bb123a9f6739de65de1d1aa35,not_run
legacy_mosaic_12_period__2025__27648_-368640,olmoearth_v1_2_base,legacy_timestamps,ed0a3bf4ac057a9b8ab0239456579d3a5c7e1a4bb123a9f6739de65de1d1aa35,not_run
legacy_mosaic_12_period__2025__27648_-369664,olmoearth_v1_base,legacy_timestamps,297c58fc10cf0890861b0b2ae26c1157f30a9bf0bad3a790038c0c306dddf14f,not_run
legacy_mosaic_12_period__2025__27648_-369664,olmoearth_v1_2_base,legacy_timestamps,297c58fc10cf0890861b0b2ae26c1157f30a9bf0bad3a790038c0c306dddf14f,not_run
legacy_mosaic_12_period__2025__27648_-370688,olmoearth_v1_base,legacy_timestamps,ba4387a98b9c3114b89b0d6dd9c6295fa069196469bcedb4450348828d8b6358,not_run
legacy_mosaic_12_period__2025__27648_-370688,olmoearth_v1_2_base,legacy_timestamps,ba4387a98b9c3114b89b0d6dd9c6295fa069196469bcedb4450348828d8b6358,not_run
legacy_mosaic_12_period__2025__27648_-371712,olmoearth_v1_base,legacy_timestamps,9ce4aea9da2fd9378188fd2b6d4bfb10f98df6f9c2bf45ca48006240d3d64cb5,not_run
legacy_mosaic_12_period__2025__27648_-371712,olmoearth_v1_2_base,legacy_timestamps,9ce4aea9da2fd9378188fd2b6d4bfb10f98df6f9c2bf45ca48006240d3d64cb5,not_run
legacy_mosaic_12_period__2025__27648_-372736,olmoearth_v1_base,legacy_timestamps,7b43292171ee8086482447d24e1fe335f4bdbfbf4b64371ba1bf65eff1da4e65,not_run
legacy_mosaic_12_period__2025__27648_-372736,olmoearth_v1_2_base,legacy_timestamps,7b43292171ee8086482447d24e1fe335f4bdbfbf4b64371ba1bf65eff1da4e65,not_run
legacy_mosaic_12_period__2025__28672_-367616,olmoearth_v1_base,legacy_timestamps,ea75c29e54e439c980927b7403a87fd3aa3488c9a2bfeab5d16d8a79950bdd1c,not_run
legacy_mosaic_12_period__2025__28672_-367616,olmoearth_v1_2_base,legacy_timestamps,ea75c29e54e439c980927b7403a87fd3aa3488c9a2bfeab5d16d8a79950bdd1c,not_run
legacy_mosaic_12_period__2025__28672_-368640,olmoearth_v1_base,legacy_timestamps,c828f834c51991b69d3608f353e6cdfe04a27c7ebc5f15f5ecf83665b7aa7017,not_run
legacy_mosaic_12_period__2025__28672_-368640,olmoearth_v1_2_base,legacy_timestamps,c828f834c51991b69d3608f353e6cdfe04a27c7ebc5f15f5ecf83665b7aa7017,not_run
legacy_mosaic_12_period__2025__28672_-369664,olmoearth_v1_base,legacy_timestamps,9e1fde9370e0aa892f51f99250a1f135ab13a7f62916019f7f3a594b1a4bd48a,not_run
legacy_mosaic_12_period__2025__28672_-369664,olmoearth_v1_2_base,legacy_timestamps,9e1fde9370e0aa892f51f99250a1f135ab13a7f62916019f7f3a594b1a4bd48a,not_run
legacy_mosaic_12_period__2025__28672_-370688,olmoearth_v1_base,legacy_timestamps,6ad30fecb501384df612918add21a1b29822c6b75c773bdc0730c01deb46b75b,not_run
legacy_mosaic_12_period__2025__28672_-370688,olmoearth_v1_2_base,legacy_timestamps,6ad30fecb501384df612918add21a1b29822c6b75c773bdc0730c01deb46b75b,not_run
legacy_mosaic_12_period__2025__28672_-371712,olmoearth_v1_base,legacy_timestamps,3dd8ab7e25e78e3e2d3d9cdc48bdd2e650cec18d21e4746715841d149ca19767,not_run
legacy_mosaic_12_period__2025__28672_-371712,olmoearth_v1_2_base,legacy_timestamps,3dd8ab7e25e78e3e2d3d9cdc48bdd2e650cec18d21e4746715841d149ca19767,not_run
legacy_mosaic_12_period__2025__28672_-372736,olmoearth_v1_base,legacy_timestamps,bc7d80b6d8f4ea94ae3398792cb00a85e0737583aeaf9b948287a82a80ee1823,not_run
legacy_mosaic_12_period__2025__28672_-372736,olmoearth_v1_2_base,legacy_timestamps,bc7d80b6d8f4ea94ae3398792cb00a85e0737583aeaf9b948287a82a80ee1823,not_run
legacy_mosaic_12_period__2025__29696_-367616,olmoearth_v1_base,legacy_timestamps,3b5d437bf96bd4ef2e17dcfdf9feb8d0451adb4136ffa7233d62cecb03043389,not_run
legacy_mosaic_12_period__2025__29696_-367616,olmoearth_v1_2_base,legacy_timestamps,3b5d437bf96bd4ef2e17dcfdf9feb8d0451adb4136ffa7233d62cecb03043389,not_run
legacy_mosaic_12_period__2025__29696_-368640,olmoearth_v1_base,legacy_timestamps,93b92e357819ed78ffcebab1e96c081d40e44a24c0eb43b0037ad28fc5cfe7bf,not_run
legacy_mosaic_12_period__2025__29696_-368640,olmoearth_v1_2_base,legacy_timestamps,93b92e357819ed78ffcebab1e96c081d40e44a24c0eb43b0037ad28fc5cfe7bf,not_run
legacy_mosaic_12_period__2025__29696_-369664,olmoearth_v1_base,legacy_timestamps,74347af010e797a2a65061a0d6bc8f752c69ddaf67d3259e860617ca116c81dd,not_run
legacy_mosaic_12_period__2025__29696_-369664,olmoearth_v1_2_base,legacy_timestamps,74347af010e797a2a65061a0d6bc8f752c69ddaf67d3259e860617ca116c81dd,not_run
legacy_mosaic_12_period__2025__29696_-370688,olmoearth_v1_base,legacy_timestamps,e6ff6b62278f2217fbcb2b4bfa8c515d242b729d21cf145b7cb760e79ef75db9,not_run
legacy_mosaic_12_period__2025__29696_-370688,olmoearth_v1_2_base,legacy_timestamps,e6ff6b62278f2217fbcb2b4bfa8c515d242b729d21cf145b7cb760e79ef75db9,not_run
legacy_mosaic_12_period__2025__29696_-371712,olmoearth_v1_base,legacy_timestamps,4e730e7c0646988b51e910609a60154c5c5da0a06cd94551f7aebeb010db0042,not_run
legacy_mosaic_12_period__2025__29696_-371712,olmoearth_v1_2_base,legacy_timestamps,4e730e7c0646988b51e910609a60154c5c5da0a06cd94551f7aebeb010db0042,not_run
legacy_mosaic_12_period__2025__29696_-372736,olmoearth_v1_base,legacy_timestamps,6d76d3da6d4de393fc9e44fc81a41102f2b852ca726ced617ba303d3c28dd20e,not_run
legacy_mosaic_12_period__2025__29696_-372736,olmoearth_v1_2_base,legacy_timestamps,6d76d3da6d4de393fc9e44fc81a41102f2b852ca726ced617ba303d3c28dd20e,not_run
legacy_mosaic_12_period__2025__30720_-367616,olmoearth_v1_base,legacy_timestamps,116144e5883ec3c93160f18f2a2d39eeffd367a9d769754ae53e3a63e7aac5db,not_run
legacy_mosaic_12_period__2025__30720_-367616,olmoearth_v1_2_base,legacy_timestamps,116144e5883ec3c93160f18f2a2d39eeffd367a9d769754ae53e3a63e7aac5db,not_run
legacy_mosaic_12_period__2025__30720_-368640,olmoearth_v1_base,legacy_timestamps,bb17fd9010b5b2ea4fb1b561b3617bfbe5e580f4ddc539a49c890ec30eaa0b83,not_run
legacy_mosaic_12_period__2025__30720_-368640,olmoearth_v1_2_base,legacy_timestamps,bb17fd9010b5b2ea4fb1b561b3617bfbe5e580f4ddc539a49c890ec30eaa0b83,not_run
legacy_mosaic_12_period__2025__30720_-369664,olmoearth_v1_base,legacy_timestamps,bd5c5354f1472c8dd05a438d0568ffe03b5f891d0cc2c43789e5e815d3fa37c5,not_run
legacy_mosaic_12_period__2025__30720_-369664,olmoearth_v1_2_base,legacy_timestamps,bd5c5354f1472c8dd05a438d0568ffe03b5f891d0cc2c43789e5e815d3fa37c5,not_run
legacy_mosaic_12_period__2025__30720_-370688,olmoearth_v1_base,legacy_timestamps,4a0ef695d000383aae784d63c6117c29d8a206c776ce6efbe52b9cd623e3e26f,not_run
legacy_mosaic_12_period__2025__30720_-370688,olmoearth_v1_2_base,legacy_timestamps,4a0ef695d000383aae784d63c6117c29d8a206c776ce6efbe52b9cd623e3e26f,not_run
legacy_mosaic_12_period__2025__30720_-371712,olmoearth_v1_base,legacy_timestamps,dd8d1713a1b03879d4913b0435fcfbc35b1f83f5c508ab4cccc139721e8fcee2,not_run
legacy_mosaic_12_period__2025__30720_-371712,olmoearth_v1_2_base,legacy_timestamps,dd8d1713a1b03879d4913b0435fcfbc35b1f83f5c508ab4cccc139721e8fcee2,not_run
legacy_mosaic_12_period__2025__30720_-372736,olmoearth_v1_base,legacy_timestamps,9a214917f48307ec6b7121fec9a7eb6ed842f81215c68000e6406a2078b58d80,not_run
legacy_mosaic_12_period__2025__30720_-372736,olmoearth_v1_2_base,legacy_timestamps,9a214917f48307ec6b7121fec9a7eb6ed842f81215c68000e6406a2078b58d80,not_run
legacy_mosaic_12_period__2026__22528_-367616,olmoearth_v1_base,legacy_timestamps,7ba5550b3cc581a574de93cb703013e6c1d2630e4f32e8ff246e9791b72fc411,not_run
legacy_mosaic_12_period__2026__22528_-367616,olmoearth_v1_2_base,legacy_timestamps,7ba5550b3cc581a574de93cb703013e6c1d2630e4f32e8ff246e9791b72fc411,not_run
legacy_mosaic_12_period__2026__22528_-368640,olmoearth_v1_base,legacy_timestamps,912dc72f618f1f0397df7d192ef77d6d2d773c47ba8959c2a5d0be6bac428b34,not_run
legacy_mosaic_12_period__2026__22528_-368640,olmoearth_v1_2_base,legacy_timestamps,912dc72f618f1f0397df7d192ef77d6d2d773c47ba8959c2a5d0be6bac428b34,not_run
legacy_mosaic_12_period__2026__22528_-369664,olmoearth_v1_base,legacy_timestamps,70bba4f2428da2fa4bb7a31a452a49412fe390c85c82e1acf0140810d1f50cfa,not_run
legacy_mosaic_12_period__2026__22528_-369664,olmoearth_v1_2_base,legacy_timestamps,70bba4f2428da2fa4bb7a31a452a49412fe390c85c82e1acf0140810d1f50cfa,not_run
legacy_mosaic_12_period__2026__22528_-370688,olmoearth_v1_base,legacy_timestamps,4352c5c8e360f2e0719bc7aadec4f2dbfbc0b29c4e311d503aa218f888d11d59,not_run
legacy_mosaic_12_period__2026__22528_-370688,olmoearth_v1_2_base,legacy_timestamps,4352c5c8e360f2e0719bc7aadec4f2dbfbc0b29c4e311d503aa218f888d11d59,not_run
legacy_mosaic_12_period__2026__22528_-371712,olmoearth_v1_base,legacy_timestamps,e14d7874f8b800df097512992fd8bb58ef23ef46280e0699fd622656fd54d30b,not_run
legacy_mosaic_12_period__2026__22528_-371712,olmoearth_v1_2_base,legacy_timestamps,e14d7874f8b800df097512992fd8bb58ef23ef46280e0699fd622656fd54d30b,not_run
legacy_mosaic_12_period__2026__22528_-372736,olmoearth_v1_base,legacy_timestamps,d4142479ff2151aba5e91d7b74ff744cc92452c0376cb8f7f6147357c028b5d8,not_run
legacy_mosaic_12_period__2026__22528_-372736,olmoearth_v1_2_base,legacy_timestamps,d4142479ff2151aba5e91d7b74ff744cc92452c0376cb8f7f6147357c028b5d8,not_run
legacy_mosaic_12_period__2026__23552_-367616,olmoearth_v1_base,legacy_timestamps,441835d89c7df7492c944f1a865e4383706a858e5b16aeee4b870941148fe995,not_run
legacy_mosaic_12_period__2026__23552_-367616,olmoearth_v1_2_base,legacy_timestamps,441835d89c7df7492c944f1a865e4383706a858e5b16aeee4b870941148fe995,not_run
legacy_mosaic_12_period__2026__23552_-368640,olmoearth_v1_base,legacy_timestamps,449dba187564f763bd5d565a0fbfc9e9af5839623060c639a780cab429cebaf7,not_run
legacy_mosaic_12_period__2026__23552_-368640,olmoearth_v1_2_base,legacy_timestamps,449dba187564f763bd5d565a0fbfc9e9af5839623060c639a780cab429cebaf7,not_run
legacy_mosaic_12_period__2026__23552_-369664,olmoearth_v1_base,legacy_timestamps,9b6384099979026512f0fd58f17b8d4b71cb13850d7a2353682280c20caacfd8,not_run
legacy_mosaic_12_period__2026__23552_-369664,olmoearth_v1_2_base,legacy_timestamps,9b6384099979026512f0fd58f17b8d4b71cb13850d7a2353682280c20caacfd8,not_run
legacy_mosaic_12_period__2026__23552_-370688,olmoearth_v1_base,legacy_timestamps,62009504b3e8e86549f8cf8dad7766aec3d2a0c9367874d4f91c278e593f0f5a,not_run
legacy_mosaic_12_period__2026__23552_-370688,olmoearth_v1_2_base,legacy_timestamps,62009504b3e8e86549f8cf8dad7766aec3d2a0c9367874d4f91c278e593f0f5a,not_run
legacy_mosaic_12_period__2026__23552_-371712,olmoearth_v1_base,legacy_timestamps,f1371ec17e5b8f0c3100028bd5f32253616e5841d95edaf4811f427c40e9b229,not_run
legacy_mosaic_12_period__2026__23552_-371712,olmoearth_v1_2_base,legacy_timestamps,f1371ec17e5b8f0c3100028bd5f32253616e5841d95edaf4811f427c40e9b229,not_run
legacy_mosaic_12_period__2026__23552_-372736,olmoearth_v1_base,legacy_timestamps,88469da7e8c0b9a38e804422a44362d672bc64819238d3bf76f7e9284f8cac6e,not_run
legacy_mosaic_12_period__2026__23552_-372736,olmoearth_v1_2_base,legacy_timestamps,88469da7e8c0b9a38e804422a44362d672bc64819238d3bf76f7e9284f8cac6e,not_run
legacy_mosaic_12_period__2026__24576_-367616,olmoearth_v1_base,legacy_timestamps,3ed0be06a14ebddc890152202e6e82d2da7d9050a04d18b3e0bca1fccb6aac0d,not_run
legacy_mosaic_12_period__2026__24576_-367616,olmoearth_v1_2_base,legacy_timestamps,3ed0be06a14ebddc890152202e6e82d2da7d9050a04d18b3e0bca1fccb6aac0d,not_run
legacy_mosaic_12_period__2026__24576_-368640,olmoearth_v1_base,legacy_timestamps,c8fd104a1a5f82b6eb782fd45268cbdc002764efd938c2ecdfb8c2867adc4e32,not_run
legacy_mosaic_12_period__2026__24576_-368640,olmoearth_v1_2_base,legacy_timestamps,c8fd104a1a5f82b6eb782fd45268cbdc002764efd938c2ecdfb8c2867adc4e32,not_run
legacy_mosaic_12_period__2026__24576_-369664,olmoearth_v1_base,legacy_timestamps,c899c09d19b37b0463f8da7261eda0d04f8d4ddb8aade69207208f7b84338402,not_run
legacy_mosaic_12_period__2026__24576_-369664,olmoearth_v1_2_base,legacy_timestamps,c899c09d19b37b0463f8da7261eda0d04f8d4ddb8aade69207208f7b84338402,not_run
legacy_mosaic_12_period__2026__24576_-370688,olmoearth_v1_base,legacy_timestamps,18668bebe9b7cb1f080e8faeb55b9a17e1272a96af0119908c95c4b21a02e513,not_run
legacy_mosaic_12_period__2026__24576_-370688,olmoearth_v1_2_base,legacy_timestamps,18668bebe9b7cb1f080e8faeb55b9a17e1272a96af0119908c95c4b21a02e513,not_run
legacy_mosaic_12_period__2026__24576_-371712,olmoearth_v1_base,legacy_timestamps,b16348cf1622293ce282d8eafeae2a02072efa5fb38b7dce528e44dafb878956,not_run
legacy_mosaic_12_period__2026__24576_-371712,olmoearth_v1_2_base,legacy_timestamps,b16348cf1622293ce282d8eafeae2a02072efa5fb38b7dce528e44dafb878956,not_run
legacy_mosaic_12_period__2026__24576_-372736,olmoearth_v1_base,legacy_timestamps,535e4eea75925e767d9d94ee708ea4de7ded239993e0a9ff942ec16d496892e4,not_run
legacy_mosaic_12_period__2026__24576_-372736,olmoearth_v1_2_base,legacy_timestamps,535e4eea75925e767d9d94ee708ea4de7ded239993e0a9ff942ec16d496892e4,not_run
legacy_mosaic_12_period__2026__25600_-367616,olmoearth_v1_base,legacy_timestamps,51bdc33edb3a1457b03df590952141f4826c7a9d0902de703fe9a3c5592714c3,not_run
legacy_mosaic_12_period__2026__25600_-367616,olmoearth_v1_2_base,legacy_timestamps,51bdc33edb3a1457b03df590952141f4826c7a9d0902de703fe9a3c5592714c3,not_run
legacy_mosaic_12_period__2026__25600_-368640,olmoearth_v1_base,legacy_timestamps,8eb9db0e223ef8442bd070a59545e385c9d0cfef0f5d6423e09ccd5e9c56f35e,not_run
legacy_mosaic_12_period__2026__25600_-368640,olmoearth_v1_2_base,legacy_timestamps,8eb9db0e223ef8442bd070a59545e385c9d0cfef0f5d6423e09ccd5e9c56f35e,not_run
legacy_mosaic_12_period__2026__25600_-369664,olmoearth_v1_base,legacy_timestamps,072679473610fbceef70573aab3b5934d88c47f77fa0a6c869b41e91e8625f6e,not_run
legacy_mosaic_12_period__2026__25600_-369664,olmoearth_v1_2_base,legacy_timestamps,072679473610fbceef70573aab3b5934d88c47f77fa0a6c869b41e91e8625f6e,not_run
legacy_mosaic_12_period__2026__25600_-370688,olmoearth_v1_base,legacy_timestamps,1b9ebaeb9c3152bccc200e71b04cdb04510c4298b9677d2b79056a509ddfee6c,not_run
legacy_mosaic_12_period__2026__25600_-370688,olmoearth_v1_2_base,legacy_timestamps,1b9ebaeb9c3152bccc200e71b04cdb04510c4298b9677d2b79056a509ddfee6c,not_run
legacy_mosaic_12_period__2026__25600_-371712,olmoearth_v1_base,legacy_timestamps,382d604b58ff74cd6b300c3f00b6b8b04382fc97f85432d40ee81fc3b53934c3,not_run
legacy_mosaic_12_period__2026__25600_-371712,olmoearth_v1_2_base,legacy_timestamps,382d604b58ff74cd6b300c3f00b6b8b04382fc97f85432d40ee81fc3b53934c3,not_run
legacy_mosaic_12_period__2026__25600_-372736,olmoearth_v1_base,legacy_timestamps,13ebe5e1569fe4d9b575a72b2e5256601f4b3c0ce1df42f7d76680cd9a9c1f00,not_run
legacy_mosaic_12_period__2026__25600_-372736,olmoearth_v1_2_base,legacy_timestamps,13ebe5e1569fe4d9b575a72b2e5256601f4b3c0ce1df42f7d76680cd9a9c1f00,not_run
legacy_mosaic_12_period__2026__26624_-367616,olmoearth_v1_base,legacy_timestamps,d662bc2c009262df04978e809faaf2727a0c5fc0c9b40a6e843939a7bf2f2097,not_run
legacy_mosaic_12_period__2026__26624_-367616,olmoearth_v1_2_base,legacy_timestamps,d662bc2c009262df04978e809faaf2727a0c5fc0c9b40a6e843939a7bf2f2097,not_run
legacy_mosaic_12_period__2026__26624_-368640,olmoearth_v1_base,legacy_timestamps,f0760e0a48e3a3380419b850b5378d252fdefd506475c301a0fa5fbe8bbc88f7,not_run
legacy_mosaic_12_period__2026__26624_-368640,olmoearth_v1_2_base,legacy_timestamps,f0760e0a48e3a3380419b850b5378d252fdefd506475c301a0fa5fbe8bbc88f7,not_run
legacy_mosaic_12_period__2026__26624_-369664,olmoearth_v1_base,legacy_timestamps,a15b7b54ed2e7663cbc95b8d7210266916200ae29747dc9b9dfa1b73e17512a0,not_run
legacy_mosaic_12_period__2026__26624_-369664,olmoearth_v1_2_base,legacy_timestamps,a15b7b54ed2e7663cbc95b8d7210266916200ae29747dc9b9dfa1b73e17512a0,not_run
legacy_mosaic_12_period__2026__26624_-370688,olmoearth_v1_base,legacy_timestamps,298cfa2063e8985196b349a44ac75b68f24afc34c112d16f020d3b358e8159a4,not_run
legacy_mosaic_12_period__2026__26624_-370688,olmoearth_v1_2_base,legacy_timestamps,298cfa2063e8985196b349a44ac75b68f24afc34c112d16f020d3b358e8159a4,not_run
legacy_mosaic_12_period__2026__26624_-371712,olmoearth_v1_base,legacy_timestamps,ddd2ea59dbc7dfacd6816995d568ccf46f292a4472b4d9d898e6a3a4ddbe3766,not_run
legacy_mosaic_12_period__2026__26624_-371712,olmoearth_v1_2_base,legacy_timestamps,ddd2ea59dbc7dfacd6816995d568ccf46f292a4472b4d9d898e6a3a4ddbe3766,not_run
legacy_mosaic_12_period__2026__26624_-372736,olmoearth_v1_base,legacy_timestamps,3c409f86cdb2209bfc7fd3dcca64d2a420bfb2e6be737510c8db01b14c0e534c,not_run
legacy_mosaic_12_period__2026__26624_-372736,olmoearth_v1_2_base,legacy_timestamps,3c409f86cdb2209bfc7fd3dcca64d2a420bfb2e6be737510c8db01b14c0e534c,not_run
legacy_mosaic_12_period__2026__27648_-367616,olmoearth_v1_base,legacy_timestamps,bf152d265420400545dbf1ea6295c8d4cdd5e5c653cfcb63bdf8e090ea429723,not_run
legacy_mosaic_12_period__2026__27648_-367616,olmoearth_v1_2_base,legacy_timestamps,bf152d265420400545dbf1ea6295c8d4cdd5e5c653cfcb63bdf8e090ea429723,not_run
legacy_mosaic_12_period__2026__27648_-368640,olmoearth_v1_base,legacy_timestamps,6dcf468ae9480a6c353cf9c47053e922b585f0da07108bf280e3c6bdbc06876a,not_run
legacy_mosaic_12_period__2026__27648_-368640,olmoearth_v1_2_base,legacy_timestamps,6dcf468ae9480a6c353cf9c47053e922b585f0da07108bf280e3c6bdbc06876a,not_run
legacy_mosaic_12_period__2026__27648_-369664,olmoearth_v1_base,legacy_timestamps,a8990ea7792efd1d3dd380081ff3553800f528644052bb5765031b3885c266e1,not_run
legacy_mosaic_12_period__2026__27648_-369664,olmoearth_v1_2_base,legacy_timestamps,a8990ea7792efd1d3dd380081ff3553800f528644052bb5765031b3885c266e1,not_run
legacy_mosaic_12_period__2026__27648_-370688,olmoearth_v1_base,legacy_timestamps,6a07bb76efe6bdccf581cf6b6817a7fa76ff81da9af24486d2c4468f2a9d748f,not_run
legacy_mosaic_12_period__2026__27648_-370688,olmoearth_v1_2_base,legacy_timestamps,6a07bb76efe6bdccf581cf6b6817a7fa76ff81da9af24486d2c4468f2a9d748f,not_run
legacy_mosaic_12_period__2026__27648_-371712,olmoearth_v1_base,legacy_timestamps,a756f611b94b1b8739b045eed8eea5dda18b1522ef6b29f1a1ad397e7f79a1f7,not_run
legacy_mosaic_12_period__2026__27648_-371712,olmoearth_v1_2_base,legacy_timestamps,a756f611b94b1b8739b045eed8eea5dda18b1522ef6b29f1a1ad397e7f79a1f7,not_run
legacy_mosaic_12_period__2026__27648_-372736,olmoearth_v1_base,legacy_timestamps,b7100e3a3744e8d1b264bc96b17cd846feedc1c3669904db4b595b504f552b63,not_run
legacy_mosaic_12_period__2026__27648_-372736,olmoearth_v1_2_base,legacy_timestamps,b7100e3a3744e8d1b264bc96b17cd846feedc1c3669904db4b595b504f552b63,not_run
legacy_mosaic_12_period__2026__28672_-367616,olmoearth_v1_base,legacy_timestamps,0d9ba173539f3f034d18f0f4d4fb9bee31aa5c0ee14cc280ac6ccb584550263c,not_run
legacy_mosaic_12_period__2026__28672_-367616,olmoearth_v1_2_base,legacy_timestamps,0d9ba173539f3f034d18f0f4d4fb9bee31aa5c0ee14cc280ac6ccb584550263c,not_run
legacy_mosaic_12_period__2026__28672_-368640,olmoearth_v1_base,legacy_timestamps,ca584ae12b9a1d44449f3bcdde0a88fbce6a3f2a488e53622cb7a90500a59e59,not_run
legacy_mosaic_12_period__2026__28672_-368640,olmoearth_v1_2_base,legacy_timestamps,ca584ae12b9a1d44449f3bcdde0a88fbce6a3f2a488e53622cb7a90500a59e59,not_run
legacy_mosaic_12_period__2026__28672_-369664,olmoearth_v1_base,legacy_timestamps,367ce0c231b68c9b05e17110768ea28d2b4c6e86d33b6447e147f84e74a6cd36,not_run
legacy_mosaic_12_period__2026__28672_-369664,olmoearth_v1_2_base,legacy_timestamps,367ce0c231b68c9b05e17110768ea28d2b4c6e86d33b6447e147f84e74a6cd36,not_run
legacy_mosaic_12_period__2026__28672_-370688,olmoearth_v1_base,legacy_timestamps,776e1bf6c2a79ec56d2434c5a1037621efdf6e59c9f4991e5338d9086774cfc9,not_run
legacy_mosaic_12_period__2026__28672_-370688,olmoearth_v1_2_base,legacy_timestamps,776e1bf6c2a79ec56d2434c5a1037621efdf6e59c9f4991e5338d9086774cfc9,not_run
legacy_mosaic_12_period__2026__28672_-371712,olmoearth_v1_base,legacy_timestamps,6b94f3c1c54ec6f6856a7fe82b121e223c34422e0b4ccf6636afc5a0e258dc65,not_run
legacy_mosaic_12_period__2026__28672_-371712,olmoearth_v1_2_base,legacy_timestamps,6b94f3c1c54ec6f6856a7fe82b121e223c34422e0b4ccf6636afc5a0e258dc65,not_run
legacy_mosaic_12_period__2026__28672_-372736,olmoearth_v1_base,legacy_timestamps,854c3eb95a8eb51695bfd9506667c70b204ae27006c3ba2d2721545cfa008673,not_run
legacy_mosaic_12_period__2026__28672_-372736,olmoearth_v1_2_base,legacy_timestamps,854c3eb95a8eb51695bfd9506667c70b204ae27006c3ba2d2721545cfa008673,not_run
legacy_mosaic_12_period__2026__29696_-367616,olmoearth_v1_base,legacy_timestamps,fde7b117d2eca6795d3c12a0a9c09b2716710615e7b59e44fed9fde458faa5ae,not_run
legacy_mosaic_12_period__2026__29696_-367616,olmoearth_v1_2_base,legacy_timestamps,fde7b117d2eca6795d3c12a0a9c09b2716710615e7b59e44fed9fde458faa5ae,not_run
legacy_mosaic_12_period__2026__29696_-368640,olmoearth_v1_base,legacy_timestamps,f928b0cac68644f1959f05cf684c5c086ed299b2cee1548bba94ac42cdf7dbf3,not_run
legacy_mosaic_12_period__2026__29696_-368640,olmoearth_v1_2_base,legacy_timestamps,f928b0cac68644f1959f05cf684c5c086ed299b2cee1548bba94ac42cdf7dbf3,not_run
legacy_mosaic_12_period__2026__29696_-369664,olmoearth_v1_base,legacy_timestamps,d2f7189d767f74fcb8af3cf0bb83870ca5ec10d2abd6dbe86cf3fc9881904da8,not_run
legacy_mosaic_12_period__2026__29696_-369664,olmoearth_v1_2_base,legacy_timestamps,d2f7189d767f74fcb8af3cf0bb83870ca5ec10d2abd6dbe86cf3fc9881904da8,not_run
legacy_mosaic_12_period__2026__29696_-370688,olmoearth_v1_base,legacy_timestamps,59556245ab7e048724cb311dd128969d5ae599b34171cbf864535bd7d103d52b,not_run
legacy_mosaic_12_period__2026__29696_-370688,olmoearth_v1_2_base,legacy_timestamps,59556245ab7e048724cb311dd128969d5ae599b34171cbf864535bd7d103d52b,not_run
legacy_mosaic_12_period__2026__29696_-371712,olmoearth_v1_base,legacy_timestamps,95f0dc574f8f4f8628639cbeb3cada483b0e869dff21ccf23b7dff8619bfd94c,not_run
legacy_mosaic_12_period__2026__29696_-371712,olmoearth_v1_2_base,legacy_timestamps,95f0dc574f8f4f8628639cbeb3cada483b0e869dff21ccf23b7dff8619bfd94c,not_run
legacy_mosaic_12_period__2026__29696_-372736,olmoearth_v1_base,legacy_timestamps,8d140407c53147ec8f20c1654accfcac872b583c24091fc44e6fc05239b734ae,not_run
legacy_mosaic_12_period__2026__29696_-372736,olmoearth_v1_2_base,legacy_timestamps,8d140407c53147ec8f20c1654accfcac872b583c24091fc44e6fc05239b734ae,not_run
legacy_mosaic_12_period__2026__30720_-367616,olmoearth_v1_base,legacy_timestamps,5a29ed92aa5d2e5c090e6b49bc055f7bcd9c37e6be862b18d4f9f65ea2732294,not_run
legacy_mosaic_12_period__2026__30720_-367616,olmoearth_v1_2_base,legacy_timestamps,5a29ed92aa5d2e5c090e6b49bc055f7bcd9c37e6be862b18d4f9f65ea2732294,not_run
legacy_mosaic_12_period__2026__30720_-368640,olmoearth_v1_base,legacy_timestamps,8f1560805e905010d4b57f4ae37baa2aa15f25cf3462593fc8d132d5af46098d,not_run
legacy_mosaic_12_period__2026__30720_-368640,olmoearth_v1_2_base,legacy_timestamps,8f1560805e905010d4b57f4ae37baa2aa15f25cf3462593fc8d132d5af46098d,not_run
legacy_mosaic_12_period__2026__30720_-369664,olmoearth_v1_base,legacy_timestamps,37b1070673cd7c2b3f07be66e9c92e6fa1d4fba475a312cd68a4feefc44bfd83,not_run
legacy_mosaic_12_period__2026__30720_-369664,olmoearth_v1_2_base,legacy_timestamps,37b1070673cd7c2b3f07be66e9c92e6fa1d4fba475a312cd68a4feefc44bfd83,not_run
legacy_mosaic_12_period__2026__30720_-370688,olmoearth_v1_base,legacy_timestamps,8fd3b7606e0f577f8111393425f15e5e7fd5687f8b0c885d071d5594d3eaa1d0,not_run
legacy_mosaic_12_period__2026__30720_-370688,olmoearth_v1_2_base,legacy_timestamps,8fd3b7606e0f577f8111393425f15e5e7fd5687f8b0c885d071d5594d3eaa1d0,not_run
legacy_mosaic_12_period__2026__30720_-371712,olmoearth_v1_base,legacy_timestamps,e56ada4e57a482a6541755942ee6b9a944c89c3cb0959388747c1e7523aae72b,not_run
legacy_mosaic_12_period__2026__30720_-371712,olmoearth_v1_2_base,legacy_timestamps,e56ada4e57a482a6541755942ee6b9a944c89c3cb0959388747c1e7523aae72b,not_run
legacy_mosaic_12_period__2026__30720_-372736,olmoearth_v1_base,legacy_timestamps,302e6f6666d1ae2e9e4ace37311b013ab9ee70a95f28e4b2202de7cb03d63912,not_run
legacy_mosaic_12_period__2026__30720_-372736,olmoearth_v1_2_base,legacy_timestamps,302e6f6666d1ae2e9e4ace37311b013ab9ee70a95f28e4b2202de7cb03d63912,not_run
